Password fields present on an insecure (http://) page. This is a security risk that allows user login credentials to be stolen. 192.168.238.31:5000
[socket] auth_success 
Object { userId: "699bbdfbf62b06018225b91a" }
PagePreviewApp-NuWdTQlt.js:3:118350
[socket] full_state received: 
Object { gridId: "6a14d735cf225ef64d2327c2", grid: {…}, modules: (618) […], occurrences: (615) […], fields: (123) […], manifests: (2) […], views: (7) […], folders: (27) […], operations: (67) […], grids: (1) […] }
PagePreviewApp-NuWdTQlt.js:3:111411
[full_state-client] +2ms reducer dispatched (615 occs, 618 mods) PagePreviewApp-NuWdTQlt.js:3:111331
[full_state-client] runMatchingOperations: 488ms — 67 ops, 292 effects, 0 display updates PagePreviewApp-NuWdTQlt.js:3:113604
[op-fire] depth=1 MeasureOp occ=wjUOkT5W 4 PagePreviewApp-NuWdTQlt.js:3:128547
[op-fire] depth=1 MeasureOp occ=_kwgd68F 4 PagePreviewApp-NuWdTQlt.js:3:128547
[op-fire] depth=1 MeasureOp occ=IBNjP8EU 2 PagePreviewApp-NuWdTQlt.js:3:128547
[op-fire] depth=1 MeasureOp occ=rHXL9EnQ 3 PagePreviewApp-NuWdTQlt.js:3:128547
[op-fire] depth=1 MeasureOp occ=rJxpUdKJ PagePreviewApp-NuWdTQlt.js:3:128547
[op-fire] depth=1 MeasureOp occ=9c15xuwH PagePreviewApp-NuWdTQlt.js:3:128547
[op-fire] depth=1 MeasureOp occ=ykAqhiFs PagePreviewApp-NuWdTQlt.js:3:128547
[op-fire] depth=1 MeasureOp occ=WZpxrPSP PagePreviewApp-NuWdTQlt.js:3:128547
[op-fire] depth=1 MeasureOp occ=kTY2Q5jl PagePreviewApp-NuWdTQlt.js:3:128547
[op-fire] depth=1 MeasureOp occ=9_HOLUEb PagePreviewApp-NuWdTQlt.js:3:128547
[op-fire] depth=1 MeasureOp occ=VoCTFftI PagePreviewApp-NuWdTQlt.js:3:128547
[op-fire] depth=1 MeasureOp occ=DLR3hi84 PagePreviewApp-NuWdTQlt.js:3:128547
[op-fire] depth=1 MeasureOp occ=gOk1P8uv PagePreviewApp-NuWdTQlt.js:3:128547
[op-fire] depth=1 MeasureOp occ=XlJHOwXh PagePreviewApp-NuWdTQlt.js:3:128547
[op-fire] depth=1 MeasureOp occ=Ro9f5MMD PagePreviewApp-NuWdTQlt.js:3:128547
[op-fire] depth=1 MeasureOp occ=jjda4cXM PagePreviewApp-NuWdTQlt.js:3:128547
[op-effects] depth=1 "Net Worth" UPDATE_ITEM_FIELD=1 PagePreviewApp-NuWdTQlt.js:3:129123
[op-fire] depth=2 MeasureOp occ=KCgrKzkD PagePreviewApp-NuWdTQlt.js:3:128547
[op-fire-done] depth=1 MeasureOp 8ms total=1 display=0 PagePreviewApp-NuWdTQlt.js:3:129376
[op-fire] depth=1 MeasureOp occ=Vzmzq_hv PagePreviewApp-NuWdTQlt.js:3:128547
[op-effects] depth=1 "Net Worth" UPDATE_ITEM_FIELD=1 PagePreviewApp-NuWdTQlt.js:3:129123
[op-fire-done] depth=1 MeasureOp 7ms total=1 display=0 PagePreviewApp-NuWdTQlt.js:3:129376
[op-fire] depth=1 MeasureOp occ=loXjThpB PagePreviewApp-NuWdTQlt.js:3:128547
[op-fire] depth=1 MeasureOp occ=DtPekQD9 PagePreviewApp-NuWdTQlt.js:3:128547
[op-fire] depth=1 MeasureOp occ=xNfZrPqj 2 PagePreviewApp-NuWdTQlt.js:3:128547
[op-fire] depth=1 MeasureOp occ=_kwgd68F 2 PagePreviewApp-NuWdTQlt.js:3:128547
[op-fire] depth=1 MeasureOp occ=wjUOkT5W 2 PagePreviewApp-NuWdTQlt.js:3:128547
[op-fire] depth=1 MeasureOp occ=rJxpUdKJ 2 PagePreviewApp-NuWdTQlt.js:3:128547
[op-fire] depth=1 MeasureOp occ=rHXL9EnQ 2 PagePreviewApp-NuWdTQlt.js:3:128547
[op-fire] depth=1 MeasureOp occ=IBNjP8EU 2 PagePreviewApp-NuWdTQlt.js:3:128547
[op-fire] depth=1 MeasureOp occ=e56fQpS8 PagePreviewApp-NuWdTQlt.js:3:128547
[op-effects] depth=1 "Checking Balance" UPDATE_ITEM_FIELD=1 PagePreviewApp-NuWdTQlt.js:3:129123
[op-effects] depth=1 "Mom's Account Balance" UPDATE_ITEM_FIELD=1 PagePreviewApp-NuWdTQlt.js:3:129123
[op-effects] depth=1 "Purchase History" UPDATE_ITEM_FIELD=2 PagePreviewApp-NuWdTQlt.js:3:129123
[op-effects] depth=1 "Total Subscriptions" UPDATE_ITEM_FIELD=1 PagePreviewApp-NuWdTQlt.js:3:129123
[op-effects] depth=1 "Monthly Bills" UPDATE_ITEM_FIELD=1 PagePreviewApp-NuWdTQlt.js:3:129123
[op-fire] depth=2 MeasureOp occ=-CbrHi2t PagePreviewApp-NuWdTQlt.js:3:128547
[op-fire-done] depth=1 MeasureOp 32ms total=6 display=0 PagePreviewApp-NuWdTQlt.js:3:129376
[full_state-client] applied effects in 71ms PagePreviewApp-NuWdTQlt.js:3:113802
[table] 
Object { occId: "mdWuMm4oT3vP", label: "Schedule Table", rowCount: 0, columns: 4, cellsPersisted: 0, hasMetaTable: true }
PagePreviewApp-NuWdTQlt.js:74:59853
[op-fire] depth=1 MeasureOp — 43 PagePreviewApp-NuWdTQlt.js:3:128547
[op-fire] depth=1 OccurrenceCreateOp occ=17797509 PagePreviewApp-NuWdTQlt.js:3:128547
[op-effects] depth=1 "Schedule: Stamp Date & Time Slot" UPDATE_ITEM_FIELD=2 PagePreviewApp-NuWdTQlt.js:3:129123
[op-effects] depth=1 "Completed" UPDATE_ITEM_FIELD=1 PagePreviewApp-NuWdTQlt.js:3:129123
[op-effects] depth=1 "Task Countdown" UPDATE_ITEM_FIELD=1 PagePreviewApp-NuWdTQlt.js:3:129123
[op-effects] depth=1 "Steps" UPDATE_ITEM_FIELD=1 PagePreviewApp-NuWdTQlt.js:3:129123
[op-effects] depth=1 "Water" UPDATE_ITEM_FIELD=1 PagePreviewApp-NuWdTQlt.js:3:129123
[op-effects] depth=1 "Time Spent" UPDATE_ITEM_FIELD=1 PagePreviewApp-NuWdTQlt.js:3:129123
[op-effects] depth=1 "Pages" UPDATE_ITEM_FIELD=1 PagePreviewApp-NuWdTQlt.js:3:129123
[op-effects] depth=1 "Pomodoros Today" UPDATE_ITEM_FIELD=1 PagePreviewApp-NuWdTQlt.js:3:129123
[op-effects] depth=1 "Pomodoro Time" UPDATE_ITEM_FIELD=1 PagePreviewApp-NuWdTQlt.js:3:129123
[op-effects] depth=1 "Spent" UPDATE_ITEM_FIELD=1 PagePreviewApp-NuWdTQlt.js:3:129123
[op-effects] depth=1 "Earned" UPDATE_ITEM_FIELD=1 PagePreviewApp-NuWdTQlt.js:3:129123
[op-effects] depth=1 "Protein" UPDATE_ITEM_FIELD=1 PagePreviewApp-NuWdTQlt.js:3:129123
[op-effects] depth=1 "Carbs" UPDATE_ITEM_FIELD=1 PagePreviewApp-NuWdTQlt.js:3:129123
[op-effects] depth=1 "Fats" UPDATE_ITEM_FIELD=1 PagePreviewApp-NuWdTQlt.js:3:129123
[op-effects] depth=1 "Total Reps" UPDATE_ITEM_FIELD=1 PagePreviewApp-NuWdTQlt.js:3:129123
[op-effects] depth=1 "Chest Volume" UPDATE_ITEM_FIELD=1 PagePreviewApp-NuWdTQlt.js:3:129123
[op-effects] depth=1 "Back Volume" UPDATE_ITEM_FIELD=1 PagePreviewApp-NuWdTQlt.js:3:129123
[op-effects] depth=1 "Legs Volume" UPDATE_ITEM_FIELD=1 PagePreviewApp-NuWdTQlt.js:3:129123
[op-effects] depth=1 "Shoulders Volume" UPDATE_ITEM_FIELD=1 PagePreviewApp-NuWdTQlt.js:3:129123
[op-effects] depth=1 "Arms Volume" UPDATE_ITEM_FIELD=1 PagePreviewApp-NuWdTQlt.js:3:129123
[op-effects] depth=1 "Cardio Volume" UPDATE_ITEM_FIELD=1 PagePreviewApp-NuWdTQlt.js:3:129123
[op-effects] depth=1 "Breakfast Nutrition" UPDATE_ITEM_FIELD=1 PagePreviewApp-NuWdTQlt.js:3:129123
[op-effects] depth=1 "Lunch Nutrition" UPDATE_ITEM_FIELD=1 PagePreviewApp-NuWdTQlt.js:3:129123
[op-effects] depth=1 "Dinner Nutrition" UPDATE_ITEM_FIELD=1 PagePreviewApp-NuWdTQlt.js:3:129123
[op-effects] depth=1 "Snack Nutrition" UPDATE_ITEM_FIELD=1 PagePreviewApp-NuWdTQlt.js:3:129123
[op-effects] depth=1 "Checking Balance" UPDATE_ITEM_FIELD=1 PagePreviewApp-NuWdTQlt.js:3:129123
[op-effects] depth=1 "Mom's Account Balance" UPDATE_ITEM_FIELD=1 PagePreviewApp-NuWdTQlt.js:3:129123
[op-effects] depth=1 "Total Workouts" UPDATE_ITEM_FIELD=1 PagePreviewApp-NuWdTQlt.js:3:129123
[op-effects] depth=1 "Total Reading Time" UPDATE_ITEM_FIELD=1 PagePreviewApp-NuWdTQlt.js:3:129123
[op-effects] depth=1 "Completion Rate" UPDATE_ITEM_FIELD=1 PagePreviewApp-NuWdTQlt.js:3:129123
[op-effects] depth=1 "Time Spent This Week" UPDATE_ITEM_FIELD=1 PagePreviewApp-NuWdTQlt.js:3:129123
[op-effects] depth=1 "Pomodoro History" UPDATE_ITEM_FIELD=2 PagePreviewApp-NuWdTQlt.js:3:129123
[op-effects] depth=1 "Current Streak" UPDATE_ITEM_FIELD=2 PagePreviewApp-NuWdTQlt.js:3:129123
[op-effects] depth=1 "Workout History" UPDATE_ITEM_FIELD=2 PagePreviewApp-NuWdTQlt.js:3:129123
[op-effects] depth=1 "Meal History" UPDATE_ITEM_FIELD=2 PagePreviewApp-NuWdTQlt.js:3:129123
[op-effects] depth=1 "Purchase History" UPDATE_ITEM_FIELD=2 PagePreviewApp-NuWdTQlt.js:3:129123
[op-effects] depth=1 "Day Page: Build Tasks Completed" UPDATE_ITEM_TEXTMAP=1 PagePreviewApp-NuWdTQlt.js:3:129123
[op-effects] depth=1 "Total Subscriptions" UPDATE_ITEM_FIELD=1 PagePreviewApp-NuWdTQlt.js:3:129123
[op-effects] depth=1 "Monthly Bills" UPDATE_ITEM_FIELD=1 PagePreviewApp-NuWdTQlt.js:3:129123
[op-effects] depth=1 "Table: Build" DELETE_ITEM=6 CREATE_ITEM=7 UPDATE_OCCURRENCE=7 UPDATE_ITEM_META=2 PagePreviewApp-NuWdTQlt.js:3:129123
[op-effects] depth=1 "Canvas: Build" CREATE_ITEM=1 UPDATE_ITEM_META=2 PagePreviewApp-NuWdTQlt.js:3:129123
[op-effects] depth=1 "People Table: Build" UPDATE_ITEM_META=1 PagePreviewApp-NuWdTQlt.js:3:129123
[op-fire] depth=2 MeasureOp occ=17797509 PagePreviewApp-NuWdTQlt.js:3:128547
[op-effects] depth=2 "Schedule: Route by Timeslot" MOVE_OCCURRENCE=1 PagePreviewApp-NuWdTQlt.js:3:129123
[op-fire-done] depth=2 MeasureOp 5ms total=1 display=0 PagePreviewApp-NuWdTQlt.js:3:129376
[op-fire] depth=2 MeasureOp occ=17797509 PagePreviewApp-NuWdTQlt.js:3:128547
[op-fire] depth=2 OccurrenceDeleteOp occ=a210504d PagePreviewApp-NuWdTQlt.js:3:128547
[op-fire] depth=2 OccurrenceDeleteOp occ=ea8d855b PagePreviewApp-NuWdTQlt.js:3:128547
[op-fire] depth=2 OccurrenceDeleteOp occ=96377e75 PagePreviewApp-NuWdTQlt.js:3:128547
[op-fire] depth=2 OccurrenceDeleteOp occ=45361156 PagePreviewApp-NuWdTQlt.js:3:128547
[op-fire] depth=2 OccurrenceDeleteOp occ=057762f3 PagePreviewApp-NuWdTQlt.js:3:128547
[op-fire] depth=2 OccurrenceDeleteOp occ=18922e4c PagePreviewApp-NuWdTQlt.js:3:128547
[op-fire-done] depth=1 OccurrenceCreateOp 636ms total=71 display=11 PagePreviewApp-NuWdTQlt.js:3:129376
[op-fire] depth=1 MeasureOp occ=17797509 PagePreviewApp-NuWdTQlt.js:3:128547
[op-effects] depth=1 "Table: Build" DELETE_ITEM=13 CREATE_ITEM=7 UPDATE_OCCURRENCE=7 UPDATE_ITEM_META=2 PagePreviewApp-NuWdTQlt.js:3:129123
[op-fire] depth=2 OccurrenceDeleteOp occ=a210504d PagePreviewApp-NuWdTQlt.js:3:128547
[op-effects] depth=2 "Completed" UPDATE_ITEM_FIELD=1 PagePreviewApp-NuWdTQlt.js:3:129123
[op-effects] depth=2 "Task Countdown" UPDATE_ITEM_FIELD=1 PagePreviewApp-NuWdTQlt.js:3:129123
[op-effects] depth=2 "Steps" UPDATE_ITEM_FIELD=1 PagePreviewApp-NuWdTQlt.js:3:129123
[op-effects] depth=2 "Water" UPDATE_ITEM_FIELD=1 PagePreviewApp-NuWdTQlt.js:3:129123
[op-effects] depth=2 "Time Spent" UPDATE_ITEM_FIELD=1 PagePreviewApp-NuWdTQlt.js:3:129123
[op-effects] depth=2 "Pages" UPDATE_ITEM_FIELD=1 PagePreviewApp-NuWdTQlt.js:3:129123
[op-effects] depth=2 "Pomodoros Today" UPDATE_ITEM_FIELD=1 PagePreviewApp-NuWdTQlt.js:3:129123
[op-effects] depth=2 "Pomodoro Time" UPDATE_ITEM_FIELD=1 PagePreviewApp-NuWdTQlt.js:3:129123
[op-effects] depth=2 "Spent" UPDATE_ITEM_FIELD=1 PagePreviewApp-NuWdTQlt.js:3:129123
[op-effects] depth=2 "Earned" UPDATE_ITEM_FIELD=1 PagePreviewApp-NuWdTQlt.js:3:129123
[op-effects] depth=2 "Protein" UPDATE_ITEM_FIELD=1 PagePreviewApp-NuWdTQlt.js:3:129123
[op-effects] depth=2 "Carbs" UPDATE_ITEM_FIELD=1 PagePreviewApp-NuWdTQlt.js:3:129123
[op-effects] depth=2 "Fats" UPDATE_ITEM_FIELD=1 PagePreviewApp-NuWdTQlt.js:3:129123
[op-effects] depth=2 "Total Reps" UPDATE_ITEM_FIELD=1 PagePreviewApp-NuWdTQlt.js:3:129123
[op-effects] depth=2 "Chest Volume" UPDATE_ITEM_FIELD=1 PagePreviewApp-NuWdTQlt.js:3:129123
[op-effects] depth=2 "Back Volume" UPDATE_ITEM_FIELD=1 PagePreviewApp-NuWdTQlt.js:3:129123
[op-effects] depth=2 "Legs Volume" UPDATE_ITEM_FIELD=1 PagePreviewApp-NuWdTQlt.js:3:129123
[op-effects] depth=2 "Shoulders Volume" UPDATE_ITEM_FIELD=1 PagePreviewApp-NuWdTQlt.js:3:129123
[op-effects] depth=2 "Arms Volume" UPDATE_ITEM_FIELD=1 PagePreviewApp-NuWdTQlt.js:3:129123
[op-effects] depth=2 "Cardio Volume" UPDATE_ITEM_FIELD=1 PagePreviewApp-NuWdTQlt.js:3:129123
[op-effects] depth=2 "Breakfast Nutrition" UPDATE_ITEM_FIELD=1 PagePreviewApp-NuWdTQlt.js:3:129123
[op-effects] depth=2 "Lunch Nutrition" UPDATE_ITEM_FIELD=1 PagePreviewApp-NuWdTQlt.js:3:129123
[op-effects] depth=2 "Dinner Nutrition" UPDATE_ITEM_FIELD=1 PagePreviewApp-NuWdTQlt.js:3:129123
[op-effects] depth=2 "Snack Nutrition" UPDATE_ITEM_FIELD=1 PagePreviewApp-NuWdTQlt.js:3:129123
[op-effects] depth=2 "Checking Balance" UPDATE_ITEM_FIELD=1 PagePreviewApp-NuWdTQlt.js:3:129123
[op-effects] depth=2 "Mom's Account Balance" UPDATE_ITEM_FIELD=1 PagePreviewApp-NuWdTQlt.js:3:129123
[op-effects] depth=2 "Total Workouts" UPDATE_ITEM_FIELD=1 PagePreviewApp-NuWdTQlt.js:3:129123
[op-effects] depth=2 "Total Reading Time" UPDATE_ITEM_FIELD=1 PagePreviewApp-NuWdTQlt.js:3:129123
[op-effects] depth=2 "Completion Rate" UPDATE_ITEM_FIELD=1 PagePreviewApp-NuWdTQlt.js:3:129123
[op-effects] depth=2 "Time Spent This Week" UPDATE_ITEM_FIELD=1 PagePreviewApp-NuWdTQlt.js:3:129123
[op-effects] depth=2 "Pomodoro History" UPDATE_ITEM_FIELD=2 PagePreviewApp-NuWdTQlt.js:3:129123
[op-effects] depth=2 "Current Streak" UPDATE_ITEM_FIELD=2 PagePreviewApp-NuWdTQlt.js:3:129123
[op-effects] depth=2 "Workout History" UPDATE_ITEM_FIELD=2 PagePreviewApp-NuWdTQlt.js:3:129123
[op-effects] depth=2 "Meal History" UPDATE_ITEM_FIELD=2 PagePreviewApp-NuWdTQlt.js:3:129123
[op-effects] depth=2 "Purchase History" UPDATE_ITEM_FIELD=2 PagePreviewApp-NuWdTQlt.js:3:129123
[op-effects] depth=2 "Day Page: Build Tasks Completed" UPDATE_ITEM_TEXTMAP=1 PagePreviewApp-NuWdTQlt.js:3:129123
[op-effects] depth=2 "Total Subscriptions" UPDATE_ITEM_FIELD=1 PagePreviewApp-NuWdTQlt.js:3:129123
[op-effects] depth=2 "Monthly Bills" UPDATE_ITEM_FIELD=1 PagePreviewApp-NuWdTQlt.js:3:129123
[op-effects] depth=2 "Canvas: Build" DELETE_ITEM=7 CREATE_ITEM=7 UPDATE_OCCURRENCE=7 UPDATE_ITEM_META=14 PagePreviewApp-NuWdTQlt.js:3:129123
[op-effects] depth=2 "People Table: Build" UPDATE_ITEM_META=1 PagePreviewApp-NuWdTQlt.js:3:129123
[op-fire-done] depth=2 OccurrenceDeleteOp 509ms total=79 display=0 PagePreviewApp-NuWdTQlt.js:3:129376
[op-fire] depth=2 OccurrenceDeleteOp occ=ea8d855b PagePreviewApp-NuWdTQlt.js:3:128547
[op-effects] depth=2 "Completed" UPDATE_ITEM_FIELD=1 PagePreviewApp-NuWdTQlt.js:3:129123
[op-effects] depth=2 "Task Countdown" UPDATE_ITEM_FIELD=1 PagePreviewApp-NuWdTQlt.js:3:129123
[op-effects] depth=2 "Steps" UPDATE_ITEM_FIELD=1 PagePreviewApp-NuWdTQlt.js:3:129123
[op-effects] depth=2 "Water" UPDATE_ITEM_FIELD=1 PagePreviewApp-NuWdTQlt.js:3:129123
[op-effects] depth=2 "Time Spent" UPDATE_ITEM_FIELD=1 PagePreviewApp-NuWdTQlt.js:3:129123
[op-effects] depth=2 "Pages" UPDATE_ITEM_FIELD=1 PagePreviewApp-NuWdTQlt.js:3:129123
[op-effects] depth=2 "Pomodoros Today" UPDATE_ITEM_FIELD=1 PagePreviewApp-NuWdTQlt.js:3:129123
[op-effects] depth=2 "Pomodoro Time" UPDATE_ITEM_FIELD=1 PagePreviewApp-NuWdTQlt.js:3:129123
[op-effects] depth=2 "Spent" UPDATE_ITEM_FIELD=1 PagePreviewApp-NuWdTQlt.js:3:129123
[op-effects] depth=2 "Earned" UPDATE_ITEM_FIELD=1 PagePreviewApp-NuWdTQlt.js:3:129123
[op-effects] depth=2 "Protein" UPDATE_ITEM_FIELD=1 PagePreviewApp-NuWdTQlt.js:3:129123
[op-effects] depth=2 "Carbs" UPDATE_ITEM_FIELD=1 PagePreviewApp-NuWdTQlt.js:3:129123
[op-effects] depth=2 "Fats" UPDATE_ITEM_FIELD=1 PagePreviewApp-NuWdTQlt.js:3:129123
[op-effects] depth=2 "Total Reps" UPDATE_ITEM_FIELD=1 PagePreviewApp-NuWdTQlt.js:3:129123
[op-effects] depth=2 "Chest Volume" UPDATE_ITEM_FIELD=1 PagePreviewApp-NuWdTQlt.js:3:129123
[op-effects] depth=2 "Back Volume" UPDATE_ITEM_FIELD=1 PagePreviewApp-NuWdTQlt.js:3:129123
[op-effects] depth=2 "Legs Volume" UPDATE_ITEM_FIELD=1 PagePreviewApp-NuWdTQlt.js:3:129123
[op-effects] depth=2 "Shoulders Volume" UPDATE_ITEM_FIELD=1 PagePreviewApp-NuWdTQlt.js:3:129123
[op-effects] depth=2 "Arms Volume" UPDATE_ITEM_FIELD=1 PagePreviewApp-NuWdTQlt.js:3:129123
[op-effects] depth=2 "Cardio Volume" UPDATE_ITEM_FIELD=1 PagePreviewApp-NuWdTQlt.js:3:129123
[op-effects] depth=2 "Breakfast Nutrition" UPDATE_ITEM_FIELD=1 PagePreviewApp-NuWdTQlt.js:3:129123
[op-effects] depth=2 "Lunch Nutrition" UPDATE_ITEM_FIELD=1 PagePreviewApp-NuWdTQlt.js:3:129123
[op-effects] depth=2 "Dinner Nutrition" UPDATE_ITEM_FIELD=1 PagePreviewApp-NuWdTQlt.js:3:129123
[op-effects] depth=2 "Snack Nutrition" UPDATE_ITEM_FIELD=1 PagePreviewApp-NuWdTQlt.js:3:129123
[op-effects] depth=2 "Checking Balance" UPDATE_ITEM_FIELD=1 PagePreviewApp-NuWdTQlt.js:3:129123
[op-effects] depth=2 "Mom's Account Balance" UPDATE_ITEM_FIELD=1 PagePreviewApp-NuWdTQlt.js:3:129123
[op-effects] depth=2 "Total Workouts" UPDATE_ITEM_FIELD=1 PagePreviewApp-NuWdTQlt.js:3:129123
[op-effects] depth=2 "Total Reading Time" UPDATE_ITEM_FIELD=1 PagePreviewApp-NuWdTQlt.js:3:129123
[op-effects] depth=2 "Completion Rate" UPDATE_ITEM_FIELD=1 PagePreviewApp-NuWdTQlt.js:3:129123
[op-effects] depth=2 "Time Spent This Week" UPDATE_ITEM_FIELD=1 PagePreviewApp-NuWdTQlt.js:3:129123
[op-effects] depth=2 "Pomodoro History" UPDATE_ITEM_FIELD=2 PagePreviewApp-NuWdTQlt.js:3:129123
[op-effects] depth=2 "Current Streak" UPDATE_ITEM_FIELD=2 PagePreviewApp-NuWdTQlt.js:3:129123
[op-effects] depth=2 "Workout History" UPDATE_ITEM_FIELD=2 PagePreviewApp-NuWdTQlt.js:3:129123
[op-effects] depth=2 "Meal History" UPDATE_ITEM_FIELD=2 PagePreviewApp-NuWdTQlt.js:3:129123
[op-effects] depth=2 "Purchase History" UPDATE_ITEM_FIELD=2 PagePreviewApp-NuWdTQlt.js:3:129123
[op-effects] depth=2 "Day Page: Build Tasks Completed" UPDATE_ITEM_TEXTMAP=1 PagePreviewApp-NuWdTQlt.js:3:129123
[op-effects] depth=2 "Total Subscriptions" UPDATE_ITEM_FIELD=1 PagePreviewApp-NuWdTQlt.js:3:129123
[op-effects] depth=2 "Monthly Bills" UPDATE_ITEM_FIELD=1 PagePreviewApp-NuWdTQlt.js:3:129123
[op-effects] depth=2 "Canvas: Build" DELETE_ITEM=13 CREATE_ITEM=7 UPDATE_OCCURRENCE=7 UPDATE_ITEM_META=14 PagePreviewApp-NuWdTQlt.js:3:129123
[op-effects] depth=2 "People Table: Build" UPDATE_ITEM_META=1 PagePreviewApp-NuWdTQlt.js:3:129123
[op-fire-done] depth=2 OccurrenceDeleteOp 768ms total=85 display=0 PagePreviewApp-NuWdTQlt.js:3:129376
[op-fire] depth=2 OccurrenceDeleteOp occ=96377e75 PagePreviewApp-NuWdTQlt.js:3:128547
[op-effects] depth=2 "Completed" UPDATE_ITEM_FIELD=1 PagePreviewApp-NuWdTQlt.js:3:129123
[op-effects] depth=2 "Task Countdown" UPDATE_ITEM_FIELD=1 PagePreviewApp-NuWdTQlt.js:3:129123
[op-effects] depth=2 "Steps" UPDATE_ITEM_FIELD=1 PagePreviewApp-NuWdTQlt.js:3:129123
[op-effects] depth=2 "Water" UPDATE_ITEM_FIELD=1 PagePreviewApp-NuWdTQlt.js:3:129123
[op-effects] depth=2 "Time Spent" UPDATE_ITEM_FIELD=1 PagePreviewApp-NuWdTQlt.js:3:129123
[op-effects] depth=2 "Pages" UPDATE_ITEM_FIELD=1 PagePreviewApp-NuWdTQlt.js:3:129123
[op-effects] depth=2 "Pomodoros Today" UPDATE_ITEM_FIELD=1 PagePreviewApp-NuWdTQlt.js:3:129123
[op-effects] depth=2 "Pomodoro Time" UPDATE_ITEM_FIELD=1 PagePreviewApp-NuWdTQlt.js:3:129123
[op-effects] depth=2 "Spent" UPDATE_ITEM_FIELD=1 PagePreviewApp-NuWdTQlt.js:3:129123
[op-effects] depth=2 "Earned" UPDATE_ITEM_FIELD=1 PagePreviewApp-NuWdTQlt.js:3:129123
[op-effects] depth=2 "Protein" UPDATE_ITEM_FIELD=1 PagePreviewApp-NuWdTQlt.js:3:129123
[op-effects] depth=2 "Carbs" UPDATE_ITEM_FIELD=1 PagePreviewApp-NuWdTQlt.js:3:129123
[op-effects] depth=2 "Fats" UPDATE_ITEM_FIELD=1 PagePreviewApp-NuWdTQlt.js:3:129123
[op-effects] depth=2 "Total Reps" UPDATE_ITEM_FIELD=1 PagePreviewApp-NuWdTQlt.js:3:129123
[op-effects] depth=2 "Chest Volume" UPDATE_ITEM_FIELD=1 PagePreviewApp-NuWdTQlt.js:3:129123
[op-effects] depth=2 "Back Volume" UPDATE_ITEM_FIELD=1 PagePreviewApp-NuWdTQlt.js:3:129123
[op-effects] depth=2 "Legs Volume" UPDATE_ITEM_FIELD=1 PagePreviewApp-NuWdTQlt.js:3:129123
[op-effects] depth=2 "Shoulders Volume" UPDATE_ITEM_FIELD=1 PagePreviewApp-NuWdTQlt.js:3:129123
[op-effects] depth=2 "Arms Volume" UPDATE_ITEM_FIELD=1 PagePreviewApp-NuWdTQlt.js:3:129123
[op-effects] depth=2 "Cardio Volume" UPDATE_ITEM_FIELD=1 PagePreviewApp-NuWdTQlt.js:3:129123
[op-effects] depth=2 "Breakfast Nutrition" UPDATE_ITEM_FIELD=1 PagePreviewApp-NuWdTQlt.js:3:129123
[op-effects] depth=2 "Lunch Nutrition" UPDATE_ITEM_FIELD=1 PagePreviewApp-NuWdTQlt.js:3:129123
[op-effects] depth=2 "Dinner Nutrition" UPDATE_ITEM_FIELD=1 PagePreviewApp-NuWdTQlt.js:3:129123
[op-effects] depth=2 "Snack Nutrition" UPDATE_ITEM_FIELD=1 PagePreviewApp-NuWdTQlt.js:3:129123
[op-effects] depth=2 "Checking Balance" UPDATE_ITEM_FIELD=1 PagePreviewApp-NuWdTQlt.js:3:129123
[op-effects] depth=2 "Mom's Account Balance" UPDATE_ITEM_FIELD=1 PagePreviewApp-NuWdTQlt.js:3:129123
[op-effects] depth=2 "Total Workouts" UPDATE_ITEM_FIELD=1 PagePreviewApp-NuWdTQlt.js:3:129123
[op-effects] depth=2 "Total Reading Time" UPDATE_ITEM_FIELD=1 PagePreviewApp-NuWdTQlt.js:3:129123
[op-effects] depth=2 "Completion Rate" UPDATE_ITEM_FIELD=1 PagePreviewApp-NuWdTQlt.js:3:129123
[op-effects] depth=2 "Time Spent This Week" UPDATE_ITEM_FIELD=1 PagePreviewApp-NuWdTQlt.js:3:129123
[op-effects] depth=2 "Pomodoro History" UPDATE_ITEM_FIELD=2 PagePreviewApp-NuWdTQlt.js:3:129123
[op-effects] depth=2 "Current Streak" UPDATE_ITEM_FIELD=2 PagePreviewApp-NuWdTQlt.js:3:129123
[op-effects] depth=2 "Workout History" UPDATE_ITEM_FIELD=2 PagePreviewApp-NuWdTQlt.js:3:129123
[op-effects] depth=2 "Meal History" UPDATE_ITEM_FIELD=2 PagePreviewApp-NuWdTQlt.js:3:129123
[op-effects] depth=2 "Purchase History" UPDATE_ITEM_FIELD=2 PagePreviewApp-NuWdTQlt.js:3:129123
[op-effects] depth=2 "Day Page: Build Tasks Completed" UPDATE_ITEM_TEXTMAP=1 PagePreviewApp-NuWdTQlt.js:3:129123
[op-effects] depth=2 "Total Subscriptions" UPDATE_ITEM_FIELD=1 PagePreviewApp-NuWdTQlt.js:3:129123
[op-effects] depth=2 "Monthly Bills" UPDATE_ITEM_FIELD=1 PagePreviewApp-NuWdTQlt.js:3:129123
[op-effects] depth=2 "Canvas: Build" DELETE_ITEM=13 CREATE_ITEM=7 UPDATE_OCCURRENCE=7 UPDATE_ITEM_META=14 PagePreviewApp-NuWdTQlt.js:3:129123
[op-effects] depth=2 "People Table: Build" UPDATE_ITEM_META=1 PagePreviewApp-NuWdTQlt.js:3:129123
[op-fire-done] depth=2 OccurrenceDeleteOp 648ms total=85 display=0 PagePreviewApp-NuWdTQlt.js:3:129376
[op-fire] depth=2 OccurrenceDeleteOp occ=45361156 PagePreviewApp-NuWdTQlt.js:3:128547
[op-effects] depth=2 "Completed" UPDATE_ITEM_FIELD=1 PagePreviewApp-NuWdTQlt.js:3:129123
[op-effects] depth=2 "Task Countdown" UPDATE_ITEM_FIELD=1 PagePreviewApp-NuWdTQlt.js:3:129123
[op-effects] depth=2 "Steps" UPDATE_ITEM_FIELD=1 PagePreviewApp-NuWdTQlt.js:3:129123
[op-effects] depth=2 "Water" UPDATE_ITEM_FIELD=1 PagePreviewApp-NuWdTQlt.js:3:129123
[op-effects] depth=2 "Time Spent" UPDATE_ITEM_FIELD=1 PagePreviewApp-NuWdTQlt.js:3:129123
[op-effects] depth=2 "Pages" UPDATE_ITEM_FIELD=1 PagePreviewApp-NuWdTQlt.js:3:129123
[op-effects] depth=2 "Pomodoros Today" UPDATE_ITEM_FIELD=1 PagePreviewApp-NuWdTQlt.js:3:129123
[op-effects] depth=2 "Pomodoro Time" UPDATE_ITEM_FIELD=1 PagePreviewApp-NuWdTQlt.js:3:129123
[op-effects] depth=2 "Spent" UPDATE_ITEM_FIELD=1 PagePreviewApp-NuWdTQlt.js:3:129123
[op-effects] depth=2 "Earned" UPDATE_ITEM_FIELD=1 PagePreviewApp-NuWdTQlt.js:3:129123
[op-effects] depth=2 "Protein" UPDATE_ITEM_FIELD=1 PagePreviewApp-NuWdTQlt.js:3:129123
[op-effects] depth=2 "Carbs" UPDATE_ITEM_FIELD=1 PagePreviewApp-NuWdTQlt.js:3:129123
[op-effects] depth=2 "Fats" UPDATE_ITEM_FIELD=1 PagePreviewApp-NuWdTQlt.js:3:129123
[op-effects] depth=2 "Total Reps" UPDATE_ITEM_FIELD=1 PagePreviewApp-NuWdTQlt.js:3:129123
[op-effects] depth=2 "Chest Volume" UPDATE_ITEM_FIELD=1 PagePreviewApp-NuWdTQlt.js:3:129123
[op-effects] depth=2 "Back Volume" UPDATE_ITEM_FIELD=1 PagePreviewApp-NuWdTQlt.js:3:129123
[op-effects] depth=2 "Legs Volume" UPDATE_ITEM_FIELD=1 PagePreviewApp-NuWdTQlt.js:3:129123
[op-effects] depth=2 "Shoulders Volume" UPDATE_ITEM_FIELD=1 PagePreviewApp-NuWdTQlt.js:3:129123
[op-effects] depth=2 "Arms Volume" UPDATE_ITEM_FIELD=1 PagePreviewApp-NuWdTQlt.js:3:129123
[op-effects] depth=2 "Cardio Volume" UPDATE_ITEM_FIELD=1 PagePreviewApp-NuWdTQlt.js:3:129123
[op-effects] depth=2 "Breakfast Nutrition" UPDATE_ITEM_FIELD=1 PagePreviewApp-NuWdTQlt.js:3:129123
[op-effects] depth=2 "Lunch Nutrition" UPDATE_ITEM_FIELD=1 PagePreviewApp-NuWdTQlt.js:3:129123
[op-effects] depth=2 "Dinner Nutrition" UPDATE_ITEM_FIELD=1 PagePreviewApp-NuWdTQlt.js:3:129123
[op-effects] depth=2 "Snack Nutrition" UPDATE_ITEM_FIELD=1 PagePreviewApp-NuWdTQlt.js:3:129123
[op-effects] depth=2 "Checking Balance" UPDATE_ITEM_FIELD=1 PagePreviewApp-NuWdTQlt.js:3:129123
[op-effects] depth=2 "Mom's Account Balance" UPDATE_ITEM_FIELD=1 PagePreviewApp-NuWdTQlt.js:3:129123
[op-effects] depth=2 "Total Workouts" UPDATE_ITEM_FIELD=1 PagePreviewApp-NuWdTQlt.js:3:129123
[op-effects] depth=2 "Total Reading Time" UPDATE_ITEM_FIELD=1 PagePreviewApp-NuWdTQlt.js:3:129123
[op-effects] depth=2 "Completion Rate" UPDATE_ITEM_FIELD=1 PagePreviewApp-NuWdTQlt.js:3:129123
[op-effects] depth=2 "Time Spent This Week" UPDATE_ITEM_FIELD=1 PagePreviewApp-NuWdTQlt.js:3:129123
[op-effects] depth=2 "Pomodoro History" UPDATE_ITEM_FIELD=2 PagePreviewApp-NuWdTQlt.js:3:129123
[op-effects] depth=2 "Current Streak" UPDATE_ITEM_FIELD=2 PagePreviewApp-NuWdTQlt.js:3:129123
[op-effects] depth=2 "Workout History" UPDATE_ITEM_FIELD=2 PagePreviewApp-NuWdTQlt.js:3:129123
[op-effects] depth=2 "Meal History" UPDATE_ITEM_FIELD=2 PagePreviewApp-NuWdTQlt.js:3:129123
[op-effects] depth=2 "Purchase History" UPDATE_ITEM_FIELD=2 PagePreviewApp-NuWdTQlt.js:3:129123
[op-effects] depth=2 "Day Page: Build Tasks Completed" UPDATE_ITEM_TEXTMAP=1 PagePreviewApp-NuWdTQlt.js:3:129123
[op-effects] depth=2 "Total Subscriptions" UPDATE_ITEM_FIELD=1 PagePreviewApp-NuWdTQlt.js:3:129123
[op-effects] depth=2 "Monthly Bills" UPDATE_ITEM_FIELD=1 PagePreviewApp-NuWdTQlt.js:3:129123
[op-effects] depth=2 "Canvas: Build" DELETE_ITEM=13 CREATE_ITEM=7 UPDATE_OCCURRENCE=7 UPDATE_ITEM_META=14 PagePreviewApp-NuWdTQlt.js:3:129123
[op-effects] depth=2 "People Table: Build" UPDATE_ITEM_META=1 PagePreviewApp-NuWdTQlt.js:3:129123
[op-fire-done] depth=2 OccurrenceDeleteOp 749ms total=85 display=0 PagePreviewApp-NuWdTQlt.js:3:129376
[op-fire] depth=2 OccurrenceDeleteOp occ=057762f3 PagePreviewApp-NuWdTQlt.js:3:128547
[op-effects] depth=2 "Completed" UPDATE_ITEM_FIELD=1 PagePreviewApp-NuWdTQlt.js:3:129123
[op-effects] depth=2 "Task Countdown" UPDATE_ITEM_FIELD=1 PagePreviewApp-NuWdTQlt.js:3:129123
[op-effects] depth=2 "Steps" UPDATE_ITEM_FIELD=1 PagePreviewApp-NuWdTQlt.js:3:129123
[op-effects] depth=2 "Water" UPDATE_ITEM_FIELD=1 PagePreviewApp-NuWdTQlt.js:3:129123
[op-effects] depth=2 "Time Spent" UPDATE_ITEM_FIELD=1 PagePreviewApp-NuWdTQlt.js:3:129123
[op-effects] depth=2 "Pages" UPDATE_ITEM_FIELD=1 PagePreviewApp-NuWdTQlt.js:3:129123
[op-effects] depth=2 "Pomodoros Today" UPDATE_ITEM_FIELD=1 PagePreviewApp-NuWdTQlt.js:3:129123
[op-effects] depth=2 "Pomodoro Time" UPDATE_ITEM_FIELD=1 PagePreviewApp-NuWdTQlt.js:3:129123
[op-effects] depth=2 "Spent" UPDATE_ITEM_FIELD=1 PagePreviewApp-NuWdTQlt.js:3:129123
[op-effects] depth=2 "Earned" UPDATE_ITEM_FIELD=1 PagePreviewApp-NuWdTQlt.js:3:129123
[op-effects] depth=2 "Protein" UPDATE_ITEM_FIELD=1 PagePreviewApp-NuWdTQlt.js:3:129123
[op-effects] depth=2 "Carbs" UPDATE_ITEM_FIELD=1 PagePreviewApp-NuWdTQlt.js:3:129123
[op-effects] depth=2 "Fats" UPDATE_ITEM_FIELD=1 PagePreviewApp-NuWdTQlt.js:3:129123
[op-effects] depth=2 "Total Reps" UPDATE_ITEM_FIELD=1 PagePreviewApp-NuWdTQlt.js:3:129123
[op-effects] depth=2 "Chest Volume" UPDATE_ITEM_FIELD=1 PagePreviewApp-NuWdTQlt.js:3:129123
[op-effects] depth=2 "Back Volume" UPDATE_ITEM_FIELD=1 PagePreviewApp-NuWdTQlt.js:3:129123
[op-effects] depth=2 "Legs Volume" UPDATE_ITEM_FIELD=1 PagePreviewApp-NuWdTQlt.js:3:129123
[op-effects] depth=2 "Shoulders Volume" UPDATE_ITEM_FIELD=1 PagePreviewApp-NuWdTQlt.js:3:129123
[op-effects] depth=2 "Arms Volume" UPDATE_ITEM_FIELD=1 PagePreviewApp-NuWdTQlt.js:3:129123
[op-effects] depth=2 "Cardio Volume" UPDATE_ITEM_FIELD=1 PagePreviewApp-NuWdTQlt.js:3:129123
[op-effects] depth=2 "Breakfast Nutrition" UPDATE_ITEM_FIELD=1 PagePreviewApp-NuWdTQlt.js:3:129123
[op-effects] depth=2 "Lunch Nutrition" UPDATE_ITEM_FIELD=1 PagePreviewApp-NuWdTQlt.js:3:129123
[op-effects] depth=2 "Dinner Nutrition" UPDATE_ITEM_FIELD=1 PagePreviewApp-NuWdTQlt.js:3:129123
[op-effects] depth=2 "Snack Nutrition" UPDATE_ITEM_FIELD=1 PagePreviewApp-NuWdTQlt.js:3:129123
[op-effects] depth=2 "Checking Balance" UPDATE_ITEM_FIELD=1 PagePreviewApp-NuWdTQlt.js:3:129123
[op-effects] depth=2 "Mom's Account Balance" UPDATE_ITEM_FIELD=1 PagePreviewApp-NuWdTQlt.js:3:129123
[op-effects] depth=2 "Total Workouts" UPDATE_ITEM_FIELD=1 PagePreviewApp-NuWdTQlt.js:3:129123
[op-effects] depth=2 "Total Reading Time" UPDATE_ITEM_FIELD=1 PagePreviewApp-NuWdTQlt.js:3:129123
[op-effects] depth=2 "Completion Rate" UPDATE_ITEM_FIELD=1 PagePreviewApp-NuWdTQlt.js:3:129123
[op-effects] depth=2 "Time Spent This Week" UPDATE_ITEM_FIELD=1 PagePreviewApp-NuWdTQlt.js:3:129123
[op-effects] depth=2 "Pomodoro History" UPDATE_ITEM_FIELD=2 PagePreviewApp-NuWdTQlt.js:3:129123
[op-effects] depth=2 "Current Streak" UPDATE_ITEM_FIELD=2 PagePreviewApp-NuWdTQlt.js:3:129123
[op-effects] depth=2 "Workout History" UPDATE_ITEM_FIELD=2 PagePreviewApp-NuWdTQlt.js:3:129123
[op-effects] depth=2 "Meal History" UPDATE_ITEM_FIELD=2 PagePreviewApp-NuWdTQlt.js:3:129123
[op-effects] depth=2 "Purchase History" UPDATE_ITEM_FIELD=2 PagePreviewApp-NuWdTQlt.js:3:129123
[op-effects] depth=2 "Day Page: Build Tasks Completed" UPDATE_ITEM_TEXTMAP=1 PagePreviewApp-NuWdTQlt.js:3:129123
[op-effects] depth=2 "Total Subscriptions" UPDATE_ITEM_FIELD=1 PagePreviewApp-NuWdTQlt.js:3:129123
[op-effects] depth=2 "Monthly Bills" UPDATE_ITEM_FIELD=1 PagePreviewApp-NuWdTQlt.js:3:129123
[op-effects] depth=2 "Canvas: Build" DELETE_ITEM=13 CREATE_ITEM=7 UPDATE_OCCURRENCE=7 UPDATE_ITEM_META=14 PagePreviewApp-NuWdTQlt.js:3:129123
[op-effects] depth=2 "People Table: Build" UPDATE_ITEM_META=1 PagePreviewApp-NuWdTQlt.js:3:129123
[op-fire-done] depth=2 OccurrenceDeleteOp 709ms total=85 display=0 PagePreviewApp-NuWdTQlt.js:3:129376
[op-fire] depth=2 OccurrenceDeleteOp occ=18922e4c PagePreviewApp-NuWdTQlt.js:3:128547
[op-effects] depth=2 "Completed" UPDATE_ITEM_FIELD=1 PagePreviewApp-NuWdTQlt.js:3:129123
[op-effects] depth=2 "Task Countdown" UPDATE_ITEM_FIELD=1 PagePreviewApp-NuWdTQlt.js:3:129123
[op-effects] depth=2 "Steps" UPDATE_ITEM_FIELD=1 PagePreviewApp-NuWdTQlt.js:3:129123
[op-effects] depth=2 "Water" UPDATE_ITEM_FIELD=1 PagePreviewApp-NuWdTQlt.js:3:129123
[op-effects] depth=2 "Time Spent" UPDATE_ITEM_FIELD=1 PagePreviewApp-NuWdTQlt.js:3:129123
[op-effects] depth=2 "Pages" UPDATE_ITEM_FIELD=1 PagePreviewApp-NuWdTQlt.js:3:129123
[op-effects] depth=2 "Pomodoros Today" UPDATE_ITEM_FIELD=1 PagePreviewApp-NuWdTQlt.js:3:129123
[op-effects] depth=2 "Pomodoro Time" UPDATE_ITEM_FIELD=1 PagePreviewApp-NuWdTQlt.js:3:129123
[op-effects] depth=2 "Spent" UPDATE_ITEM_FIELD=1 PagePreviewApp-NuWdTQlt.js:3:129123
[op-effects] depth=2 "Earned" UPDATE_ITEM_FIELD=1 PagePreviewApp-NuWdTQlt.js:3:129123
[op-effects] depth=2 "Protein" UPDATE_ITEM_FIELD=1 PagePreviewApp-NuWdTQlt.js:3:129123
[op-effects] depth=2 "Carbs" UPDATE_ITEM_FIELD=1 PagePreviewApp-NuWdTQlt.js:3:129123
[op-effects] depth=2 "Fats" UPDATE_ITEM_FIELD=1 PagePreviewApp-NuWdTQlt.js:3:129123
[op-effects] depth=2 "Total Reps" UPDATE_ITEM_FIELD=1 PagePreviewApp-NuWdTQlt.js:3:129123
[op-effects] depth=2 "Chest Volume" UPDATE_ITEM_FIELD=1 PagePreviewApp-NuWdTQlt.js:3:129123
[op-effects] depth=2 "Back Volume" UPDATE_ITEM_FIELD=1 PagePreviewApp-NuWdTQlt.js:3:129123
[op-effects] depth=2 "Legs Volume" UPDATE_ITEM_FIELD=1 PagePreviewApp-NuWdTQlt.js:3:129123
[op-effects] depth=2 "Shoulders Volume" UPDATE_ITEM_FIELD=1 PagePreviewApp-NuWdTQlt.js:3:129123
[op-effects] depth=2 "Arms Volume" UPDATE_ITEM_FIELD=1 PagePreviewApp-NuWdTQlt.js:3:129123
[op-effects] depth=2 "Cardio Volume" UPDATE_ITEM_FIELD=1 PagePreviewApp-NuWdTQlt.js:3:129123
[op-effects] depth=2 "Breakfast Nutrition" UPDATE_ITEM_FIELD=1 PagePreviewApp-NuWdTQlt.js:3:129123
[op-effects] depth=2 "Lunch Nutrition" UPDATE_ITEM_FIELD=1 PagePreviewApp-NuWdTQlt.js:3:129123
[op-effects] depth=2 "Dinner Nutrition" UPDATE_ITEM_FIELD=1 PagePreviewApp-NuWdTQlt.js:3:129123
[op-effects] depth=2 "Snack Nutrition" UPDATE_ITEM_FIELD=1 PagePreviewApp-NuWdTQlt.js:3:129123
[op-effects] depth=2 "Checking Balance" UPDATE_ITEM_FIELD=1 PagePreviewApp-NuWdTQlt.js:3:129123
[op-effects] depth=2 "Mom's Account Balance" UPDATE_ITEM_FIELD=1 PagePreviewApp-NuWdTQlt.js:3:129123
[op-effects] depth=2 "Total Workouts" UPDATE_ITEM_FIELD=1 PagePreviewApp-NuWdTQlt.js:3:129123
[op-effects] depth=2 "Total Reading Time" UPDATE_ITEM_FIELD=1 PagePreviewApp-NuWdTQlt.js:3:129123
[op-effects] depth=2 "Completion Rate" UPDATE_ITEM_FIELD=1 PagePreviewApp-NuWdTQlt.js:3:129123
[op-effects] depth=2 "Time Spent This Week" UPDATE_ITEM_FIELD=1 PagePreviewApp-NuWdTQlt.js:3:129123
[op-effects] depth=2 "Pomodoro History" UPDATE_ITEM_FIELD=2 PagePreviewApp-NuWdTQlt.js:3:129123
[op-effects] depth=2 "Current Streak" UPDATE_ITEM_FIELD=2 PagePreviewApp-NuWdTQlt.js:3:129123
[op-effects] depth=2 "Workout History" UPDATE_ITEM_FIELD=2 PagePreviewApp-NuWdTQlt.js:3:129123
[op-effects] depth=2 "Meal History" UPDATE_ITEM_FIELD=2 PagePreviewApp-NuWdTQlt.js:3:129123
[op-effects] depth=2 "Purchase History" UPDATE_ITEM_FIELD=2 PagePreviewApp-NuWdTQlt.js:3:129123
[op-effects] depth=2 "Day Page: Build Tasks Completed" UPDATE_ITEM_TEXTMAP=1 PagePreviewApp-NuWdTQlt.js:3:129123
[op-effects] depth=2 "Total Subscriptions" UPDATE_ITEM_FIELD=1 PagePreviewApp-NuWdTQlt.js:3:129123
[op-effects] depth=2 "Monthly Bills" UPDATE_ITEM_FIELD=1 PagePreviewApp-NuWdTQlt.js:3:129123
[op-effects] depth=2 "Canvas: Build" DELETE_ITEM=13 CREATE_ITEM=7 UPDATE_OCCURRENCE=7 UPDATE_ITEM_META=14 PagePreviewApp-NuWdTQlt.js:3:129123
[op-effects] depth=2 "People Table: Build" UPDATE_ITEM_META=1 PagePreviewApp-NuWdTQlt.js:3:129123
[op-fire-done] depth=2 OccurrenceDeleteOp 802ms total=85 display=0 PagePreviewApp-NuWdTQlt.js:3:129376
[op-fire] depth=2 OccurrenceDeleteOp occ=43a380e7 PagePreviewApp-NuWdTQlt.js:3:128547
[op-effects] depth=2 "Completed" UPDATE_ITEM_FIELD=1 PagePreviewApp-NuWdTQlt.js:3:129123
[op-effects] depth=2 "Task Countdown" UPDATE_ITEM_FIELD=1 PagePreviewApp-NuWdTQlt.js:3:129123
[op-effects] depth=2 "Steps" UPDATE_ITEM_FIELD=1 PagePreviewApp-NuWdTQlt.js:3:129123
[op-effects] depth=2 "Water" UPDATE_ITEM_FIELD=1 PagePreviewApp-NuWdTQlt.js:3:129123
[op-effects] depth=2 "Time Spent" UPDATE_ITEM_FIELD=1 PagePreviewApp-NuWdTQlt.js:3:129123
[op-effects] depth=2 "Pages" UPDATE_ITEM_FIELD=1 PagePreviewApp-NuWdTQlt.js:3:129123
[op-effects] depth=2 "Pomodoros Today" UPDATE_ITEM_FIELD=1 PagePreviewApp-NuWdTQlt.js:3:129123
[op-effects] depth=2 "Pomodoro Time" UPDATE_ITEM_FIELD=1 PagePreviewApp-NuWdTQlt.js:3:129123
[op-effects] depth=2 "Spent" UPDATE_ITEM_FIELD=1 PagePreviewApp-NuWdTQlt.js:3:129123
[op-effects] depth=2 "Earned" UPDATE_ITEM_FIELD=1 PagePreviewApp-NuWdTQlt.js:3:129123
[op-effects] depth=2 "Protein" UPDATE_ITEM_FIELD=1 PagePreviewApp-NuWdTQlt.js:3:129123
[op-effects] depth=2 "Carbs" UPDATE_ITEM_FIELD=1 PagePreviewApp-NuWdTQlt.js:3:129123
[op-effects] depth=2 "Fats" UPDATE_ITEM_FIELD=1 PagePreviewApp-NuWdTQlt.js:3:129123
[op-effects] depth=2 "Total Reps" UPDATE_ITEM_FIELD=1 PagePreviewApp-NuWdTQlt.js:3:129123
[op-effects] depth=2 "Chest Volume" UPDATE_ITEM_FIELD=1 PagePreviewApp-NuWdTQlt.js:3:129123
[op-effects] depth=2 "Back Volume" UPDATE_ITEM_FIELD=1 PagePreviewApp-NuWdTQlt.js:3:129123
[op-effects] depth=2 "Legs Volume" UPDATE_ITEM_FIELD=1 PagePreviewApp-NuWdTQlt.js:3:129123
[op-effects] depth=2 "Shoulders Volume" UPDATE_ITEM_FIELD=1 PagePreviewApp-NuWdTQlt.js:3:129123
[op-effects] depth=2 "Arms Volume" UPDATE_ITEM_FIELD=1 PagePreviewApp-NuWdTQlt.js:3:129123
[op-effects] depth=2 "Cardio Volume" UPDATE_ITEM_FIELD=1 PagePreviewApp-NuWdTQlt.js:3:129123
[op-effects] depth=2 "Breakfast Nutrition" UPDATE_ITEM_FIELD=1 PagePreviewApp-NuWdTQlt.js:3:129123
[op-effects] depth=2 "Lunch Nutrition" UPDATE_ITEM_FIELD=1 PagePreviewApp-NuWdTQlt.js:3:129123
[op-effects] depth=2 "Dinner Nutrition" UPDATE_ITEM_FIELD=1 PagePreviewApp-NuWdTQlt.js:3:129123
[op-effects] depth=2 "Snack Nutrition" UPDATE_ITEM_FIELD=1 PagePreviewApp-NuWdTQlt.js:3:129123
[op-effects] depth=2 "Checking Balance" UPDATE_ITEM_FIELD=1 PagePreviewApp-NuWdTQlt.js:3:129123
[op-effects] depth=2 "Mom's Account Balance" UPDATE_ITEM_FIELD=1 PagePreviewApp-NuWdTQlt.js:3:129123
[op-effects] depth=2 "Total Workouts" UPDATE_ITEM_FIELD=1 PagePreviewApp-NuWdTQlt.js:3:129123
[op-effects] depth=2 "Total Reading Time" UPDATE_ITEM_FIELD=1 PagePreviewApp-NuWdTQlt.js:3:129123
[op-effects] depth=2 "Completion Rate" UPDATE_ITEM_FIELD=1 PagePreviewApp-NuWdTQlt.js:3:129123
[op-effects] depth=2 "Time Spent This Week" UPDATE_ITEM_FIELD=1 PagePreviewApp-NuWdTQlt.js:3:129123
[op-effects] depth=2 "Pomodoro History" UPDATE_ITEM_FIELD=2 PagePreviewApp-NuWdTQlt.js:3:129123
[op-effects] depth=2 "Current Streak" UPDATE_ITEM_FIELD=2 PagePreviewApp-NuWdTQlt.js:3:129123
[op-effects] depth=2 "Workout History" UPDATE_ITEM_FIELD=2 PagePreviewApp-NuWdTQlt.js:3:129123
[op-effects] depth=2 "Meal History" UPDATE_ITEM_FIELD=2 PagePreviewApp-NuWdTQlt.js:3:129123
[op-effects] depth=2 "Purchase History" UPDATE_ITEM_FIELD=2 PagePreviewApp-NuWdTQlt.js:3:129123
[op-effects] depth=2 "Day Page: Build Tasks Completed" UPDATE_ITEM_TEXTMAP=1 PagePreviewApp-NuWdTQlt.js:3:129123
[op-effects] depth=2 "Total Subscriptions" UPDATE_ITEM_FIELD=1 PagePreviewApp-NuWdTQlt.js:3:129123
[op-effects] depth=2 "Monthly Bills" UPDATE_ITEM_FIELD=1 PagePreviewApp-NuWdTQlt.js:3:129123
[op-effects] depth=2 "Canvas: Build" DELETE_ITEM=13 CREATE_ITEM=7 UPDATE_OCCURRENCE=7 UPDATE_ITEM_META=14 PagePreviewApp-NuWdTQlt.js:3:129123
[op-effects] depth=2 "People Table: Build" UPDATE_ITEM_META=1 PagePreviewApp-NuWdTQlt.js:3:129123
[op-fire-done] depth=2 OccurrenceDeleteOp 650ms total=85 display=0 PagePreviewApp-NuWdTQlt.js:3:129376
[op-fire] depth=2 OccurrenceDeleteOp occ=809d6414 PagePreviewApp-NuWdTQlt.js:3:128547
[op-effects] depth=2 "Completed" UPDATE_ITEM_FIELD=1 PagePreviewApp-NuWdTQlt.js:3:129123
[op-effects] depth=2 "Task Countdown" UPDATE_ITEM_FIELD=1 PagePreviewApp-NuWdTQlt.js:3:129123
[op-effects] depth=2 "Steps" UPDATE_ITEM_FIELD=1 PagePreviewApp-NuWdTQlt.js:3:129123
[op-effects] depth=2 "Water" UPDATE_ITEM_FIELD=1 PagePreviewApp-NuWdTQlt.js:3:129123
[op-effects] depth=2 "Time Spent" UPDATE_ITEM_FIELD=1 PagePreviewApp-NuWdTQlt.js:3:129123
[op-effects] depth=2 "Pages" UPDATE_ITEM_FIELD=1 PagePreviewApp-NuWdTQlt.js:3:129123
[op-effects] depth=2 "Pomodoros Today" UPDATE_ITEM_FIELD=1 PagePreviewApp-NuWdTQlt.js:3:129123
[op-effects] depth=2 "Pomodoro Time" UPDATE_ITEM_FIELD=1 PagePreviewApp-NuWdTQlt.js:3:129123
[op-effects] depth=2 "Spent" UPDATE_ITEM_FIELD=1 PagePreviewApp-NuWdTQlt.js:3:129123
[op-effects] depth=2 "Earned" UPDATE_ITEM_FIELD=1 PagePreviewApp-NuWdTQlt.js:3:129123
[op-effects] depth=2 "Protein" UPDATE_ITEM_FIELD=1 PagePreviewApp-NuWdTQlt.js:3:129123
[op-effects] depth=2 "Carbs" UPDATE_ITEM_FIELD=1 PagePreviewApp-NuWdTQlt.js:3:129123
[op-effects] depth=2 "Fats" UPDATE_ITEM_FIELD=1 PagePreviewApp-NuWdTQlt.js:3:129123
[op-effects] depth=2 "Total Reps" UPDATE_ITEM_FIELD=1 PagePreviewApp-NuWdTQlt.js:3:129123
[op-effects] depth=2 "Chest Volume" UPDATE_ITEM_FIELD=1 PagePreviewApp-NuWdTQlt.js:3:129123
[op-effects] depth=2 "Back Volume" UPDATE_ITEM_FIELD=1 PagePreviewApp-NuWdTQlt.js:3:129123
[op-effects] depth=2 "Legs Volume" UPDATE_ITEM_FIELD=1 PagePreviewApp-NuWdTQlt.js:3:129123
[op-effects] depth=2 "Shoulders Volume" UPDATE_ITEM_FIELD=1 PagePreviewApp-NuWdTQlt.js:3:129123
[op-effects] depth=2 "Arms Volume" UPDATE_ITEM_FIELD=1 PagePreviewApp-NuWdTQlt.js:3:129123
[op-effects] depth=2 "Cardio Volume" UPDATE_ITEM_FIELD=1 PagePreviewApp-NuWdTQlt.js:3:129123
[op-effects] depth=2 "Breakfast Nutrition" UPDATE_ITEM_FIELD=1 PagePreviewApp-NuWdTQlt.js:3:129123
[op-effects] depth=2 "Lunch Nutrition" UPDATE_ITEM_FIELD=1 PagePreviewApp-NuWdTQlt.js:3:129123
[op-effects] depth=2 "Dinner Nutrition" UPDATE_ITEM_FIELD=1 PagePreviewApp-NuWdTQlt.js:3:129123
[op-effects] depth=2 "Snack Nutrition" UPDATE_ITEM_FIELD=1 PagePreviewApp-NuWdTQlt.js:3:129123
[op-effects] depth=2 "Checking Balance" UPDATE_ITEM_FIELD=1 PagePreviewApp-NuWdTQlt.js:3:129123
[op-effects] depth=2 "Mom's Account Balance" UPDATE_ITEM_FIELD=1 PagePreviewApp-NuWdTQlt.js:3:129123
[op-effects] depth=2 "Total Workouts" UPDATE_ITEM_FIELD=1 PagePreviewApp-NuWdTQlt.js:3:129123
[op-effects] depth=2 "Total Reading Time" UPDATE_ITEM_FIELD=1 PagePreviewApp-NuWdTQlt.js:3:129123
[op-effects] depth=2 "Completion Rate" UPDATE_ITEM_FIELD=1 PagePreviewApp-NuWdTQlt.js:3:129123
[op-effects] depth=2 "Time Spent This Week" UPDATE_ITEM_FIELD=1 PagePreviewApp-NuWdTQlt.js:3:129123
[op-effects] depth=2 "Pomodoro History" UPDATE_ITEM_FIELD=2 PagePreviewApp-NuWdTQlt.js:3:129123
[op-effects] depth=2 "Current Streak" UPDATE_ITEM_FIELD=2 PagePreviewApp-NuWdTQlt.js:3:129123
[op-effects] depth=2 "Workout History" UPDATE_ITEM_FIELD=2 PagePreviewApp-NuWdTQlt.js:3:129123
[op-effects] depth=2 "Meal History" UPDATE_ITEM_FIELD=2 PagePreviewApp-NuWdTQlt.js:3:129123
[op-effects] depth=2 "Purchase History" UPDATE_ITEM_FIELD=2 PagePreviewApp-NuWdTQlt.js:3:129123
[op-effects] depth=2 "Day Page: Build Tasks Completed" UPDATE_ITEM_TEXTMAP=1 PagePreviewApp-NuWdTQlt.js:3:129123
[op-effects] depth=2 "Total Subscriptions" UPDATE_ITEM_FIELD=1 PagePreviewApp-NuWdTQlt.js:3:129123
[op-effects] depth=2 "Monthly Bills" UPDATE_ITEM_FIELD=1 PagePreviewApp-NuWdTQlt.js:3:129123
[op-effects] depth=2 "Canvas: Build" DELETE_ITEM=13 CREATE_ITEM=7 UPDATE_OCCURRENCE=7 UPDATE_ITEM_META=14 PagePreviewApp-NuWdTQlt.js:3:129123
[op-effects] depth=2 "People Table: Build" UPDATE_ITEM_META=1 PagePreviewApp-NuWdTQlt.js:3:129123
[op-fire-done] depth=2 OccurrenceDeleteOp 651ms total=85 display=0 PagePreviewApp-NuWdTQlt.js:3:129376
[op-fire] depth=2 OccurrenceDeleteOp occ=e92988e8 PagePreviewApp-NuWdTQlt.js:3:128547
[op-effects] depth=2 "Completed" UPDATE_ITEM_FIELD=1 PagePreviewApp-NuWdTQlt.js:3:129123
[op-effects] depth=2 "Task Countdown" UPDATE_ITEM_FIELD=1 PagePreviewApp-NuWdTQlt.js:3:129123
[op-effects] depth=2 "Steps" UPDATE_ITEM_FIELD=1 PagePreviewApp-NuWdTQlt.js:3:129123
[op-effects] depth=2 "Water" UPDATE_ITEM_FIELD=1 PagePreviewApp-NuWdTQlt.js:3:129123
[op-effects] depth=2 "Time Spent" UPDATE_ITEM_FIELD=1 PagePreviewApp-NuWdTQlt.js:3:129123
[op-effects] depth=2 "Pages" UPDATE_ITEM_FIELD=1 PagePreviewApp-NuWdTQlt.js:3:129123
[op-effects] depth=2 "Pomodoros Today" UPDATE_ITEM_FIELD=1 PagePreviewApp-NuWdTQlt.js:3:129123
[op-effects] depth=2 "Pomodoro Time" UPDATE_ITEM_FIELD=1 PagePreviewApp-NuWdTQlt.js:3:129123
[op-effects] depth=2 "Spent" UPDATE_ITEM_FIELD=1 PagePreviewApp-NuWdTQlt.js:3:129123
[op-effects] depth=2 "Earned" UPDATE_ITEM_FIELD=1 PagePreviewApp-NuWdTQlt.js:3:129123
[op-effects] depth=2 "Protein" UPDATE_ITEM_FIELD=1 PagePreviewApp-NuWdTQlt.js:3:129123
[op-effects] depth=2 "Carbs" UPDATE_ITEM_FIELD=1 PagePreviewApp-NuWdTQlt.js:3:129123
[op-effects] depth=2 "Fats" UPDATE_ITEM_FIELD=1 PagePreviewApp-NuWdTQlt.js:3:129123
[op-effects] depth=2 "Total Reps" UPDATE_ITEM_FIELD=1 PagePreviewApp-NuWdTQlt.js:3:129123
[op-effects] depth=2 "Chest Volume" UPDATE_ITEM_FIELD=1 PagePreviewApp-NuWdTQlt.js:3:129123
[op-effects] depth=2 "Back Volume" UPDATE_ITEM_FIELD=1 PagePreviewApp-NuWdTQlt.js:3:129123
[op-effects] depth=2 "Legs Volume" UPDATE_ITEM_FIELD=1 PagePreviewApp-NuWdTQlt.js:3:129123
[op-effects] depth=2 "Shoulders Volume" UPDATE_ITEM_FIELD=1 PagePreviewApp-NuWdTQlt.js:3:129123
[op-effects] depth=2 "Arms Volume" UPDATE_ITEM_FIELD=1 PagePreviewApp-NuWdTQlt.js:3:129123
[op-effects] depth=2 "Cardio Volume" UPDATE_ITEM_FIELD=1 PagePreviewApp-NuWdTQlt.js:3:129123
[op-effects] depth=2 "Breakfast Nutrition" UPDATE_ITEM_FIELD=1 PagePreviewApp-NuWdTQlt.js:3:129123
[op-effects] depth=2 "Lunch Nutrition" UPDATE_ITEM_FIELD=1 PagePreviewApp-NuWdTQlt.js:3:129123
[op-effects] depth=2 "Dinner Nutrition" UPDATE_ITEM_FIELD=1 PagePreviewApp-NuWdTQlt.js:3:129123
[op-effects] depth=2 "Snack Nutrition" UPDATE_ITEM_FIELD=1 PagePreviewApp-NuWdTQlt.js:3:129123
[op-effects] depth=2 "Checking Balance" UPDATE_ITEM_FIELD=1 PagePreviewApp-NuWdTQlt.js:3:129123
[op-effects] depth=2 "Mom's Account Balance" UPDATE_ITEM_FIELD=1 PagePreviewApp-NuWdTQlt.js:3:129123
[op-effects] depth=2 "Total Workouts" UPDATE_ITEM_FIELD=1 PagePreviewApp-NuWdTQlt.js:3:129123
[op-effects] depth=2 "Total Reading Time" UPDATE_ITEM_FIELD=1 PagePreviewApp-NuWdTQlt.js:3:129123
[op-effects] depth=2 "Completion Rate" UPDATE_ITEM_FIELD=1 PagePreviewApp-NuWdTQlt.js:3:129123
[op-effects] depth=2 "Time Spent This Week" UPDATE_ITEM_FIELD=1 PagePreviewApp-NuWdTQlt.js:3:129123
[op-effects] depth=2 "Pomodoro History" UPDATE_ITEM_FIELD=2 PagePreviewApp-NuWdTQlt.js:3:129123
[op-effects] depth=2 "Current Streak" UPDATE_ITEM_FIELD=2 PagePreviewApp-NuWdTQlt.js:3:129123
[op-effects] depth=2 "Workout History" UPDATE_ITEM_FIELD=2 PagePreviewApp-NuWdTQlt.js:3:129123
[op-effects] depth=2 "Meal History" UPDATE_ITEM_FIELD=2 PagePreviewApp-NuWdTQlt.js:3:129123
[op-effects] depth=2 "Purchase History" UPDATE_ITEM_FIELD=2 PagePreviewApp-NuWdTQlt.js:3:129123
[op-effects] depth=2 "Day Page: Build Tasks Completed" UPDATE_ITEM_TEXTMAP=1 PagePreviewApp-NuWdTQlt.js:3:129123
[op-effects] depth=2 "Total Subscriptions" UPDATE_ITEM_FIELD=1 PagePreviewApp-NuWdTQlt.js:3:129123
[op-effects] depth=2 "Monthly Bills" UPDATE_ITEM_FIELD=1 PagePreviewApp-NuWdTQlt.js:3:129123
[op-effects] depth=2 "Canvas: Build" DELETE_ITEM=13 CREATE_ITEM=7 UPDATE_OCCURRENCE=7 UPDATE_ITEM_META=14 PagePreviewApp-NuWdTQlt.js:3:129123
[op-effects] depth=2 "People Table: Build" UPDATE_ITEM_META=1 PagePreviewApp-NuWdTQlt.js:3:129123
[op-fire-done] depth=2 OccurrenceDeleteOp 668ms total=85 display=0 PagePreviewApp-NuWdTQlt.js:3:129376
[op-fire] depth=2 OccurrenceDeleteOp occ=0916ba97 PagePreviewApp-NuWdTQlt.js:3:128547
[op-effects] depth=2 "Completed" UPDATE_ITEM_FIELD=1 PagePreviewApp-NuWdTQlt.js:3:129123
[op-effects] depth=2 "Task Countdown" UPDATE_ITEM_FIELD=1 PagePreviewApp-NuWdTQlt.js:3:129123
[op-effects] depth=2 "Steps" UPDATE_ITEM_FIELD=1 PagePreviewApp-NuWdTQlt.js:3:129123
[op-effects] depth=2 "Water" UPDATE_ITEM_FIELD=1 PagePreviewApp-NuWdTQlt.js:3:129123
[op-effects] depth=2 "Time Spent" UPDATE_ITEM_FIELD=1 PagePreviewApp-NuWdTQlt.js:3:129123
[op-effects] depth=2 "Pages" UPDATE_ITEM_FIELD=1 PagePreviewApp-NuWdTQlt.js:3:129123
[op-effects] depth=2 "Pomodoros Today" UPDATE_ITEM_FIELD=1 PagePreviewApp-NuWdTQlt.js:3:129123
[op-effects] depth=2 "Pomodoro Time" UPDATE_ITEM_FIELD=1 PagePreviewApp-NuWdTQlt.js:3:129123
[op-effects] depth=2 "Spent" UPDATE_ITEM_FIELD=1 PagePreviewApp-NuWdTQlt.js:3:129123
[op-effects] depth=2 "Earned" UPDATE_ITEM_FIELD=1 PagePreviewApp-NuWdTQlt.js:3:129123
[op-effects] depth=2 "Protein" UPDATE_ITEM_FIELD=1 PagePreviewApp-NuWdTQlt.js:3:129123
[op-effects] depth=2 "Carbs" UPDATE_ITEM_FIELD=1 PagePreviewApp-NuWdTQlt.js:3:129123
[op-effects] depth=2 "Fats" UPDATE_ITEM_FIELD=1 PagePreviewApp-NuWdTQlt.js:3:129123
[op-effects] depth=2 "Total Reps" UPDATE_ITEM_FIELD=1 PagePreviewApp-NuWdTQlt.js:3:129123
[op-effects] depth=2 "Chest Volume" UPDATE_ITEM_FIELD=1 PagePreviewApp-NuWdTQlt.js:3:129123
[op-effects] depth=2 "Back Volume" UPDATE_ITEM_FIELD=1 PagePreviewApp-NuWdTQlt.js:3:129123
[op-effects] depth=2 "Legs Volume" UPDATE_ITEM_FIELD=1 PagePreviewApp-NuWdTQlt.js:3:129123
[op-effects] depth=2 "Shoulders Volume" UPDATE_ITEM_FIELD=1 PagePreviewApp-NuWdTQlt.js:3:129123
[op-effects] depth=2 "Arms Volume" UPDATE_ITEM_FIELD=1 PagePreviewApp-NuWdTQlt.js:3:129123
[op-effects] depth=2 "Cardio Volume" UPDATE_ITEM_FIELD=1 PagePreviewApp-NuWdTQlt.js:3:129123
[op-effects] depth=2 "Breakfast Nutrition" UPDATE_ITEM_FIELD=1 PagePreviewApp-NuWdTQlt.js:3:129123
[op-effects] depth=2 "Lunch Nutrition" UPDATE_ITEM_FIELD=1 PagePreviewApp-NuWdTQlt.js:3:129123
[op-effects] depth=2 "Dinner Nutrition" UPDATE_ITEM_FIELD=1 PagePreviewApp-NuWdTQlt.js:3:129123
[op-effects] depth=2 "Snack Nutrition" UPDATE_ITEM_FIELD=1 PagePreviewApp-NuWdTQlt.js:3:129123
[op-effects] depth=2 "Checking Balance" UPDATE_ITEM_FIELD=1 PagePreviewApp-NuWdTQlt.js:3:129123
[op-effects] depth=2 "Mom's Account Balance" UPDATE_ITEM_FIELD=1 PagePreviewApp-NuWdTQlt.js:3:129123
[op-effects] depth=2 "Total Workouts" UPDATE_ITEM_FIELD=1 PagePreviewApp-NuWdTQlt.js:3:129123
[op-effects] depth=2 "Total Reading Time" UPDATE_ITEM_FIELD=1 PagePreviewApp-NuWdTQlt.js:3:129123
[op-effects] depth=2 "Completion Rate" UPDATE_ITEM_FIELD=1 PagePreviewApp-NuWdTQlt.js:3:129123
[op-effects] depth=2 "Time Spent This Week" UPDATE_ITEM_FIELD=1 PagePreviewApp-NuWdTQlt.js:3:129123
[op-effects] depth=2 "Pomodoro History" UPDATE_ITEM_FIELD=2 PagePreviewApp-NuWdTQlt.js:3:129123
[op-effects] depth=2 "Current Streak" UPDATE_ITEM_FIELD=2 PagePreviewApp-NuWdTQlt.js:3:129123
[op-effects] depth=2 "Workout History" UPDATE_ITEM_FIELD=2 PagePreviewApp-NuWdTQlt.js:3:129123
[op-effects] depth=2 "Meal History" UPDATE_ITEM_FIELD=2 PagePreviewApp-NuWdTQlt.js:3:129123
[op-effects] depth=2 "Purchase History" UPDATE_ITEM_FIELD=2 PagePreviewApp-NuWdTQlt.js:3:129123
[op-effects] depth=2 "Day Page: Build Tasks Completed" UPDATE_ITEM_TEXTMAP=1 PagePreviewApp-NuWdTQlt.js:3:129123
[op-effects] depth=2 "Total Subscriptions" UPDATE_ITEM_FIELD=1 PagePreviewApp-NuWdTQlt.js:3:129123
[op-effects] depth=2 "Monthly Bills" UPDATE_ITEM_FIELD=1 PagePreviewApp-NuWdTQlt.js:3:129123
[op-effects] depth=2 "Canvas: Build" DELETE_ITEM=13 CREATE_ITEM=7 UPDATE_OCCURRENCE=7 UPDATE_ITEM_META=14 PagePreviewApp-NuWdTQlt.js:3:129123
[op-effects] depth=2 "People Table: Build" UPDATE_ITEM_META=1 PagePreviewApp-NuWdTQlt.js:3:129123
[op-fire-done] depth=2 OccurrenceDeleteOp 680ms total=85 display=0 PagePreviewApp-NuWdTQlt.js:3:129376
[op-fire] depth=2 OccurrenceDeleteOp occ=932cd5c0 PagePreviewApp-NuWdTQlt.js:3:128547
[op-effects] depth=2 "Completed" UPDATE_ITEM_FIELD=1 PagePreviewApp-NuWdTQlt.js:3:129123
[op-effects] depth=2 "Task Countdown" UPDATE_ITEM_FIELD=1 PagePreviewApp-NuWdTQlt.js:3:129123
[op-effects] depth=2 "Steps" UPDATE_ITEM_FIELD=1 PagePreviewApp-NuWdTQlt.js:3:129123
[op-effects] depth=2 "Water" UPDATE_ITEM_FIELD=1 PagePreviewApp-NuWdTQlt.js:3:129123
[op-effects] depth=2 "Time Spent" UPDATE_ITEM_FIELD=1 PagePreviewApp-NuWdTQlt.js:3:129123
[op-effects] depth=2 "Pages" UPDATE_ITEM_FIELD=1 PagePreviewApp-NuWdTQlt.js:3:129123
[op-effects] depth=2 "Pomodoros Today" UPDATE_ITEM_FIELD=1 PagePreviewApp-NuWdTQlt.js:3:129123
[op-effects] depth=2 "Pomodoro Time" UPDATE_ITEM_FIELD=1 PagePreviewApp-NuWdTQlt.js:3:129123
[op-effects] depth=2 "Spent" UPDATE_ITEM_FIELD=1 PagePreviewApp-NuWdTQlt.js:3:129123
[op-effects] depth=2 "Earned" UPDATE_ITEM_FIELD=1 PagePreviewApp-NuWdTQlt.js:3:129123
[op-effects] depth=2 "Protein" UPDATE_ITEM_FIELD=1 PagePreviewApp-NuWdTQlt.js:3:129123
[op-effects] depth=2 "Carbs" UPDATE_ITEM_FIELD=1 PagePreviewApp-NuWdTQlt.js:3:129123
[op-effects] depth=2 "Fats" UPDATE_ITEM_FIELD=1 PagePreviewApp-NuWdTQlt.js:3:129123
[op-effects] depth=2 "Total Reps" UPDATE_ITEM_FIELD=1 PagePreviewApp-NuWdTQlt.js:3:129123
[op-effects] depth=2 "Chest Volume" UPDATE_ITEM_FIELD=1 PagePreviewApp-NuWdTQlt.js:3:129123
[op-effects] depth=2 "Back Volume" UPDATE_ITEM_FIELD=1 PagePreviewApp-NuWdTQlt.js:3:129123
[op-effects] depth=2 "Legs Volume" UPDATE_ITEM_FIELD=1 PagePreviewApp-NuWdTQlt.js:3:129123
[op-effects] depth=2 "Shoulders Volume" UPDATE_ITEM_FIELD=1 PagePreviewApp-NuWdTQlt.js:3:129123
[op-effects] depth=2 "Arms Volume" UPDATE_ITEM_FIELD=1 PagePreviewApp-NuWdTQlt.js:3:129123
[op-effects] depth=2 "Cardio Volume" UPDATE_ITEM_FIELD=1 PagePreviewApp-NuWdTQlt.js:3:129123
[op-effects] depth=2 "Breakfast Nutrition" UPDATE_ITEM_FIELD=1 PagePreviewApp-NuWdTQlt.js:3:129123
[op-effects] depth=2 "Lunch Nutrition" UPDATE_ITEM_FIELD=1 PagePreviewApp-NuWdTQlt.js:3:129123
[op-effects] depth=2 "Dinner Nutrition" UPDATE_ITEM_FIELD=1 PagePreviewApp-NuWdTQlt.js:3:129123
[op-effects] depth=2 "Snack Nutrition" UPDATE_ITEM_FIELD=1 PagePreviewApp-NuWdTQlt.js:3:129123
[op-effects] depth=2 "Checking Balance" UPDATE_ITEM_FIELD=1 PagePreviewApp-NuWdTQlt.js:3:129123
[op-effects] depth=2 "Mom's Account Balance" UPDATE_ITEM_FIELD=1 PagePreviewApp-NuWdTQlt.js:3:129123
[op-effects] depth=2 "Total Workouts" UPDATE_ITEM_FIELD=1 PagePreviewApp-NuWdTQlt.js:3:129123
[op-effects] depth=2 "Total Reading Time" UPDATE_ITEM_FIELD=1 PagePreviewApp-NuWdTQlt.js:3:129123
[op-effects] depth=2 "Completion Rate" UPDATE_ITEM_FIELD=1 PagePreviewApp-NuWdTQlt.js:3:129123
[op-effects] depth=2 "Time Spent This Week" UPDATE_ITEM_FIELD=1 PagePreviewApp-NuWdTQlt.js:3:129123
[op-effects] depth=2 "Pomodoro History" UPDATE_ITEM_FIELD=2 PagePreviewApp-NuWdTQlt.js:3:129123
[op-effects] depth=2 "Current Streak" UPDATE_ITEM_FIELD=2 PagePreviewApp-NuWdTQlt.js:3:129123
[op-effects] depth=2 "Workout History" UPDATE_ITEM_FIELD=2 PagePreviewApp-NuWdTQlt.js:3:129123
[op-effects] depth=2 "Meal History" UPDATE_ITEM_FIELD=2 PagePreviewApp-NuWdTQlt.js:3:129123
[op-effects] depth=2 "Purchase History" UPDATE_ITEM_FIELD=2 PagePreviewApp-NuWdTQlt.js:3:129123
[op-effects] depth=2 "Day Page: Build Tasks Completed" UPDATE_ITEM_TEXTMAP=1 PagePreviewApp-NuWdTQlt.js:3:129123
[op-effects] depth=2 "Total Subscriptions" UPDATE_ITEM_FIELD=1 PagePreviewApp-NuWdTQlt.js:3:129123
[op-effects] depth=2 "Monthly Bills" UPDATE_ITEM_FIELD=1 PagePreviewApp-NuWdTQlt.js:3:129123
[op-effects] depth=2 "Canvas: Build" DELETE_ITEM=13 CREATE_ITEM=7 UPDATE_OCCURRENCE=7 UPDATE_ITEM_META=14 PagePreviewApp-NuWdTQlt.js:3:129123
[op-effects] depth=2 "People Table: Build" UPDATE_ITEM_META=1 PagePreviewApp-NuWdTQlt.js:3:129123
[op-fire-done] depth=2 OccurrenceDeleteOp 916ms total=85 display=0 PagePreviewApp-NuWdTQlt.js:3:129376
[op-fire] depth=2 OccurrenceDeleteOp occ=5cdaa555 PagePreviewApp-NuWdTQlt.js:3:128547
[op-effects] depth=2 "Completed" UPDATE_ITEM_FIELD=1 PagePreviewApp-NuWdTQlt.js:3:129123
[op-effects] depth=2 "Task Countdown" UPDATE_ITEM_FIELD=1 PagePreviewApp-NuWdTQlt.js:3:129123
[op-effects] depth=2 "Steps" UPDATE_ITEM_FIELD=1 PagePreviewApp-NuWdTQlt.js:3:129123
[op-effects] depth=2 "Water" UPDATE_ITEM_FIELD=1 PagePreviewApp-NuWdTQlt.js:3:129123
[op-effects] depth=2 "Time Spent" UPDATE_ITEM_FIELD=1 PagePreviewApp-NuWdTQlt.js:3:129123
[op-effects] depth=2 "Pages" UPDATE_ITEM_FIELD=1 PagePreviewApp-NuWdTQlt.js:3:129123
[op-effects] depth=2 "Pomodoros Today" UPDATE_ITEM_FIELD=1 PagePreviewApp-NuWdTQlt.js:3:129123
[op-effects] depth=2 "Pomodoro Time" UPDATE_ITEM_FIELD=1 PagePreviewApp-NuWdTQlt.js:3:129123
[op-effects] depth=2 "Spent" UPDATE_ITEM_FIELD=1 PagePreviewApp-NuWdTQlt.js:3:129123
[op-effects] depth=2 "Earned" UPDATE_ITEM_FIELD=1 PagePreviewApp-NuWdTQlt.js:3:129123
[op-effects] depth=2 "Protein" UPDATE_ITEM_FIELD=1 PagePreviewApp-NuWdTQlt.js:3:129123
[op-effects] depth=2 "Carbs" UPDATE_ITEM_FIELD=1 PagePreviewApp-NuWdTQlt.js:3:129123
[op-effects] depth=2 "Fats" UPDATE_ITEM_FIELD=1 PagePreviewApp-NuWdTQlt.js:3:129123
[op-effects] depth=2 "Total Reps" UPDATE_ITEM_FIELD=1 PagePreviewApp-NuWdTQlt.js:3:129123
[op-effects] depth=2 "Chest Volume" UPDATE_ITEM_FIELD=1 PagePreviewApp-NuWdTQlt.js:3:129123
[op-effects] depth=2 "Back Volume" UPDATE_ITEM_FIELD=1 PagePreviewApp-NuWdTQlt.js:3:129123
[op-effects] depth=2 "Legs Volume" UPDATE_ITEM_FIELD=1 PagePreviewApp-NuWdTQlt.js:3:129123
[op-effects] depth=2 "Shoulders Volume" UPDATE_ITEM_FIELD=1 PagePreviewApp-NuWdTQlt.js:3:129123
[op-effects] depth=2 "Arms Volume" UPDATE_ITEM_FIELD=1 PagePreviewApp-NuWdTQlt.js:3:129123
[op-effects] depth=2 "Cardio Volume" UPDATE_ITEM_FIELD=1 PagePreviewApp-NuWdTQlt.js:3:129123
[op-effects] depth=2 "Breakfast Nutrition" UPDATE_ITEM_FIELD=1 PagePreviewApp-NuWdTQlt.js:3:129123
[op-effects] depth=2 "Lunch Nutrition" UPDATE_ITEM_FIELD=1 PagePreviewApp-NuWdTQlt.js:3:129123
[op-effects] depth=2 "Dinner Nutrition" UPDATE_ITEM_FIELD=1 PagePreviewApp-NuWdTQlt.js:3:129123
[op-effects] depth=2 "Snack Nutrition" UPDATE_ITEM_FIELD=1 PagePreviewApp-NuWdTQlt.js:3:129123
[op-effects] depth=2 "Checking Balance" UPDATE_ITEM_FIELD=1 PagePreviewApp-NuWdTQlt.js:3:129123
[op-effects] depth=2 "Mom's Account Balance" UPDATE_ITEM_FIELD=1 PagePreviewApp-NuWdTQlt.js:3:129123
[op-effects] depth=2 "Total Workouts" UPDATE_ITEM_FIELD=1 PagePreviewApp-NuWdTQlt.js:3:129123
[op-effects] depth=2 "Total Reading Time" UPDATE_ITEM_FIELD=1 PagePreviewApp-NuWdTQlt.js:3:129123
[op-effects] depth=2 "Completion Rate" UPDATE_ITEM_FIELD=1 PagePreviewApp-NuWdTQlt.js:3:129123
[op-effects] depth=2 "Time Spent This Week" UPDATE_ITEM_FIELD=1 PagePreviewApp-NuWdTQlt.js:3:129123
[op-effects] depth=2 "Pomodoro History" UPDATE_ITEM_FIELD=2 PagePreviewApp-NuWdTQlt.js:3:129123
[op-effects] depth=2 "Current Streak" UPDATE_ITEM_FIELD=2 PagePreviewApp-NuWdTQlt.js:3:129123
[op-effects] depth=2 "Workout History" UPDATE_ITEM_FIELD=2 PagePreviewApp-NuWdTQlt.js:3:129123
[op-effects] depth=2 "Meal History" UPDATE_ITEM_FIELD=2 PagePreviewApp-NuWdTQlt.js:3:129123
[op-effects] depth=2 "Purchase History" UPDATE_ITEM_FIELD=2 PagePreviewApp-NuWdTQlt.js:3:129123
[op-effects] depth=2 "Day Page: Build Tasks Completed" UPDATE_ITEM_TEXTMAP=1 PagePreviewApp-NuWdTQlt.js:3:129123
[op-effects] depth=2 "Total Subscriptions" UPDATE_ITEM_FIELD=1 PagePreviewApp-NuWdTQlt.js:3:129123
[op-effects] depth=2 "Monthly Bills" UPDATE_ITEM_FIELD=1 PagePreviewApp-NuWdTQlt.js:3:129123
[op-effects] depth=2 "Canvas: Build" DELETE_ITEM=13 CREATE_ITEM=7 UPDATE_OCCURRENCE=7 UPDATE_ITEM_META=14 PagePreviewApp-NuWdTQlt.js:3:129123
[op-effects] depth=2 "People Table: Build" UPDATE_ITEM_META=1 PagePreviewApp-NuWdTQlt.js:3:129123
[op-fire-done] depth=2 OccurrenceDeleteOp 651ms total=85 display=0 PagePreviewApp-NuWdTQlt.js:3:129376
[op-fire] depth=2 OccurrenceDeleteOp occ=f98059b5 PagePreviewApp-NuWdTQlt.js:3:128547
[op-effects] depth=2 "Completed" UPDATE_ITEM_FIELD=1 PagePreviewApp-NuWdTQlt.js:3:129123
[op-effects] depth=2 "Task Countdown" UPDATE_ITEM_FIELD=1 PagePreviewApp-NuWdTQlt.js:3:129123
[op-effects] depth=2 "Steps" UPDATE_ITEM_FIELD=1 PagePreviewApp-NuWdTQlt.js:3:129123
[op-effects] depth=2 "Water" UPDATE_ITEM_FIELD=1 PagePreviewApp-NuWdTQlt.js:3:129123
[op-effects] depth=2 "Time Spent" UPDATE_ITEM_FIELD=1 PagePreviewApp-NuWdTQlt.js:3:129123
[op-effects] depth=2 "Pages" UPDATE_ITEM_FIELD=1 PagePreviewApp-NuWdTQlt.js:3:129123
[op-effects] depth=2 "Pomodoros Today" UPDATE_ITEM_FIELD=1 PagePreviewApp-NuWdTQlt.js:3:129123
[op-effects] depth=2 "Pomodoro Time" UPDATE_ITEM_FIELD=1 PagePreviewApp-NuWdTQlt.js:3:129123
[op-effects] depth=2 "Spent" UPDATE_ITEM_FIELD=1 PagePreviewApp-NuWdTQlt.js:3:129123
[op-effects] depth=2 "Earned" UPDATE_ITEM_FIELD=1 PagePreviewApp-NuWdTQlt.js:3:129123
[op-effects] depth=2 "Protein" UPDATE_ITEM_FIELD=1 PagePreviewApp-NuWdTQlt.js:3:129123
[op-effects] depth=2 "Carbs" UPDATE_ITEM_FIELD=1 PagePreviewApp-NuWdTQlt.js:3:129123
[op-effects] depth=2 "Fats" UPDATE_ITEM_FIELD=1 PagePreviewApp-NuWdTQlt.js:3:129123
[op-effects] depth=2 "Total Reps" UPDATE_ITEM_FIELD=1 PagePreviewApp-NuWdTQlt.js:3:129123
[op-effects] depth=2 "Chest Volume" UPDATE_ITEM_FIELD=1 PagePreviewApp-NuWdTQlt.js:3:129123
[op-effects] depth=2 "Back Volume" UPDATE_ITEM_FIELD=1 PagePreviewApp-NuWdTQlt.js:3:129123
[op-effects] depth=2 "Legs Volume" UPDATE_ITEM_FIELD=1 PagePreviewApp-NuWdTQlt.js:3:129123
[op-effects] depth=2 "Shoulders Volume" UPDATE_ITEM_FIELD=1 PagePreviewApp-NuWdTQlt.js:3:129123
[op-effects] depth=2 "Arms Volume" UPDATE_ITEM_FIELD=1 PagePreviewApp-NuWdTQlt.js:3:129123
[op-effects] depth=2 "Cardio Volume" UPDATE_ITEM_FIELD=1 PagePreviewApp-NuWdTQlt.js:3:129123
[op-effects] depth=2 "Breakfast Nutrition" UPDATE_ITEM_FIELD=1 PagePreviewApp-NuWdTQlt.js:3:129123
[op-effects] depth=2 "Lunch Nutrition" UPDATE_ITEM_FIELD=1 PagePreviewApp-NuWdTQlt.js:3:129123
[op-effects] depth=2 "Dinner Nutrition" UPDATE_ITEM_FIELD=1 PagePreviewApp-NuWdTQlt.js:3:129123
[op-effects] depth=2 "Snack Nutrition" UPDATE_ITEM_FIELD=1 PagePreviewApp-NuWdTQlt.js:3:129123
[op-effects] depth=2 "Checking Balance" UPDATE_ITEM_FIELD=1 PagePreviewApp-NuWdTQlt.js:3:129123
[op-effects] depth=2 "Mom's Account Balance" UPDATE_ITEM_FIELD=1 PagePreviewApp-NuWdTQlt.js:3:129123
[op-effects] depth=2 "Total Workouts" UPDATE_ITEM_FIELD=1 PagePreviewApp-NuWdTQlt.js:3:129123
[op-effects] depth=2 "Total Reading Time" UPDATE_ITEM_FIELD=1 PagePreviewApp-NuWdTQlt.js:3:129123
[op-effects] depth=2 "Completion Rate" UPDATE_ITEM_FIELD=1 PagePreviewApp-NuWdTQlt.js:3:129123
[op-effects] depth=2 "Time Spent This Week" UPDATE_ITEM_FIELD=1 PagePreviewApp-NuWdTQlt.js:3:129123
[op-effects] depth=2 "Pomodoro History" UPDATE_ITEM_FIELD=2 PagePreviewApp-NuWdTQlt.js:3:129123
[op-effects] depth=2 "Current Streak" UPDATE_ITEM_FIELD=2 PagePreviewApp-NuWdTQlt.js:3:129123
[op-effects] depth=2 "Workout History" UPDATE_ITEM_FIELD=2 PagePreviewApp-NuWdTQlt.js:3:129123
[op-effects] depth=2 "Meal History" UPDATE_ITEM_FIELD=2 PagePreviewApp-NuWdTQlt.js:3:129123
[op-effects] depth=2 "Purchase History" UPDATE_ITEM_FIELD=2 PagePreviewApp-NuWdTQlt.js:3:129123
[op-effects] depth=2 "Day Page: Build Tasks Completed" UPDATE_ITEM_TEXTMAP=1 PagePreviewApp-NuWdTQlt.js:3:129123
[op-effects] depth=2 "Total Subscriptions" UPDATE_ITEM_FIELD=1 PagePreviewApp-NuWdTQlt.js:3:129123
[op-effects] depth=2 "Monthly Bills" UPDATE_ITEM_FIELD=1 PagePreviewApp-NuWdTQlt.js:3:129123
[op-effects] depth=2 "Canvas: Build" DELETE_ITEM=13 CREATE_ITEM=7 UPDATE_OCCURRENCE=7 UPDATE_ITEM_META=14 PagePreviewApp-NuWdTQlt.js:3:129123
[op-effects] depth=2 "People Table: Build" UPDATE_ITEM_META=1 PagePreviewApp-NuWdTQlt.js:3:129123
[op-fire-done] depth=2 OccurrenceDeleteOp 654ms total=85 display=0 PagePreviewApp-NuWdTQlt.js:3:129376
[op-fire-done] depth=1 MeasureOp 9158ms total=29 display=0 PagePreviewApp-NuWdTQlt.js:3:129376
[op-fire] depth=1 MeasureOp occ=a210504d 2 PagePreviewApp-NuWdTQlt.js:3:128547
[op-effects] depth=1 "Table: Build" DELETE_ITEM=7 CREATE_ITEM=7 UPDATE_OCCURRENCE=7 UPDATE_ITEM_META=2 PagePreviewApp-NuWdTQlt.js:3:129123
[op-fire] depth=2 OccurrenceDeleteOp occ=75d57290 PagePreviewApp-NuWdTQlt.js:3:128547
[op-effects] depth=2 "Completed" UPDATE_ITEM_FIELD=1 PagePreviewApp-NuWdTQlt.js:3:129123
[op-effects] depth=2 "Task Countdown" UPDATE_ITEM_FIELD=1 PagePreviewApp-NuWdTQlt.js:3:129123
[op-effects] depth=2 "Steps" UPDATE_ITEM_FIELD=1 PagePreviewApp-NuWdTQlt.js:3:129123
[op-effects] depth=2 "Water" UPDATE_ITEM_FIELD=1 PagePreviewApp-NuWdTQlt.js:3:129123
[op-effects] depth=2 "Time Spent" UPDATE_ITEM_FIELD=1 PagePreviewApp-NuWdTQlt.js:3:129123
[op-effects] depth=2 "Pages" UPDATE_ITEM_FIELD=1 PagePreviewApp-NuWdTQlt.js:3:129123
[op-effects] depth=2 "Pomodoros Today" UPDATE_ITEM_FIELD=1 PagePreviewApp-NuWdTQlt.js:3:129123
[op-effects] depth=2 "Pomodoro Time" UPDATE_ITEM_FIELD=1 PagePreviewApp-NuWdTQlt.js:3:129123
[op-effects] depth=2 "Spent" UPDATE_ITEM_FIELD=1 PagePreviewApp-NuWdTQlt.js:3:129123
[op-effects] depth=2 "Earned" UPDATE_ITEM_FIELD=1 PagePreviewApp-NuWdTQlt.js:3:129123
[op-effects] depth=2 "Protein" UPDATE_ITEM_FIELD=1 PagePreviewApp-NuWdTQlt.js:3:129123
[op-effects] depth=2 "Carbs" UPDATE_ITEM_FIELD=1 PagePreviewApp-NuWdTQlt.js:3:129123
[op-effects] depth=2 "Fats" UPDATE_ITEM_FIELD=1 PagePreviewApp-NuWdTQlt.js:3:129123
[op-effects] depth=2 "Total Reps" UPDATE_ITEM_FIELD=1 PagePreviewApp-NuWdTQlt.js:3:129123
[op-effects] depth=2 "Chest Volume" UPDATE_ITEM_FIELD=1 PagePreviewApp-NuWdTQlt.js:3:129123
[op-effects] depth=2 "Back Volume" UPDATE_ITEM_FIELD=1 PagePreviewApp-NuWdTQlt.js:3:129123
[op-effects] depth=2 "Legs Volume" UPDATE_ITEM_FIELD=1 PagePreviewApp-NuWdTQlt.js:3:129123
[op-effects] depth=2 "Shoulders Volume" UPDATE_ITEM_FIELD=1 PagePreviewApp-NuWdTQlt.js:3:129123
[op-effects] depth=2 "Arms Volume" UPDATE_ITEM_FIELD=1 PagePreviewApp-NuWdTQlt.js:3:129123
[op-effects] depth=2 "Cardio Volume" UPDATE_ITEM_FIELD=1 PagePreviewApp-NuWdTQlt.js:3:129123
[op-effects] depth=2 "Breakfast Nutrition" UPDATE_ITEM_FIELD=1 PagePreviewApp-NuWdTQlt.js:3:129123
[op-effects] depth=2 "Lunch Nutrition" UPDATE_ITEM_FIELD=1 PagePreviewApp-NuWdTQlt.js:3:129123
[op-effects] depth=2 "Dinner Nutrition" UPDATE_ITEM_FIELD=1 PagePreviewApp-NuWdTQlt.js:3:129123
[op-effects] depth=2 "Snack Nutrition" UPDATE_ITEM_FIELD=1 PagePreviewApp-NuWdTQlt.js:3:129123
[op-effects] depth=2 "Checking Balance" UPDATE_ITEM_FIELD=1 PagePreviewApp-NuWdTQlt.js:3:129123
[op-effects] depth=2 "Mom's Account Balance" UPDATE_ITEM_FIELD=1 PagePreviewApp-NuWdTQlt.js:3:129123
[op-effects] depth=2 "Total Workouts" UPDATE_ITEM_FIELD=1 PagePreviewApp-NuWdTQlt.js:3:129123
[op-effects] depth=2 "Total Reading Time" UPDATE_ITEM_FIELD=1 PagePreviewApp-NuWdTQlt.js:3:129123
[op-effects] depth=2 "Completion Rate" UPDATE_ITEM_FIELD=1 PagePreviewApp-NuWdTQlt.js:3:129123
[op-effects] depth=2 "Time Spent This Week" UPDATE_ITEM_FIELD=1 PagePreviewApp-NuWdTQlt.js:3:129123
[op-effects] depth=2 "Pomodoro History" UPDATE_ITEM_FIELD=2 PagePreviewApp-NuWdTQlt.js:3:129123
[op-effects] depth=2 "Current Streak" UPDATE_ITEM_FIELD=2 PagePreviewApp-NuWdTQlt.js:3:129123
[op-effects] depth=2 "Workout History" UPDATE_ITEM_FIELD=2 PagePreviewApp-NuWdTQlt.js:3:129123
[op-effects] depth=2 "Meal History" UPDATE_ITEM_FIELD=2 PagePreviewApp-NuWdTQlt.js:3:129123
[op-effects] depth=2 "Purchase History" UPDATE_ITEM_FIELD=2 PagePreviewApp-NuWdTQlt.js:3:129123
[op-effects] depth=2 "Day Page: Build Tasks Completed" UPDATE_ITEM_TEXTMAP=1 PagePreviewApp-NuWdTQlt.js:3:129123
[op-effects] depth=2 "Total Subscriptions" UPDATE_ITEM_FIELD=1 PagePreviewApp-NuWdTQlt.js:3:129123
[op-effects] depth=2 "Monthly Bills" UPDATE_ITEM_FIELD=1 PagePreviewApp-NuWdTQlt.js:3:129123
[op-effects] depth=2 "Canvas: Build" DELETE_ITEM=7 CREATE_ITEM=7 UPDATE_OCCURRENCE=7 UPDATE_ITEM_META=14 PagePreviewApp-NuWdTQlt.js:3:129123
[op-effects] depth=2 "People Table: Build" UPDATE_ITEM_META=1 PagePreviewApp-NuWdTQlt.js:3:129123
[op-fire-done] depth=2 OccurrenceDeleteOp 698ms total=79 display=0 PagePreviewApp-NuWdTQlt.js:3:129376
[op-fire] depth=2 OccurrenceDeleteOp occ=c956b00f PagePreviewApp-NuWdTQlt.js:3:128547
[op-effects] depth=2 "Completed" UPDATE_ITEM_FIELD=1 PagePreviewApp-NuWdTQlt.js:3:129123
[op-effects] depth=2 "Task Countdown" UPDATE_ITEM_FIELD=1 PagePreviewApp-NuWdTQlt.js:3:129123
[op-effects] depth=2 "Steps" UPDATE_ITEM_FIELD=1 PagePreviewApp-NuWdTQlt.js:3:129123
[op-effects] depth=2 "Water" UPDATE_ITEM_FIELD=1 PagePreviewApp-NuWdTQlt.js:3:129123
[op-effects] depth=2 "Time Spent" UPDATE_ITEM_FIELD=1 PagePreviewApp-NuWdTQlt.js:3:129123
[op-effects] depth=2 "Pages" UPDATE_ITEM_FIELD=1 PagePreviewApp-NuWdTQlt.js:3:129123
[op-effects] depth=2 "Pomodoros Today" UPDATE_ITEM_FIELD=1 PagePreviewApp-NuWdTQlt.js:3:129123
[op-effects] depth=2 "Pomodoro Time" UPDATE_ITEM_FIELD=1 PagePreviewApp-NuWdTQlt.js:3:129123
[op-effects] depth=2 "Spent" UPDATE_ITEM_FIELD=1 PagePreviewApp-NuWdTQlt.js:3:129123
[op-effects] depth=2 "Earned" UPDATE_ITEM_FIELD=1 PagePreviewApp-NuWdTQlt.js:3:129123
[op-effects] depth=2 "Protein" UPDATE_ITEM_FIELD=1 PagePreviewApp-NuWdTQlt.js:3:129123
[op-effects] depth=2 "Carbs" UPDATE_ITEM_FIELD=1 PagePreviewApp-NuWdTQlt.js:3:129123
[op-effects] depth=2 "Fats" UPDATE_ITEM_FIELD=1 PagePreviewApp-NuWdTQlt.js:3:129123
[op-effects] depth=2 "Total Reps" UPDATE_ITEM_FIELD=1 PagePreviewApp-NuWdTQlt.js:3:129123
[op-effects] depth=2 "Chest Volume" UPDATE_ITEM_FIELD=1 PagePreviewApp-NuWdTQlt.js:3:129123
[op-effects] depth=2 "Back Volume" UPDATE_ITEM_FIELD=1 PagePreviewApp-NuWdTQlt.js:3:129123
[op-effects] depth=2 "Legs Volume" UPDATE_ITEM_FIELD=1 PagePreviewApp-NuWdTQlt.js:3:129123
[op-effects] depth=2 "Shoulders Volume" UPDATE_ITEM_FIELD=1 PagePreviewApp-NuWdTQlt.js:3:129123
[op-effects] depth=2 "Arms Volume" UPDATE_ITEM_FIELD=1 PagePreviewApp-NuWdTQlt.js:3:129123
[op-effects] depth=2 "Cardio Volume" UPDATE_ITEM_FIELD=1 PagePreviewApp-NuWdTQlt.js:3:129123
[op-effects] depth=2 "Breakfast Nutrition" UPDATE_ITEM_FIELD=1 PagePreviewApp-NuWdTQlt.js:3:129123
[op-effects] depth=2 "Lunch Nutrition" UPDATE_ITEM_FIELD=1 PagePreviewApp-NuWdTQlt.js:3:129123
[op-effects] depth=2 "Dinner Nutrition" UPDATE_ITEM_FIELD=1 PagePreviewApp-NuWdTQlt.js:3:129123
[op-effects] depth=2 "Snack Nutrition" UPDATE_ITEM_FIELD=1 PagePreviewApp-NuWdTQlt.js:3:129123
[op-effects] depth=2 "Checking Balance" UPDATE_ITEM_FIELD=1 PagePreviewApp-NuWdTQlt.js:3:129123
[op-effects] depth=2 "Mom's Account Balance" UPDATE_ITEM_FIELD=1 PagePreviewApp-NuWdTQlt.js:3:129123
[op-effects] depth=2 "Total Workouts" UPDATE_ITEM_FIELD=1 PagePreviewApp-NuWdTQlt.js:3:129123
[op-effects] depth=2 "Total Reading Time" UPDATE_ITEM_FIELD=1 PagePreviewApp-NuWdTQlt.js:3:129123
[op-effects] depth=2 "Completion Rate" UPDATE_ITEM_FIELD=1 PagePreviewApp-NuWdTQlt.js:3:129123
[op-effects] depth=2 "Time Spent This Week" UPDATE_ITEM_FIELD=1 PagePreviewApp-NuWdTQlt.js:3:129123
[op-effects] depth=2 "Pomodoro History" UPDATE_ITEM_FIELD=2 PagePreviewApp-NuWdTQlt.js:3:129123
[op-effects] depth=2 "Current Streak" UPDATE_ITEM_FIELD=2 PagePreviewApp-NuWdTQlt.js:3:129123
[op-effects] depth=2 "Workout History" UPDATE_ITEM_FIELD=2 PagePreviewApp-NuWdTQlt.js:3:129123
[op-effects] depth=2 "Meal History" UPDATE_ITEM_FIELD=2 PagePreviewApp-NuWdTQlt.js:3:129123
[op-effects] depth=2 "Purchase History" UPDATE_ITEM_FIELD=2 PagePreviewApp-NuWdTQlt.js:3:129123
[op-effects] depth=2 "Day Page: Build Tasks Completed" UPDATE_ITEM_TEXTMAP=1 PagePreviewApp-NuWdTQlt.js:3:129123
[op-effects] depth=2 "Total Subscriptions" UPDATE_ITEM_FIELD=1 PagePreviewApp-NuWdTQlt.js:3:129123
[op-effects] depth=2 "Monthly Bills" UPDATE_ITEM_FIELD=1 PagePreviewApp-NuWdTQlt.js:3:129123
[op-effects] depth=2 "Canvas: Build" DELETE_ITEM=14 CREATE_ITEM=7 UPDATE_OCCURRENCE=7 UPDATE_ITEM_META=14 PagePreviewApp-NuWdTQlt.js:3:129123
[op-effects] depth=2 "People Table: Build" UPDATE_ITEM_META=1 PagePreviewApp-NuWdTQlt.js:3:129123
[op-fire-done] depth=2 OccurrenceDeleteOp 798ms total=86 display=0 PagePreviewApp-NuWdTQlt.js:3:129376
[op-fire] depth=2 OccurrenceDeleteOp occ=f8374991 PagePreviewApp-NuWdTQlt.js:3:128547
[op-effects] depth=2 "Completed" UPDATE_ITEM_FIELD=1 PagePreviewApp-NuWdTQlt.js:3:129123
[op-effects] depth=2 "Task Countdown" UPDATE_ITEM_FIELD=1 PagePreviewApp-NuWdTQlt.js:3:129123
[op-effects] depth=2 "Steps" UPDATE_ITEM_FIELD=1 PagePreviewApp-NuWdTQlt.js:3:129123
[op-effects] depth=2 "Water" UPDATE_ITEM_FIELD=1 PagePreviewApp-NuWdTQlt.js:3:129123
[op-effects] depth=2 "Time Spent" UPDATE_ITEM_FIELD=1 PagePreviewApp-NuWdTQlt.js:3:129123
[op-effects] depth=2 "Pages" UPDATE_ITEM_FIELD=1 PagePreviewApp-NuWdTQlt.js:3:129123
[op-effects] depth=2 "Pomodoros Today" UPDATE_ITEM_FIELD=1 PagePreviewApp-NuWdTQlt.js:3:129123
[op-effects] depth=2 "Pomodoro Time" UPDATE_ITEM_FIELD=1 PagePreviewApp-NuWdTQlt.js:3:129123
[op-effects] depth=2 "Spent" UPDATE_ITEM_FIELD=1 PagePreviewApp-NuWdTQlt.js:3:129123
[op-effects] depth=2 "Earned" UPDATE_ITEM_FIELD=1 PagePreviewApp-NuWdTQlt.js:3:129123
[op-effects] depth=2 "Protein" UPDATE_ITEM_FIELD=1 PagePreviewApp-NuWdTQlt.js:3:129123
[op-effects] depth=2 "Carbs" UPDATE_ITEM_FIELD=1 PagePreviewApp-NuWdTQlt.js:3:129123
[op-effects] depth=2 "Fats" UPDATE_ITEM_FIELD=1 PagePreviewApp-NuWdTQlt.js:3:129123
[op-effects] depth=2 "Total Reps" UPDATE_ITEM_FIELD=1 PagePreviewApp-NuWdTQlt.js:3:129123
[op-effects] depth=2 "Chest Volume" UPDATE_ITEM_FIELD=1 PagePreviewApp-NuWdTQlt.js:3:129123
[op-effects] depth=2 "Back Volume" UPDATE_ITEM_FIELD=1 PagePreviewApp-NuWdTQlt.js:3:129123
[op-effects] depth=2 "Legs Volume" UPDATE_ITEM_FIELD=1 PagePreviewApp-NuWdTQlt.js:3:129123
[op-effects] depth=2 "Shoulders Volume" UPDATE_ITEM_FIELD=1 PagePreviewApp-NuWdTQlt.js:3:129123
[op-effects] depth=2 "Arms Volume" UPDATE_ITEM_FIELD=1 PagePreviewApp-NuWdTQlt.js:3:129123
[op-effects] depth=2 "Cardio Volume" UPDATE_ITEM_FIELD=1 PagePreviewApp-NuWdTQlt.js:3:129123
[op-effects] depth=2 "Breakfast Nutrition" UPDATE_ITEM_FIELD=1 PagePreviewApp-NuWdTQlt.js:3:129123
[op-effects] depth=2 "Lunch Nutrition" UPDATE_ITEM_FIELD=1 PagePreviewApp-NuWdTQlt.js:3:129123
[op-effects] depth=2 "Dinner Nutrition" UPDATE_ITEM_FIELD=1 PagePreviewApp-NuWdTQlt.js:3:129123
[op-effects] depth=2 "Snack Nutrition" UPDATE_ITEM_FIELD=1 PagePreviewApp-NuWdTQlt.js:3:129123
[op-effects] depth=2 "Checking Balance" UPDATE_ITEM_FIELD=1 PagePreviewApp-NuWdTQlt.js:3:129123
[op-effects] depth=2 "Mom's Account Balance" UPDATE_ITEM_FIELD=1 PagePreviewApp-NuWdTQlt.js:3:129123
[op-effects] depth=2 "Total Workouts" UPDATE_ITEM_FIELD=1 PagePreviewApp-NuWdTQlt.js:3:129123
[op-effects] depth=2 "Total Reading Time" UPDATE_ITEM_FIELD=1 PagePreviewApp-NuWdTQlt.js:3:129123
[op-effects] depth=2 "Completion Rate" UPDATE_ITEM_FIELD=1 PagePreviewApp-NuWdTQlt.js:3:129123
[op-effects] depth=2 "Time Spent This Week" UPDATE_ITEM_FIELD=1 PagePreviewApp-NuWdTQlt.js:3:129123
[op-effects] depth=2 "Pomodoro History" UPDATE_ITEM_FIELD=2 PagePreviewApp-NuWdTQlt.js:3:129123
[op-effects] depth=2 "Current Streak" UPDATE_ITEM_FIELD=2 PagePreviewApp-NuWdTQlt.js:3:129123
[op-effects] depth=2 "Workout History" UPDATE_ITEM_FIELD=2 PagePreviewApp-NuWdTQlt.js:3:129123
[op-effects] depth=2 "Meal History" UPDATE_ITEM_FIELD=2 PagePreviewApp-NuWdTQlt.js:3:129123
[op-effects] depth=2 "Purchase History" UPDATE_ITEM_FIELD=2 PagePreviewApp-NuWdTQlt.js:3:129123
[op-effects] depth=2 "Day Page: Build Tasks Completed" UPDATE_ITEM_TEXTMAP=1 PagePreviewApp-NuWdTQlt.js:3:129123
[op-effects] depth=2 "Total Subscriptions" UPDATE_ITEM_FIELD=1 PagePreviewApp-NuWdTQlt.js:3:129123
[op-effects] depth=2 "Monthly Bills" UPDATE_ITEM_FIELD=1 PagePreviewApp-NuWdTQlt.js:3:129123
[op-effects] depth=2 "Canvas: Build" DELETE_ITEM=14 CREATE_ITEM=7 UPDATE_OCCURRENCE=7 UPDATE_ITEM_META=14 PagePreviewApp-NuWdTQlt.js:3:129123
[op-effects] depth=2 "People Table: Build" UPDATE_ITEM_META=1 PagePreviewApp-NuWdTQlt.js:3:129123
[op-fire-done] depth=2 OccurrenceDeleteOp 721ms total=86 display=0 PagePreviewApp-NuWdTQlt.js:3:129376
[op-fire] depth=2 OccurrenceDeleteOp occ=27128f5b PagePreviewApp-NuWdTQlt.js:3:128547
[op-effects] depth=2 "Completed" UPDATE_ITEM_FIELD=1 PagePreviewApp-NuWdTQlt.js:3:129123
[op-effects] depth=2 "Task Countdown" UPDATE_ITEM_FIELD=1 PagePreviewApp-NuWdTQlt.js:3:129123
[op-effects] depth=2 "Steps" UPDATE_ITEM_FIELD=1 PagePreviewApp-NuWdTQlt.js:3:129123
[op-effects] depth=2 "Water" UPDATE_ITEM_FIELD=1 PagePreviewApp-NuWdTQlt.js:3:129123
[op-effects] depth=2 "Time Spent" UPDATE_ITEM_FIELD=1 PagePreviewApp-NuWdTQlt.js:3:129123
[op-effects] depth=2 "Pages" UPDATE_ITEM_FIELD=1 PagePreviewApp-NuWdTQlt.js:3:129123
[op-effects] depth=2 "Pomodoros Today" UPDATE_ITEM_FIELD=1 PagePreviewApp-NuWdTQlt.js:3:129123
[op-effects] depth=2 "Pomodoro Time" UPDATE_ITEM_FIELD=1 PagePreviewApp-NuWdTQlt.js:3:129123
[op-effects] depth=2 "Spent" UPDATE_ITEM_FIELD=1 PagePreviewApp-NuWdTQlt.js:3:129123
[op-effects] depth=2 "Earned" UPDATE_ITEM_FIELD=1 PagePreviewApp-NuWdTQlt.js:3:129123
[op-effects] depth=2 "Protein" UPDATE_ITEM_FIELD=1 PagePreviewApp-NuWdTQlt.js:3:129123
[op-effects] depth=2 "Carbs" UPDATE_ITEM_FIELD=1 PagePreviewApp-NuWdTQlt.js:3:129123
[op-effects] depth=2 "Fats" UPDATE_ITEM_FIELD=1 PagePreviewApp-NuWdTQlt.js:3:129123
[op-effects] depth=2 "Total Reps" UPDATE_ITEM_FIELD=1 PagePreviewApp-NuWdTQlt.js:3:129123
[op-effects] depth=2 "Chest Volume" UPDATE_ITEM_FIELD=1 PagePreviewApp-NuWdTQlt.js:3:129123
[op-effects] depth=2 "Back Volume" UPDATE_ITEM_FIELD=1 PagePreviewApp-NuWdTQlt.js:3:129123
[op-effects] depth=2 "Legs Volume" UPDATE_ITEM_FIELD=1 PagePreviewApp-NuWdTQlt.js:3:129123
[op-effects] depth=2 "Shoulders Volume" UPDATE_ITEM_FIELD=1 PagePreviewApp-NuWdTQlt.js:3:129123
[op-effects] depth=2 "Arms Volume" UPDATE_ITEM_FIELD=1 PagePreviewApp-NuWdTQlt.js:3:129123
[op-effects] depth=2 "Cardio Volume" UPDATE_ITEM_FIELD=1 PagePreviewApp-NuWdTQlt.js:3:129123
[op-effects] depth=2 "Breakfast Nutrition" UPDATE_ITEM_FIELD=1 PagePreviewApp-NuWdTQlt.js:3:129123
[op-effects] depth=2 "Lunch Nutrition" UPDATE_ITEM_FIELD=1 PagePreviewApp-NuWdTQlt.js:3:129123
[op-effects] depth=2 "Dinner Nutrition" UPDATE_ITEM_FIELD=1 PagePreviewApp-NuWdTQlt.js:3:129123
[op-effects] depth=2 "Snack Nutrition" UPDATE_ITEM_FIELD=1 PagePreviewApp-NuWdTQlt.js:3:129123
[op-effects] depth=2 "Checking Balance" UPDATE_ITEM_FIELD=1 PagePreviewApp-NuWdTQlt.js:3:129123
[op-effects] depth=2 "Mom's Account Balance" UPDATE_ITEM_FIELD=1 PagePreviewApp-NuWdTQlt.js:3:129123
[op-effects] depth=2 "Total Workouts" UPDATE_ITEM_FIELD=1 PagePreviewApp-NuWdTQlt.js:3:129123
[op-effects] depth=2 "Total Reading Time" UPDATE_ITEM_FIELD=1 PagePreviewApp-NuWdTQlt.js:3:129123
[op-effects] depth=2 "Completion Rate" UPDATE_ITEM_FIELD=1 PagePreviewApp-NuWdTQlt.js:3:129123
[op-effects] depth=2 "Time Spent This Week" UPDATE_ITEM_FIELD=1 PagePreviewApp-NuWdTQlt.js:3:129123
[op-effects] depth=2 "Pomodoro History" UPDATE_ITEM_FIELD=2 PagePreviewApp-NuWdTQlt.js:3:129123
[op-effects] depth=2 "Current Streak" UPDATE_ITEM_FIELD=2 PagePreviewApp-NuWdTQlt.js:3:129123
[op-effects] depth=2 "Workout History" UPDATE_ITEM_FIELD=2 PagePreviewApp-NuWdTQlt.js:3:129123
[op-effects] depth=2 "Meal History" UPDATE_ITEM_FIELD=2 PagePreviewApp-NuWdTQlt.js:3:129123
[op-effects] depth=2 "Purchase History" UPDATE_ITEM_FIELD=2 PagePreviewApp-NuWdTQlt.js:3:129123
[op-effects] depth=2 "Day Page: Build Tasks Completed" UPDATE_ITEM_TEXTMAP=1 PagePreviewApp-NuWdTQlt.js:3:129123
[op-effects] depth=2 "Total Subscriptions" UPDATE_ITEM_FIELD=1 PagePreviewApp-NuWdTQlt.js:3:129123
[op-effects] depth=2 "Monthly Bills" UPDATE_ITEM_FIELD=1 PagePreviewApp-NuWdTQlt.js:3:129123
[op-effects] depth=2 "Canvas: Build" DELETE_ITEM=14 CREATE_ITEM=7 UPDATE_OCCURRENCE=7 UPDATE_ITEM_META=14 PagePreviewApp-NuWdTQlt.js:3:129123
[op-effects] depth=2 "People Table: Build" UPDATE_ITEM_META=1 PagePreviewApp-NuWdTQlt.js:3:129123
[op-fire-done] depth=2 OccurrenceDeleteOp 664ms total=86 display=0 PagePreviewApp-NuWdTQlt.js:3:129376
[op-fire] depth=2 OccurrenceDeleteOp occ=ae84a55e PagePreviewApp-NuWdTQlt.js:3:128547
[op-effects] depth=2 "Completed" UPDATE_ITEM_FIELD=1 PagePreviewApp-NuWdTQlt.js:3:129123
[op-effects] depth=2 "Task Countdown" UPDATE_ITEM_FIELD=1 PagePreviewApp-NuWdTQlt.js:3:129123
[op-effects] depth=2 "Steps" UPDATE_ITEM_FIELD=1 PagePreviewApp-NuWdTQlt.js:3:129123
[op-effects] depth=2 "Water" UPDATE_ITEM_FIELD=1 PagePreviewApp-NuWdTQlt.js:3:129123
[op-effects] depth=2 "Time Spent" UPDATE_ITEM_FIELD=1 PagePreviewApp-NuWdTQlt.js:3:129123
[op-effects] depth=2 "Pages" UPDATE_ITEM_FIELD=1 PagePreviewApp-NuWdTQlt.js:3:129123
[op-effects] depth=2 "Pomodoros Today" UPDATE_ITEM_FIELD=1 PagePreviewApp-NuWdTQlt.js:3:129123
[op-effects] depth=2 "Pomodoro Time" UPDATE_ITEM_FIELD=1 PagePreviewApp-NuWdTQlt.js:3:129123
[op-effects] depth=2 "Spent" UPDATE_ITEM_FIELD=1 PagePreviewApp-NuWdTQlt.js:3:129123
[op-effects] depth=2 "Earned" UPDATE_ITEM_FIELD=1 PagePreviewApp-NuWdTQlt.js:3:129123
[op-effects] depth=2 "Protein" UPDATE_ITEM_FIELD=1 PagePreviewApp-NuWdTQlt.js:3:129123
[op-effects] depth=2 "Carbs" UPDATE_ITEM_FIELD=1 PagePreviewApp-NuWdTQlt.js:3:129123
[op-effects] depth=2 "Fats" UPDATE_ITEM_FIELD=1 PagePreviewApp-NuWdTQlt.js:3:129123
[op-effects] depth=2 "Total Reps" UPDATE_ITEM_FIELD=1 PagePreviewApp-NuWdTQlt.js:3:129123
[op-effects] depth=2 "Chest Volume" UPDATE_ITEM_FIELD=1 PagePreviewApp-NuWdTQlt.js:3:129123
[op-effects] depth=2 "Back Volume" UPDATE_ITEM_FIELD=1 PagePreviewApp-NuWdTQlt.js:3:129123
[op-effects] depth=2 "Legs Volume" UPDATE_ITEM_FIELD=1 PagePreviewApp-NuWdTQlt.js:3:129123
[op-effects] depth=2 "Shoulders Volume" UPDATE_ITEM_FIELD=1 PagePreviewApp-NuWdTQlt.js:3:129123
[op-effects] depth=2 "Arms Volume" UPDATE_ITEM_FIELD=1 PagePreviewApp-NuWdTQlt.js:3:129123
[op-effects] depth=2 "Cardio Volume" UPDATE_ITEM_FIELD=1 PagePreviewApp-NuWdTQlt.js:3:129123
[op-effects] depth=2 "Breakfast Nutrition" UPDATE_ITEM_FIELD=1 PagePreviewApp-NuWdTQlt.js:3:129123
[op-effects] depth=2 "Lunch Nutrition" UPDATE_ITEM_FIELD=1 PagePreviewApp-NuWdTQlt.js:3:129123
[op-effects] depth=2 "Dinner Nutrition" UPDATE_ITEM_FIELD=1 PagePreviewApp-NuWdTQlt.js:3:129123
[op-effects] depth=2 "Snack Nutrition" UPDATE_ITEM_FIELD=1 PagePreviewApp-NuWdTQlt.js:3:129123
[op-effects] depth=2 "Checking Balance" UPDATE_ITEM_FIELD=1 PagePreviewApp-NuWdTQlt.js:3:129123
[op-effects] depth=2 "Mom's Account Balance" UPDATE_ITEM_FIELD=1 PagePreviewApp-NuWdTQlt.js:3:129123
[op-effects] depth=2 "Total Workouts" UPDATE_ITEM_FIELD=1 PagePreviewApp-NuWdTQlt.js:3:129123
[op-effects] depth=2 "Total Reading Time" UPDATE_ITEM_FIELD=1 PagePreviewApp-NuWdTQlt.js:3:129123
[op-effects] depth=2 "Completion Rate" UPDATE_ITEM_FIELD=1 PagePreviewApp-NuWdTQlt.js:3:129123
[op-effects] depth=2 "Time Spent This Week" UPDATE_ITEM_FIELD=1 PagePreviewApp-NuWdTQlt.js:3:129123
[op-effects] depth=2 "Pomodoro History" UPDATE_ITEM_FIELD=2 PagePreviewApp-NuWdTQlt.js:3:129123
[op-effects] depth=2 "Current Streak" UPDATE_ITEM_FIELD=2 PagePreviewApp-NuWdTQlt.js:3:129123
[op-effects] depth=2 "Workout History" UPDATE_ITEM_FIELD=2 PagePreviewApp-NuWdTQlt.js:3:129123
[op-effects] depth=2 "Meal History" UPDATE_ITEM_FIELD=2 PagePreviewApp-NuWdTQlt.js:3:129123
[op-effects] depth=2 "Purchase History" UPDATE_ITEM_FIELD=2 PagePreviewApp-NuWdTQlt.js:3:129123
[op-effects] depth=2 "Day Page: Build Tasks Completed" UPDATE_ITEM_TEXTMAP=1 PagePreviewApp-NuWdTQlt.js:3:129123
[op-effects] depth=2 "Total Subscriptions" UPDATE_ITEM_FIELD=1 PagePreviewApp-NuWdTQlt.js:3:129123
[op-effects] depth=2 "Monthly Bills" UPDATE_ITEM_FIELD=1 PagePreviewApp-NuWdTQlt.js:3:129123
[op-effects] depth=2 "Canvas: Build" DELETE_ITEM=14 CREATE_ITEM=7 UPDATE_OCCURRENCE=7 UPDATE_ITEM_META=14 PagePreviewApp-NuWdTQlt.js:3:129123
[op-effects] depth=2 "People Table: Build" UPDATE_ITEM_META=1 PagePreviewApp-NuWdTQlt.js:3:129123
[op-fire-done] depth=2 OccurrenceDeleteOp 924ms total=86 display=0 PagePreviewApp-NuWdTQlt.js:3:129376
[op-fire] depth=2 OccurrenceDeleteOp occ=f4316c7c PagePreviewApp-NuWdTQlt.js:3:128547
[op-effects] depth=2 "Completed" UPDATE_ITEM_FIELD=1 PagePreviewApp-NuWdTQlt.js:3:129123
[op-effects] depth=2 "Task Countdown" UPDATE_ITEM_FIELD=1 PagePreviewApp-NuWdTQlt.js:3:129123
[op-effects] depth=2 "Steps" UPDATE_ITEM_FIELD=1 PagePreviewApp-NuWdTQlt.js:3:129123
[op-effects] depth=2 "Water" UPDATE_ITEM_FIELD=1 PagePreviewApp-NuWdTQlt.js:3:129123
[op-effects] depth=2 "Time Spent" UPDATE_ITEM_FIELD=1 PagePreviewApp-NuWdTQlt.js:3:129123
[op-effects] depth=2 "Pages" UPDATE_ITEM_FIELD=1 PagePreviewApp-NuWdTQlt.js:3:129123
[op-effects] depth=2 "Pomodoros Today" UPDATE_ITEM_FIELD=1 PagePreviewApp-NuWdTQlt.js:3:129123
[op-effects] depth=2 "Pomodoro Time" UPDATE_ITEM_FIELD=1 PagePreviewApp-NuWdTQlt.js:3:129123
[op-effects] depth=2 "Spent" UPDATE_ITEM_FIELD=1 PagePreviewApp-NuWdTQlt.js:3:129123
[op-effects] depth=2 "Earned" UPDATE_ITEM_FIELD=1 PagePreviewApp-NuWdTQlt.js:3:129123
[op-effects] depth=2 "Protein" UPDATE_ITEM_FIELD=1 PagePreviewApp-NuWdTQlt.js:3:129123
[op-effects] depth=2 "Carbs" UPDATE_ITEM_FIELD=1 PagePreviewApp-NuWdTQlt.js:3:129123
[op-effects] depth=2 "Fats" UPDATE_ITEM_FIELD=1 PagePreviewApp-NuWdTQlt.js:3:129123
[op-effects] depth=2 "Total Reps" UPDATE_ITEM_FIELD=1 PagePreviewApp-NuWdTQlt.js:3:129123
[op-effects] depth=2 "Chest Volume" UPDATE_ITEM_FIELD=1 PagePreviewApp-NuWdTQlt.js:3:129123
[op-effects] depth=2 "Back Volume" UPDATE_ITEM_FIELD=1 PagePreviewApp-NuWdTQlt.js:3:129123
[op-effects] depth=2 "Legs Volume" UPDATE_ITEM_FIELD=1 PagePreviewApp-NuWdTQlt.js:3:129123
[op-effects] depth=2 "Shoulders Volume" UPDATE_ITEM_FIELD=1 PagePreviewApp-NuWdTQlt.js:3:129123
[op-effects] depth=2 "Arms Volume" UPDATE_ITEM_FIELD=1 PagePreviewApp-NuWdTQlt.js:3:129123
[op-effects] depth=2 "Cardio Volume" UPDATE_ITEM_FIELD=1 PagePreviewApp-NuWdTQlt.js:3:129123
[op-effects] depth=2 "Breakfast Nutrition" UPDATE_ITEM_FIELD=1 PagePreviewApp-NuWdTQlt.js:3:129123
[op-effects] depth=2 "Lunch Nutrition" UPDATE_ITEM_FIELD=1 PagePreviewApp-NuWdTQlt.js:3:129123
[op-effects] depth=2 "Dinner Nutrition" UPDATE_ITEM_FIELD=1 PagePreviewApp-NuWdTQlt.js:3:129123
[op-effects] depth=2 "Snack Nutrition" UPDATE_ITEM_FIELD=1 PagePreviewApp-NuWdTQlt.js:3:129123
[op-effects] depth=2 "Checking Balance" UPDATE_ITEM_FIELD=1 PagePreviewApp-NuWdTQlt.js:3:129123
[op-effects] depth=2 "Mom's Account Balance" UPDATE_ITEM_FIELD=1 PagePreviewApp-NuWdTQlt.js:3:129123
[op-effects] depth=2 "Total Workouts" UPDATE_ITEM_FIELD=1 PagePreviewApp-NuWdTQlt.js:3:129123
[op-effects] depth=2 "Total Reading Time" UPDATE_ITEM_FIELD=1 PagePreviewApp-NuWdTQlt.js:3:129123
[op-effects] depth=2 "Completion Rate" UPDATE_ITEM_FIELD=1 PagePreviewApp-NuWdTQlt.js:3:129123
[op-effects] depth=2 "Time Spent This Week" UPDATE_ITEM_FIELD=1 PagePreviewApp-NuWdTQlt.js:3:129123
[op-effects] depth=2 "Pomodoro History" UPDATE_ITEM_FIELD=2 PagePreviewApp-NuWdTQlt.js:3:129123
[op-effects] depth=2 "Current Streak" UPDATE_ITEM_FIELD=2 PagePreviewApp-NuWdTQlt.js:3:129123
[op-effects] depth=2 "Workout History" UPDATE_ITEM_FIELD=2 PagePreviewApp-NuWdTQlt.js:3:129123
[op-effects] depth=2 "Meal History" UPDATE_ITEM_FIELD=2 PagePreviewApp-NuWdTQlt.js:3:129123
[op-effects] depth=2 "Purchase History" UPDATE_ITEM_FIELD=2 PagePreviewApp-NuWdTQlt.js:3:129123
[op-effects] depth=2 "Day Page: Build Tasks Completed" UPDATE_ITEM_TEXTMAP=1 PagePreviewApp-NuWdTQlt.js:3:129123
[op-effects] depth=2 "Total Subscriptions" UPDATE_ITEM_FIELD=1 PagePreviewApp-NuWdTQlt.js:3:129123
[op-effects] depth=2 "Monthly Bills" UPDATE_ITEM_FIELD=1 PagePreviewApp-NuWdTQlt.js:3:129123
[op-effects] depth=2 "Canvas: Build" DELETE_ITEM=14 CREATE_ITEM=7 UPDATE_OCCURRENCE=7 UPDATE_ITEM_META=14 PagePreviewApp-NuWdTQlt.js:3:129123
[op-effects] depth=2 "People Table: Build" UPDATE_ITEM_META=1 PagePreviewApp-NuWdTQlt.js:3:129123
[op-fire-done] depth=2 OccurrenceDeleteOp 776ms total=86 display=0 PagePreviewApp-NuWdTQlt.js:3:129376
[op-fire] depth=2 OccurrenceDeleteOp occ=30f34810 PagePreviewApp-NuWdTQlt.js:3:128547
[op-effects] depth=2 "Completed" UPDATE_ITEM_FIELD=1 PagePreviewApp-NuWdTQlt.js:3:129123
[op-effects] depth=2 "Task Countdown" UPDATE_ITEM_FIELD=1 PagePreviewApp-NuWdTQlt.js:3:129123
[op-effects] depth=2 "Steps" UPDATE_ITEM_FIELD=1 PagePreviewApp-NuWdTQlt.js:3:129123
[op-effects] depth=2 "Water" UPDATE_ITEM_FIELD=1 PagePreviewApp-NuWdTQlt.js:3:129123
[op-effects] depth=2 "Time Spent" UPDATE_ITEM_FIELD=1 PagePreviewApp-NuWdTQlt.js:3:129123
[op-effects] depth=2 "Pages" UPDATE_ITEM_FIELD=1 PagePreviewApp-NuWdTQlt.js:3:129123
[op-effects] depth=2 "Pomodoros Today" UPDATE_ITEM_FIELD=1 PagePreviewApp-NuWdTQlt.js:3:129123
[op-effects] depth=2 "Pomodoro Time" UPDATE_ITEM_FIELD=1 PagePreviewApp-NuWdTQlt.js:3:129123
[op-effects] depth=2 "Spent" UPDATE_ITEM_FIELD=1 PagePreviewApp-NuWdTQlt.js:3:129123
[op-effects] depth=2 "Earned" UPDATE_ITEM_FIELD=1 PagePreviewApp-NuWdTQlt.js:3:129123
[op-effects] depth=2 "Protein" UPDATE_ITEM_FIELD=1 PagePreviewApp-NuWdTQlt.js:3:129123
[op-effects] depth=2 "Carbs" UPDATE_ITEM_FIELD=1 PagePreviewApp-NuWdTQlt.js:3:129123
[op-effects] depth=2 "Fats" UPDATE_ITEM_FIELD=1 PagePreviewApp-NuWdTQlt.js:3:129123
[op-effects] depth=2 "Total Reps" UPDATE_ITEM_FIELD=1 PagePreviewApp-NuWdTQlt.js:3:129123
[op-effects] depth=2 "Chest Volume" UPDATE_ITEM_FIELD=1 PagePreviewApp-NuWdTQlt.js:3:129123
[op-effects] depth=2 "Back Volume" UPDATE_ITEM_FIELD=1 PagePreviewApp-NuWdTQlt.js:3:129123
[op-effects] depth=2 "Legs Volume" UPDATE_ITEM_FIELD=1 PagePreviewApp-NuWdTQlt.js:3:129123
[op-effects] depth=2 "Shoulders Volume" UPDATE_ITEM_FIELD=1 PagePreviewApp-NuWdTQlt.js:3:129123
[op-effects] depth=2 "Arms Volume" UPDATE_ITEM_FIELD=1 PagePreviewApp-NuWdTQlt.js:3:129123
[op-effects] depth=2 "Cardio Volume" UPDATE_ITEM_FIELD=1 PagePreviewApp-NuWdTQlt.js:3:129123
[op-effects] depth=2 "Breakfast Nutrition" UPDATE_ITEM_FIELD=1 PagePreviewApp-NuWdTQlt.js:3:129123
[op-effects] depth=2 "Lunch Nutrition" UPDATE_ITEM_FIELD=1 PagePreviewApp-NuWdTQlt.js:3:129123
[op-effects] depth=2 "Dinner Nutrition" UPDATE_ITEM_FIELD=1 PagePreviewApp-NuWdTQlt.js:3:129123
[op-effects] depth=2 "Snack Nutrition" UPDATE_ITEM_FIELD=1 PagePreviewApp-NuWdTQlt.js:3:129123
[op-effects] depth=2 "Checking Balance" UPDATE_ITEM_FIELD=1 PagePreviewApp-NuWdTQlt.js:3:129123
[op-effects] depth=2 "Mom's Account Balance" UPDATE_ITEM_FIELD=1 PagePreviewApp-NuWdTQlt.js:3:129123
[op-effects] depth=2 "Total Workouts" UPDATE_ITEM_FIELD=1 PagePreviewApp-NuWdTQlt.js:3:129123
[op-effects] depth=2 "Total Reading Time" UPDATE_ITEM_FIELD=1 PagePreviewApp-NuWdTQlt.js:3:129123
[op-effects] depth=2 "Completion Rate" UPDATE_ITEM_FIELD=1 PagePreviewApp-NuWdTQlt.js:3:129123
[op-effects] depth=2 "Time Spent This Week" UPDATE_ITEM_FIELD=1 PagePreviewApp-NuWdTQlt.js:3:129123
[op-effects] depth=2 "Pomodoro History" UPDATE_ITEM_FIELD=2 PagePreviewApp-NuWdTQlt.js:3:129123
[op-effects] depth=2 "Current Streak" UPDATE_ITEM_FIELD=2 PagePreviewApp-NuWdTQlt.js:3:129123
[op-effects] depth=2 "Workout History" UPDATE_ITEM_FIELD=2 PagePreviewApp-NuWdTQlt.js:3:129123
[op-effects] depth=2 "Meal History" UPDATE_ITEM_FIELD=2 PagePreviewApp-NuWdTQlt.js:3:129123
[op-effects] depth=2 "Purchase History" UPDATE_ITEM_FIELD=2 PagePreviewApp-NuWdTQlt.js:3:129123
[op-effects] depth=2 "Day Page: Build Tasks Completed" UPDATE_ITEM_TEXTMAP=1 PagePreviewApp-NuWdTQlt.js:3:129123
[op-effects] depth=2 "Total Subscriptions" UPDATE_ITEM_FIELD=1 PagePreviewApp-NuWdTQlt.js:3:129123
[op-effects] depth=2 "Monthly Bills" UPDATE_ITEM_FIELD=1 PagePreviewApp-NuWdTQlt.js:3:129123
[op-effects] depth=2 "Canvas: Build" DELETE_ITEM=14 CREATE_ITEM=7 UPDATE_OCCURRENCE=7 UPDATE_ITEM_META=14 PagePreviewApp-NuWdTQlt.js:3:129123
[op-effects] depth=2 "People Table: Build" UPDATE_ITEM_META=1 PagePreviewApp-NuWdTQlt.js:3:129123
[op-fire-done] depth=2 OccurrenceDeleteOp 756ms total=86 display=0 PagePreviewApp-NuWdTQlt.js:3:129376
[op-fire-done] depth=1 MeasureOp 5443ms total=23 display=0 PagePreviewApp-NuWdTQlt.js:3:129376
[op-fire] depth=1 MeasureOp occ=ea8d855b 2 PagePreviewApp-NuWdTQlt.js:3:128547
[op-effects] depth=1 "Table: Build" DELETE_ITEM=14 CREATE_ITEM=7 UPDATE_OCCURRENCE=7 UPDATE_ITEM_META=2 PagePreviewApp-NuWdTQlt.js:3:129123
[op-fire] depth=2 OccurrenceDeleteOp occ=75d57290 PagePreviewApp-NuWdTQlt.js:3:128547
[op-effects] depth=2 "Completed" UPDATE_ITEM_FIELD=1 PagePreviewApp-NuWdTQlt.js:3:129123
[op-effects] depth=2 "Task Countdown" UPDATE_ITEM_FIELD=1 PagePreviewApp-NuWdTQlt.js:3:129123
[op-effects] depth=2 "Steps" UPDATE_ITEM_FIELD=1 PagePreviewApp-NuWdTQlt.js:3:129123
[op-effects] depth=2 "Water" UPDATE_ITEM_FIELD=1 PagePreviewApp-NuWdTQlt.js:3:129123
[op-effects] depth=2 "Time Spent" UPDATE_ITEM_FIELD=1 PagePreviewApp-NuWdTQlt.js:3:129123
[op-effects] depth=2 "Pages" UPDATE_ITEM_FIELD=1 PagePreviewApp-NuWdTQlt.js:3:129123
[op-effects] depth=2 "Pomodoros Today" UPDATE_ITEM_FIELD=1 PagePreviewApp-NuWdTQlt.js:3:129123
[op-effects] depth=2 "Pomodoro Time" UPDATE_ITEM_FIELD=1 PagePreviewApp-NuWdTQlt.js:3:129123
[op-effects] depth=2 "Spent" UPDATE_ITEM_FIELD=1 PagePreviewApp-NuWdTQlt.js:3:129123
[op-effects] depth=2 "Earned" UPDATE_ITEM_FIELD=1 PagePreviewApp-NuWdTQlt.js:3:129123
[op-effects] depth=2 "Protein" UPDATE_ITEM_FIELD=1 PagePreviewApp-NuWdTQlt.js:3:129123
[op-effects] depth=2 "Carbs" UPDATE_ITEM_FIELD=1 PagePreviewApp-NuWdTQlt.js:3:129123
[op-effects] depth=2 "Fats" UPDATE_ITEM_FIELD=1 PagePreviewApp-NuWdTQlt.js:3:129123
[op-effects] depth=2 "Total Reps" UPDATE_ITEM_FIELD=1 PagePreviewApp-NuWdTQlt.js:3:129123
[op-effects] depth=2 "Chest Volume" UPDATE_ITEM_FIELD=1 PagePreviewApp-NuWdTQlt.js:3:129123
[op-effects] depth=2 "Back Volume" UPDATE_ITEM_FIELD=1 PagePreviewApp-NuWdTQlt.js:3:129123
[op-effects] depth=2 "Legs Volume" UPDATE_ITEM_FIELD=1 PagePreviewApp-NuWdTQlt.js:3:129123
[op-effects] depth=2 "Shoulders Volume" UPDATE_ITEM_FIELD=1 PagePreviewApp-NuWdTQlt.js:3:129123
[op-effects] depth=2 "Arms Volume" UPDATE_ITEM_FIELD=1 PagePreviewApp-NuWdTQlt.js:3:129123
[op-effects] depth=2 "Cardio Volume" UPDATE_ITEM_FIELD=1 PagePreviewApp-NuWdTQlt.js:3:129123
[op-effects] depth=2 "Breakfast Nutrition" UPDATE_ITEM_FIELD=1 PagePreviewApp-NuWdTQlt.js:3:129123
[op-effects] depth=2 "Lunch Nutrition" UPDATE_ITEM_FIELD=1 PagePreviewApp-NuWdTQlt.js:3:129123
[op-effects] depth=2 "Dinner Nutrition" UPDATE_ITEM_FIELD=1 PagePreviewApp-NuWdTQlt.js:3:129123
[op-effects] depth=2 "Snack Nutrition" UPDATE_ITEM_FIELD=1 PagePreviewApp-NuWdTQlt.js:3:129123
[op-effects] depth=2 "Checking Balance" UPDATE_ITEM_FIELD=1 PagePreviewApp-NuWdTQlt.js:3:129123
[op-effects] depth=2 "Mom's Account Balance" UPDATE_ITEM_FIELD=1 PagePreviewApp-NuWdTQlt.js:3:129123
[op-effects] depth=2 "Total Workouts" UPDATE_ITEM_FIELD=1 PagePreviewApp-NuWdTQlt.js:3:129123
[op-effects] depth=2 "Total Reading Time" UPDATE_ITEM_FIELD=1 PagePreviewApp-NuWdTQlt.js:3:129123
[op-effects] depth=2 "Completion Rate" UPDATE_ITEM_FIELD=1 PagePreviewApp-NuWdTQlt.js:3:129123
[op-effects] depth=2 "Time Spent This Week" UPDATE_ITEM_FIELD=1 PagePreviewApp-NuWdTQlt.js:3:129123
[op-effects] depth=2 "Pomodoro History" UPDATE_ITEM_FIELD=2 PagePreviewApp-NuWdTQlt.js:3:129123
[op-effects] depth=2 "Current Streak" UPDATE_ITEM_FIELD=2 PagePreviewApp-NuWdTQlt.js:3:129123
[op-effects] depth=2 "Workout History" UPDATE_ITEM_FIELD=2 PagePreviewApp-NuWdTQlt.js:3:129123
[op-effects] depth=2 "Meal History" UPDATE_ITEM_FIELD=2 PagePreviewApp-NuWdTQlt.js:3:129123
[op-effects] depth=2 "Purchase History" UPDATE_ITEM_FIELD=2 PagePreviewApp-NuWdTQlt.js:3:129123
[op-effects] depth=2 "Day Page: Build Tasks Completed" UPDATE_ITEM_TEXTMAP=1 PagePreviewApp-NuWdTQlt.js:3:129123
[op-effects] depth=2 "Total Subscriptions" UPDATE_ITEM_FIELD=1 PagePreviewApp-NuWdTQlt.js:3:129123
[op-effects] depth=2 "Monthly Bills" UPDATE_ITEM_FIELD=1 PagePreviewApp-NuWdTQlt.js:3:129123
[op-effects] depth=2 "Canvas: Build" DELETE_ITEM=14 CREATE_ITEM=7 UPDATE_OCCURRENCE=7 UPDATE_ITEM_META=14 PagePreviewApp-NuWdTQlt.js:3:129123
[op-effects] depth=2 "People Table: Build" UPDATE_ITEM_META=1 PagePreviewApp-NuWdTQlt.js:3:129123
[op-fire-done] depth=2 OccurrenceDeleteOp 681ms total=86 display=0 PagePreviewApp-NuWdTQlt.js:3:129376
[op-fire] depth=2 OccurrenceDeleteOp occ=c956b00f PagePreviewApp-NuWdTQlt.js:3:128547
[op-effects] depth=2 "Completed" UPDATE_ITEM_FIELD=1 PagePreviewApp-NuWdTQlt.js:3:129123
[op-effects] depth=2 "Task Countdown" UPDATE_ITEM_FIELD=1 PagePreviewApp-NuWdTQlt.js:3:129123
[op-effects] depth=2 "Steps" UPDATE_ITEM_FIELD=1 PagePreviewApp-NuWdTQlt.js:3:129123
[op-effects] depth=2 "Water" UPDATE_ITEM_FIELD=1 PagePreviewApp-NuWdTQlt.js:3:129123
[op-effects] depth=2 "Time Spent" UPDATE_ITEM_FIELD=1 PagePreviewApp-NuWdTQlt.js:3:129123
[op-effects] depth=2 "Pages" UPDATE_ITEM_FIELD=1 PagePreviewApp-NuWdTQlt.js:3:129123
[op-effects] depth=2 "Pomodoros Today" UPDATE_ITEM_FIELD=1 PagePreviewApp-NuWdTQlt.js:3:129123
[op-effects] depth=2 "Pomodoro Time" UPDATE_ITEM_FIELD=1 PagePreviewApp-NuWdTQlt.js:3:129123
[op-effects] depth=2 "Spent" UPDATE_ITEM_FIELD=1 PagePreviewApp-NuWdTQlt.js:3:129123
[op-effects] depth=2 "Earned" UPDATE_ITEM_FIELD=1 PagePreviewApp-NuWdTQlt.js:3:129123
[op-effects] depth=2 "Protein" UPDATE_ITEM_FIELD=1 PagePreviewApp-NuWdTQlt.js:3:129123
[op-effects] depth=2 "Carbs" UPDATE_ITEM_FIELD=1 PagePreviewApp-NuWdTQlt.js:3:129123
[op-effects] depth=2 "Fats" UPDATE_ITEM_FIELD=1 PagePreviewApp-NuWdTQlt.js:3:129123
[op-effects] depth=2 "Total Reps" UPDATE_ITEM_FIELD=1 PagePreviewApp-NuWdTQlt.js:3:129123
[op-effects] depth=2 "Chest Volume" UPDATE_ITEM_FIELD=1 PagePreviewApp-NuWdTQlt.js:3:129123
[op-effects] depth=2 "Back Volume" UPDATE_ITEM_FIELD=1 PagePreviewApp-NuWdTQlt.js:3:129123
[op-effects] depth=2 "Legs Volume" UPDATE_ITEM_FIELD=1 PagePreviewApp-NuWdTQlt.js:3:129123
[op-effects] depth=2 "Shoulders Volume" UPDATE_ITEM_FIELD=1 PagePreviewApp-NuWdTQlt.js:3:129123
[op-effects] depth=2 "Arms Volume" UPDATE_ITEM_FIELD=1 PagePreviewApp-NuWdTQlt.js:3:129123
[op-effects] depth=2 "Cardio Volume" UPDATE_ITEM_FIELD=1 PagePreviewApp-NuWdTQlt.js:3:129123
[op-effects] depth=2 "Breakfast Nutrition" UPDATE_ITEM_FIELD=1 PagePreviewApp-NuWdTQlt.js:3:129123
[op-effects] depth=2 "Lunch Nutrition" UPDATE_ITEM_FIELD=1 PagePreviewApp-NuWdTQlt.js:3:129123
[op-effects] depth=2 "Dinner Nutrition" UPDATE_ITEM_FIELD=1 PagePreviewApp-NuWdTQlt.js:3:129123
[op-effects] depth=2 "Snack Nutrition" UPDATE_ITEM_FIELD=1 PagePreviewApp-NuWdTQlt.js:3:129123
[op-effects] depth=2 "Checking Balance" UPDATE_ITEM_FIELD=1 PagePreviewApp-NuWdTQlt.js:3:129123
[op-effects] depth=2 "Mom's Account Balance" UPDATE_ITEM_FIELD=1 PagePreviewApp-NuWdTQlt.js:3:129123
[op-effects] depth=2 "Total Workouts" UPDATE_ITEM_FIELD=1 PagePreviewApp-NuWdTQlt.js:3:129123
[op-effects] depth=2 "Total Reading Time" UPDATE_ITEM_FIELD=1 PagePreviewApp-NuWdTQlt.js:3:129123
[op-effects] depth=2 "Completion Rate" UPDATE_ITEM_FIELD=1 PagePreviewApp-NuWdTQlt.js:3:129123
[op-effects] depth=2 "Time Spent This Week" UPDATE_ITEM_FIELD=1 PagePreviewApp-NuWdTQlt.js:3:129123
[op-effects] depth=2 "Pomodoro History" UPDATE_ITEM_FIELD=2 PagePreviewApp-NuWdTQlt.js:3:129123
[op-effects] depth=2 "Current Streak" UPDATE_ITEM_FIELD=2 PagePreviewApp-NuWdTQlt.js:3:129123
[op-effects] depth=2 "Workout History" UPDATE_ITEM_FIELD=2 PagePreviewApp-NuWdTQlt.js:3:129123
[op-effects] depth=2 "Meal History" UPDATE_ITEM_FIELD=2 PagePreviewApp-NuWdTQlt.js:3:129123
[op-effects] depth=2 "Purchase History" UPDATE_ITEM_FIELD=2 PagePreviewApp-NuWdTQlt.js:3:129123
[op-effects] depth=2 "Day Page: Build Tasks Completed" UPDATE_ITEM_TEXTMAP=1 PagePreviewApp-NuWdTQlt.js:3:129123
[op-effects] depth=2 "Total Subscriptions" UPDATE_ITEM_FIELD=1 PagePreviewApp-NuWdTQlt.js:3:129123
[op-effects] depth=2 "Monthly Bills" UPDATE_ITEM_FIELD=1 PagePreviewApp-NuWdTQlt.js:3:129123
[op-effects] depth=2 "Canvas: Build" DELETE_ITEM=14 CREATE_ITEM=7 UPDATE_OCCURRENCE=7 UPDATE_ITEM_META=14 PagePreviewApp-NuWdTQlt.js:3:129123
[op-effects] depth=2 "People Table: Build" UPDATE_ITEM_META=1 PagePreviewApp-NuWdTQlt.js:3:129123
[op-fire-done] depth=2 OccurrenceDeleteOp 704ms total=86 display=0 PagePreviewApp-NuWdTQlt.js:3:129376
[op-fire] depth=2 OccurrenceDeleteOp occ=f8374991 PagePreviewApp-NuWdTQlt.js:3:128547
[op-effects] depth=2 "Completed" UPDATE_ITEM_FIELD=1 PagePreviewApp-NuWdTQlt.js:3:129123
[op-effects] depth=2 "Task Countdown" UPDATE_ITEM_FIELD=1 PagePreviewApp-NuWdTQlt.js:3:129123
[op-effects] depth=2 "Steps" UPDATE_ITEM_FIELD=1 PagePreviewApp-NuWdTQlt.js:3:129123
[op-effects] depth=2 "Water" UPDATE_ITEM_FIELD=1 PagePreviewApp-NuWdTQlt.js:3:129123
[op-effects] depth=2 "Time Spent" UPDATE_ITEM_FIELD=1 PagePreviewApp-NuWdTQlt.js:3:129123
[op-effects] depth=2 "Pages" UPDATE_ITEM_FIELD=1 PagePreviewApp-NuWdTQlt.js:3:129123
[op-effects] depth=2 "Pomodoros Today" UPDATE_ITEM_FIELD=1 PagePreviewApp-NuWdTQlt.js:3:129123
[op-effects] depth=2 "Pomodoro Time" UPDATE_ITEM_FIELD=1 PagePreviewApp-NuWdTQlt.js:3:129123
[op-effects] depth=2 "Spent" UPDATE_ITEM_FIELD=1 PagePreviewApp-NuWdTQlt.js:3:129123
[op-effects] depth=2 "Earned" UPDATE_ITEM_FIELD=1 PagePreviewApp-NuWdTQlt.js:3:129123
[op-effects] depth=2 "Protein" UPDATE_ITEM_FIELD=1 PagePreviewApp-NuWdTQlt.js:3:129123
[op-effects] depth=2 "Carbs" UPDATE_ITEM_FIELD=1 PagePreviewApp-NuWdTQlt.js:3:129123
[op-effects] depth=2 "Fats" UPDATE_ITEM_FIELD=1 PagePreviewApp-NuWdTQlt.js:3:129123
[op-effects] depth=2 "Total Reps" UPDATE_ITEM_FIELD=1 PagePreviewApp-NuWdTQlt.js:3:129123
[op-effects] depth=2 "Chest Volume" UPDATE_ITEM_FIELD=1 PagePreviewApp-NuWdTQlt.js:3:129123
[op-effects] depth=2 "Back Volume" UPDATE_ITEM_FIELD=1 PagePreviewApp-NuWdTQlt.js:3:129123
[op-effects] depth=2 "Legs Volume" UPDATE_ITEM_FIELD=1 PagePreviewApp-NuWdTQlt.js:3:129123
[op-effects] depth=2 "Shoulders Volume" UPDATE_ITEM_FIELD=1 PagePreviewApp-NuWdTQlt.js:3:129123
[op-effects] depth=2 "Arms Volume" UPDATE_ITEM_FIELD=1 PagePreviewApp-NuWdTQlt.js:3:129123
[op-effects] depth=2 "Cardio Volume" UPDATE_ITEM_FIELD=1 PagePreviewApp-NuWdTQlt.js:3:129123
[op-effects] depth=2 "Breakfast Nutrition" UPDATE_ITEM_FIELD=1 PagePreviewApp-NuWdTQlt.js:3:129123
[op-effects] depth=2 "Lunch Nutrition" UPDATE_ITEM_FIELD=1 PagePreviewApp-NuWdTQlt.js:3:129123
[op-effects] depth=2 "Dinner Nutrition" UPDATE_ITEM_FIELD=1 PagePreviewApp-NuWdTQlt.js:3:129123
[op-effects] depth=2 "Snack Nutrition" UPDATE_ITEM_FIELD=1 PagePreviewApp-NuWdTQlt.js:3:129123
[op-effects] depth=2 "Checking Balance" UPDATE_ITEM_FIELD=1 PagePreviewApp-NuWdTQlt.js:3:129123
[op-effects] depth=2 "Mom's Account Balance" UPDATE_ITEM_FIELD=1 PagePreviewApp-NuWdTQlt.js:3:129123
[op-effects] depth=2 "Total Workouts" UPDATE_ITEM_FIELD=1 PagePreviewApp-NuWdTQlt.js:3:129123
[op-effects] depth=2 "Total Reading Time" UPDATE_ITEM_FIELD=1 PagePreviewApp-NuWdTQlt.js:3:129123
[op-effects] depth=2 "Completion Rate" UPDATE_ITEM_FIELD=1 PagePreviewApp-NuWdTQlt.js:3:129123
[op-effects] depth=2 "Time Spent This Week" UPDATE_ITEM_FIELD=1 PagePreviewApp-NuWdTQlt.js:3:129123
[op-effects] depth=2 "Pomodoro History" UPDATE_ITEM_FIELD=2 PagePreviewApp-NuWdTQlt.js:3:129123
[op-effects] depth=2 "Current Streak" UPDATE_ITEM_FIELD=2 PagePreviewApp-NuWdTQlt.js:3:129123
[op-effects] depth=2 "Workout History" UPDATE_ITEM_FIELD=2 PagePreviewApp-NuWdTQlt.js:3:129123
[op-effects] depth=2 "Meal History" UPDATE_ITEM_FIELD=2 PagePreviewApp-NuWdTQlt.js:3:129123
[op-effects] depth=2 "Purchase History" UPDATE_ITEM_FIELD=2 PagePreviewApp-NuWdTQlt.js:3:129123
[op-effects] depth=2 "Day Page: Build Tasks Completed" UPDATE_ITEM_TEXTMAP=1 PagePreviewApp-NuWdTQlt.js:3:129123
[op-effects] depth=2 "Total Subscriptions" UPDATE_ITEM_FIELD=1 PagePreviewApp-NuWdTQlt.js:3:129123
[op-effects] depth=2 "Monthly Bills" UPDATE_ITEM_FIELD=1 PagePreviewApp-NuWdTQlt.js:3:129123
[op-effects] depth=2 "Canvas: Build" DELETE_ITEM=14 CREATE_ITEM=7 UPDATE_OCCURRENCE=7 UPDATE_ITEM_META=14 PagePreviewApp-NuWdTQlt.js:3:129123
[op-effects] depth=2 "People Table: Build" UPDATE_ITEM_META=1 PagePreviewApp-NuWdTQlt.js:3:129123
[op-fire-done] depth=2 OccurrenceDeleteOp 1064ms total=86 display=0 PagePreviewApp-NuWdTQlt.js:3:129376
[op-fire] depth=2 OccurrenceDeleteOp occ=27128f5b PagePreviewApp-NuWdTQlt.js:3:128547
[op-effects] depth=2 "Completed" UPDATE_ITEM_FIELD=1 PagePreviewApp-NuWdTQlt.js:3:129123
[op-effects] depth=2 "Task Countdown" UPDATE_ITEM_FIELD=1 PagePreviewApp-NuWdTQlt.js:3:129123
[op-effects] depth=2 "Steps" UPDATE_ITEM_FIELD=1 PagePreviewApp-NuWdTQlt.js:3:129123
[op-effects] depth=2 "Water" UPDATE_ITEM_FIELD=1 PagePreviewApp-NuWdTQlt.js:3:129123
[op-effects] depth=2 "Time Spent" UPDATE_ITEM_FIELD=1 PagePreviewApp-NuWdTQlt.js:3:129123
[op-effects] depth=2 "Pages" UPDATE_ITEM_FIELD=1 PagePreviewApp-NuWdTQlt.js:3:129123
[op-effects] depth=2 "Pomodoros Today" UPDATE_ITEM_FIELD=1 PagePreviewApp-NuWdTQlt.js:3:129123
[op-effects] depth=2 "Pomodoro Time" UPDATE_ITEM_FIELD=1 PagePreviewApp-NuWdTQlt.js:3:129123
[op-effects] depth=2 "Spent" UPDATE_ITEM_FIELD=1 PagePreviewApp-NuWdTQlt.js:3:129123
[op-effects] depth=2 "Earned" UPDATE_ITEM_FIELD=1 PagePreviewApp-NuWdTQlt.js:3:129123
[op-effects] depth=2 "Protein" UPDATE_ITEM_FIELD=1 PagePreviewApp-NuWdTQlt.js:3:129123
[op-effects] depth=2 "Carbs" UPDATE_ITEM_FIELD=1 PagePreviewApp-NuWdTQlt.js:3:129123
[op-effects] depth=2 "Fats" UPDATE_ITEM_FIELD=1 PagePreviewApp-NuWdTQlt.js:3:129123
[op-effects] depth=2 "Total Reps" UPDATE_ITEM_FIELD=1 PagePreviewApp-NuWdTQlt.js:3:129123
[op-effects] depth=2 "Chest Volume" UPDATE_ITEM_FIELD=1 PagePreviewApp-NuWdTQlt.js:3:129123
[op-effects] depth=2 "Back Volume" UPDATE_ITEM_FIELD=1 PagePreviewApp-NuWdTQlt.js:3:129123
[op-effects] depth=2 "Legs Volume" UPDATE_ITEM_FIELD=1 PagePreviewApp-NuWdTQlt.js:3:129123
[op-effects] depth=2 "Shoulders Volume" UPDATE_ITEM_FIELD=1 PagePreviewApp-NuWdTQlt.js:3:129123
[op-effects] depth=2 "Arms Volume" UPDATE_ITEM_FIELD=1 PagePreviewApp-NuWdTQlt.js:3:129123
[op-effects] depth=2 "Cardio Volume" UPDATE_ITEM_FIELD=1 PagePreviewApp-NuWdTQlt.js:3:129123
[op-effects] depth=2 "Breakfast Nutrition" UPDATE_ITEM_FIELD=1 PagePreviewApp-NuWdTQlt.js:3:129123
[op-effects] depth=2 "Lunch Nutrition" UPDATE_ITEM_FIELD=1 PagePreviewApp-NuWdTQlt.js:3:129123
[op-effects] depth=2 "Dinner Nutrition" UPDATE_ITEM_FIELD=1 PagePreviewApp-NuWdTQlt.js:3:129123
[op-effects] depth=2 "Snack Nutrition" UPDATE_ITEM_FIELD=1 PagePreviewApp-NuWdTQlt.js:3:129123
[op-effects] depth=2 "Checking Balance" UPDATE_ITEM_FIELD=1 PagePreviewApp-NuWdTQlt.js:3:129123
[op-effects] depth=2 "Mom's Account Balance" UPDATE_ITEM_FIELD=1 PagePreviewApp-NuWdTQlt.js:3:129123
[op-effects] depth=2 "Total Workouts" UPDATE_ITEM_FIELD=1 PagePreviewApp-NuWdTQlt.js:3:129123
[op-effects] depth=2 "Total Reading Time" UPDATE_ITEM_FIELD=1 PagePreviewApp-NuWdTQlt.js:3:129123
[op-effects] depth=2 "Completion Rate" UPDATE_ITEM_FIELD=1 PagePreviewApp-NuWdTQlt.js:3:129123
[op-effects] depth=2 "Time Spent This Week" UPDATE_ITEM_FIELD=1 PagePreviewApp-NuWdTQlt.js:3:129123
[op-effects] depth=2 "Pomodoro History" UPDATE_ITEM_FIELD=2 PagePreviewApp-NuWdTQlt.js:3:129123
[op-effects] depth=2 "Current Streak" UPDATE_ITEM_FIELD=2 PagePreviewApp-NuWdTQlt.js:3:129123
[op-effects] depth=2 "Workout History" UPDATE_ITEM_FIELD=2 PagePreviewApp-NuWdTQlt.js:3:129123
[op-effects] depth=2 "Meal History" UPDATE_ITEM_FIELD=2 PagePreviewApp-NuWdTQlt.js:3:129123
[op-effects] depth=2 "Purchase History" UPDATE_ITEM_FIELD=2 PagePreviewApp-NuWdTQlt.js:3:129123
[op-effects] depth=2 "Day Page: Build Tasks Completed" UPDATE_ITEM_TEXTMAP=1 PagePreviewApp-NuWdTQlt.js:3:129123
[op-effects] depth=2 "Total Subscriptions" UPDATE_ITEM_FIELD=1 PagePreviewApp-NuWdTQlt.js:3:129123
[op-effects] depth=2 "Monthly Bills" UPDATE_ITEM_FIELD=1 PagePreviewApp-NuWdTQlt.js:3:129123
[op-effects] depth=2 "Canvas: Build" DELETE_ITEM=14 CREATE_ITEM=7 UPDATE_OCCURRENCE=7 UPDATE_ITEM_META=14 PagePreviewApp-NuWdTQlt.js:3:129123
[op-effects] depth=2 "People Table: Build" UPDATE_ITEM_META=1 PagePreviewApp-NuWdTQlt.js:3:129123
[op-fire-done] depth=2 OccurrenceDeleteOp 688ms total=86 display=0 PagePreviewApp-NuWdTQlt.js:3:129376
[op-fire] depth=2 OccurrenceDeleteOp occ=ae84a55e PagePreviewApp-NuWdTQlt.js:3:128547
[op-effects] depth=2 "Completed" UPDATE_ITEM_FIELD=1 PagePreviewApp-NuWdTQlt.js:3:129123
[op-effects] depth=2 "Task Countdown" UPDATE_ITEM_FIELD=1 PagePreviewApp-NuWdTQlt.js:3:129123
[op-effects] depth=2 "Steps" UPDATE_ITEM_FIELD=1 PagePreviewApp-NuWdTQlt.js:3:129123
[op-effects] depth=2 "Water" UPDATE_ITEM_FIELD=1 PagePreviewApp-NuWdTQlt.js:3:129123
[op-effects] depth=2 "Time Spent" UPDATE_ITEM_FIELD=1 PagePreviewApp-NuWdTQlt.js:3:129123
[op-effects] depth=2 "Pages" UPDATE_ITEM_FIELD=1 PagePreviewApp-NuWdTQlt.js:3:129123
[op-effects] depth=2 "Pomodoros Today" UPDATE_ITEM_FIELD=1 PagePreviewApp-NuWdTQlt.js:3:129123
[op-effects] depth=2 "Pomodoro Time" UPDATE_ITEM_FIELD=1 PagePreviewApp-NuWdTQlt.js:3:129123
[op-effects] depth=2 "Spent" UPDATE_ITEM_FIELD=1 PagePreviewApp-NuWdTQlt.js:3:129123
[op-effects] depth=2 "Earned" UPDATE_ITEM_FIELD=1 PagePreviewApp-NuWdTQlt.js:3:129123
[op-effects] depth=2 "Protein" UPDATE_ITEM_FIELD=1 PagePreviewApp-NuWdTQlt.js:3:129123
[op-effects] depth=2 "Carbs" UPDATE_ITEM_FIELD=1 PagePreviewApp-NuWdTQlt.js:3:129123
[op-effects] depth=2 "Fats" UPDATE_ITEM_FIELD=1 PagePreviewApp-NuWdTQlt.js:3:129123
[op-effects] depth=2 "Total Reps" UPDATE_ITEM_FIELD=1 PagePreviewApp-NuWdTQlt.js:3:129123
[op-effects] depth=2 "Chest Volume" UPDATE_ITEM_FIELD=1 PagePreviewApp-NuWdTQlt.js:3:129123
[op-effects] depth=2 "Back Volume" UPDATE_ITEM_FIELD=1 PagePreviewApp-NuWdTQlt.js:3:129123
[op-effects] depth=2 "Legs Volume" UPDATE_ITEM_FIELD=1 PagePreviewApp-NuWdTQlt.js:3:129123
[op-effects] depth=2 "Shoulders Volume" UPDATE_ITEM_FIELD=1 PagePreviewApp-NuWdTQlt.js:3:129123
[op-effects] depth=2 "Arms Volume" UPDATE_ITEM_FIELD=1 PagePreviewApp-NuWdTQlt.js:3:129123
[op-effects] depth=2 "Cardio Volume" UPDATE_ITEM_FIELD=1 PagePreviewApp-NuWdTQlt.js:3:129123
[op-effects] depth=2 "Breakfast Nutrition" UPDATE_ITEM_FIELD=1 PagePreviewApp-NuWdTQlt.js:3:129123
[op-effects] depth=2 "Lunch Nutrition" UPDATE_ITEM_FIELD=1 PagePreviewApp-NuWdTQlt.js:3:129123
[op-effects] depth=2 "Dinner Nutrition" UPDATE_ITEM_FIELD=1 PagePreviewApp-NuWdTQlt.js:3:129123
[op-effects] depth=2 "Snack Nutrition" UPDATE_ITEM_FIELD=1 PagePreviewApp-NuWdTQlt.js:3:129123
[op-effects] depth=2 "Checking Balance" UPDATE_ITEM_FIELD=1 PagePreviewApp-NuWdTQlt.js:3:129123
[op-effects] depth=2 "Mom's Account Balance" UPDATE_ITEM_FIELD=1 PagePreviewApp-NuWdTQlt.js:3:129123
[op-effects] depth=2 "Total Workouts" UPDATE_ITEM_FIELD=1 PagePreviewApp-NuWdTQlt.js:3:129123
[op-effects] depth=2 "Total Reading Time" UPDATE_ITEM_FIELD=1 PagePreviewApp-NuWdTQlt.js:3:129123
[op-effects] depth=2 "Completion Rate" UPDATE_ITEM_FIELD=1 PagePreviewApp-NuWdTQlt.js:3:129123
[op-effects] depth=2 "Time Spent This Week" UPDATE_ITEM_FIELD=1 PagePreviewApp-NuWdTQlt.js:3:129123
[op-effects] depth=2 "Pomodoro History" UPDATE_ITEM_FIELD=2 PagePreviewApp-NuWdTQlt.js:3:129123
[op-effects] depth=2 "Current Streak" UPDATE_ITEM_FIELD=2 PagePreviewApp-NuWdTQlt.js:3:129123
[op-effects] depth=2 "Workout History" UPDATE_ITEM_FIELD=2 PagePreviewApp-NuWdTQlt.js:3:129123
[op-effects] depth=2 "Meal History" UPDATE_ITEM_FIELD=2 PagePreviewApp-NuWdTQlt.js:3:129123
[op-effects] depth=2 "Purchase History" UPDATE_ITEM_FIELD=2 PagePreviewApp-NuWdTQlt.js:3:129123
[op-effects] depth=2 "Day Page: Build Tasks Completed" UPDATE_ITEM_TEXTMAP=1 PagePreviewApp-NuWdTQlt.js:3:129123
[op-effects] depth=2 "Total Subscriptions" UPDATE_ITEM_FIELD=1 PagePreviewApp-NuWdTQlt.js:3:129123
[op-effects] depth=2 "Monthly Bills" UPDATE_ITEM_FIELD=1 PagePreviewApp-NuWdTQlt.js:3:129123
[op-effects] depth=2 "Canvas: Build" DELETE_ITEM=14 CREATE_ITEM=7 UPDATE_OCCURRENCE=7 UPDATE_ITEM_META=14 PagePreviewApp-NuWdTQlt.js:3:129123
[op-effects] depth=2 "People Table: Build" UPDATE_ITEM_META=1 PagePreviewApp-NuWdTQlt.js:3:129123
[op-fire-done] depth=2 OccurrenceDeleteOp 641ms total=86 display=0 PagePreviewApp-NuWdTQlt.js:3:129376
[op-fire] depth=2 OccurrenceDeleteOp occ=f4316c7c PagePreviewApp-NuWdTQlt.js:3:128547
[op-effects] depth=2 "Completed" UPDATE_ITEM_FIELD=1 PagePreviewApp-NuWdTQlt.js:3:129123
[op-effects] depth=2 "Task Countdown" UPDATE_ITEM_FIELD=1 PagePreviewApp-NuWdTQlt.js:3:129123
[op-effects] depth=2 "Steps" UPDATE_ITEM_FIELD=1 PagePreviewApp-NuWdTQlt.js:3:129123
[op-effects] depth=2 "Water" UPDATE_ITEM_FIELD=1 PagePreviewApp-NuWdTQlt.js:3:129123
[op-effects] depth=2 "Time Spent" UPDATE_ITEM_FIELD=1 PagePreviewApp-NuWdTQlt.js:3:129123
[op-effects] depth=2 "Pages" UPDATE_ITEM_FIELD=1 PagePreviewApp-NuWdTQlt.js:3:129123
[op-effects] depth=2 "Pomodoros Today" UPDATE_ITEM_FIELD=1 PagePreviewApp-NuWdTQlt.js:3:129123
[op-effects] depth=2 "Pomodoro Time" UPDATE_ITEM_FIELD=1 PagePreviewApp-NuWdTQlt.js:3:129123
[op-effects] depth=2 "Spent" UPDATE_ITEM_FIELD=1 PagePreviewApp-NuWdTQlt.js:3:129123
[op-effects] depth=2 "Earned" UPDATE_ITEM_FIELD=1 PagePreviewApp-NuWdTQlt.js:3:129123
[op-effects] depth=2 "Protein" UPDATE_ITEM_FIELD=1 PagePreviewApp-NuWdTQlt.js:3:129123
[op-effects] depth=2 "Carbs" UPDATE_ITEM_FIELD=1 PagePreviewApp-NuWdTQlt.js:3:129123
[op-effects] depth=2 "Fats" UPDATE_ITEM_FIELD=1 PagePreviewApp-NuWdTQlt.js:3:129123
[op-effects] depth=2 "Total Reps" UPDATE_ITEM_FIELD=1 PagePreviewApp-NuWdTQlt.js:3:129123
[op-effects] depth=2 "Chest Volume" UPDATE_ITEM_FIELD=1 PagePreviewApp-NuWdTQlt.js:3:129123
[op-effects] depth=2 "Back Volume" UPDATE_ITEM_FIELD=1 PagePreviewApp-NuWdTQlt.js:3:129123
[op-effects] depth=2 "Legs Volume" UPDATE_ITEM_FIELD=1 PagePreviewApp-NuWdTQlt.js:3:129123
[op-effects] depth=2 "Shoulders Volume" UPDATE_ITEM_FIELD=1 PagePreviewApp-NuWdTQlt.js:3:129123
[op-effects] depth=2 "Arms Volume" UPDATE_ITEM_FIELD=1 PagePreviewApp-NuWdTQlt.js:3:129123
[op-effects] depth=2 "Cardio Volume" UPDATE_ITEM_FIELD=1 PagePreviewApp-NuWdTQlt.js:3:129123
[op-effects] depth=2 "Breakfast Nutrition" UPDATE_ITEM_FIELD=1 PagePreviewApp-NuWdTQlt.js:3:129123
[op-effects] depth=2 "Lunch Nutrition" UPDATE_ITEM_FIELD=1 PagePreviewApp-NuWdTQlt.js:3:129123
[op-effects] depth=2 "Dinner Nutrition" UPDATE_ITEM_FIELD=1 PagePreviewApp-NuWdTQlt.js:3:129123
[op-effects] depth=2 "Snack Nutrition" UPDATE_ITEM_FIELD=1 PagePreviewApp-NuWdTQlt.js:3:129123
[op-effects] depth=2 "Checking Balance" UPDATE_ITEM_FIELD=1 PagePreviewApp-NuWdTQlt.js:3:129123
[op-effects] depth=2 "Mom's Account Balance" UPDATE_ITEM_FIELD=1 PagePreviewApp-NuWdTQlt.js:3:129123
[op-effects] depth=2 "Total Workouts" UPDATE_ITEM_FIELD=1 PagePreviewApp-NuWdTQlt.js:3:129123
[op-effects] depth=2 "Total Reading Time" UPDATE_ITEM_FIELD=1 PagePreviewApp-NuWdTQlt.js:3:129123
[op-effects] depth=2 "Completion Rate" UPDATE_ITEM_FIELD=1 PagePreviewApp-NuWdTQlt.js:3:129123
[op-effects] depth=2 "Time Spent This Week" UPDATE_ITEM_FIELD=1 PagePreviewApp-NuWdTQlt.js:3:129123
[op-effects] depth=2 "Pomodoro History" UPDATE_ITEM_FIELD=2 PagePreviewApp-NuWdTQlt.js:3:129123
[op-effects] depth=2 "Current Streak" UPDATE_ITEM_FIELD=2 PagePreviewApp-NuWdTQlt.js:3:129123
[op-effects] depth=2 "Workout History" UPDATE_ITEM_FIELD=2 PagePreviewApp-NuWdTQlt.js:3:129123
[op-effects] depth=2 "Meal History" UPDATE_ITEM_FIELD=2 PagePreviewApp-NuWdTQlt.js:3:129123
[op-effects] depth=2 "Purchase History" UPDATE_ITEM_FIELD=2 PagePreviewApp-NuWdTQlt.js:3:129123
[op-effects] depth=2 "Day Page: Build Tasks Completed" UPDATE_ITEM_TEXTMAP=1 PagePreviewApp-NuWdTQlt.js:3:129123
[op-effects] depth=2 "Total Subscriptions" UPDATE_ITEM_FIELD=1 PagePreviewApp-NuWdTQlt.js:3:129123
[op-effects] depth=2 "Monthly Bills" UPDATE_ITEM_FIELD=1 PagePreviewApp-NuWdTQlt.js:3:129123
[op-effects] depth=2 "Canvas: Build" DELETE_ITEM=14 CREATE_ITEM=7 UPDATE_OCCURRENCE=7 UPDATE_ITEM_META=14 PagePreviewApp-NuWdTQlt.js:3:129123
[op-effects] depth=2 "People Table: Build" UPDATE_ITEM_META=1 PagePreviewApp-NuWdTQlt.js:3:129123
[op-fire-done] depth=2 OccurrenceDeleteOp 648ms total=86 display=0 PagePreviewApp-NuWdTQlt.js:3:129376
[op-fire] depth=2 OccurrenceDeleteOp occ=30f34810 PagePreviewApp-NuWdTQlt.js:3:128547
[op-effects] depth=2 "Completed" UPDATE_ITEM_FIELD=1 PagePreviewApp-NuWdTQlt.js:3:129123
[op-effects] depth=2 "Task Countdown" UPDATE_ITEM_FIELD=1 PagePreviewApp-NuWdTQlt.js:3:129123
[op-effects] depth=2 "Steps" UPDATE_ITEM_FIELD=1 PagePreviewApp-NuWdTQlt.js:3:129123
[op-effects] depth=2 "Water" UPDATE_ITEM_FIELD=1 PagePreviewApp-NuWdTQlt.js:3:129123
[op-effects] depth=2 "Time Spent" UPDATE_ITEM_FIELD=1 PagePreviewApp-NuWdTQlt.js:3:129123
[op-effects] depth=2 "Pages" UPDATE_ITEM_FIELD=1 PagePreviewApp-NuWdTQlt.js:3:129123
[op-effects] depth=2 "Pomodoros Today" UPDATE_ITEM_FIELD=1 PagePreviewApp-NuWdTQlt.js:3:129123
[op-effects] depth=2 "Pomodoro Time" UPDATE_ITEM_FIELD=1 PagePreviewApp-NuWdTQlt.js:3:129123
[op-effects] depth=2 "Spent" UPDATE_ITEM_FIELD=1 PagePreviewApp-NuWdTQlt.js:3:129123
[op-effects] depth=2 "Earned" UPDATE_ITEM_FIELD=1 PagePreviewApp-NuWdTQlt.js:3:129123
[op-effects] depth=2 "Protein" UPDATE_ITEM_FIELD=1 PagePreviewApp-NuWdTQlt.js:3:129123
[op-effects] depth=2 "Carbs" UPDATE_ITEM_FIELD=1 PagePreviewApp-NuWdTQlt.js:3:129123
[op-effects] depth=2 "Fats" UPDATE_ITEM_FIELD=1 PagePreviewApp-NuWdTQlt.js:3:129123
[op-effects] depth=2 "Total Reps" UPDATE_ITEM_FIELD=1 PagePreviewApp-NuWdTQlt.js:3:129123
[op-effects] depth=2 "Chest Volume" UPDATE_ITEM_FIELD=1 PagePreviewApp-NuWdTQlt.js:3:129123
[op-effects] depth=2 "Back Volume" UPDATE_ITEM_FIELD=1 PagePreviewApp-NuWdTQlt.js:3:129123
[op-effects] depth=2 "Legs Volume" UPDATE_ITEM_FIELD=1 PagePreviewApp-NuWdTQlt.js:3:129123
[op-effects] depth=2 "Shoulders Volume" UPDATE_ITEM_FIELD=1 PagePreviewApp-NuWdTQlt.js:3:129123
[op-effects] depth=2 "Arms Volume" UPDATE_ITEM_FIELD=1 PagePreviewApp-NuWdTQlt.js:3:129123
[op-effects] depth=2 "Cardio Volume" UPDATE_ITEM_FIELD=1 PagePreviewApp-NuWdTQlt.js:3:129123
[op-effects] depth=2 "Breakfast Nutrition" UPDATE_ITEM_FIELD=1 PagePreviewApp-NuWdTQlt.js:3:129123
[op-effects] depth=2 "Lunch Nutrition" UPDATE_ITEM_FIELD=1 PagePreviewApp-NuWdTQlt.js:3:129123
[op-effects] depth=2 "Dinner Nutrition" UPDATE_ITEM_FIELD=1 PagePreviewApp-NuWdTQlt.js:3:129123
[op-effects] depth=2 "Snack Nutrition" UPDATE_ITEM_FIELD=1 PagePreviewApp-NuWdTQlt.js:3:129123
[op-effects] depth=2 "Checking Balance" UPDATE_ITEM_FIELD=1 PagePreviewApp-NuWdTQlt.js:3:129123
[op-effects] depth=2 "Mom's Account Balance" UPDATE_ITEM_FIELD=1 PagePreviewApp-NuWdTQlt.js:3:129123
[op-effects] depth=2 "Total Workouts" UPDATE_ITEM_FIELD=1 PagePreviewApp-NuWdTQlt.js:3:129123
[op-effects] depth=2 "Total Reading Time" UPDATE_ITEM_FIELD=1 PagePreviewApp-NuWdTQlt.js:3:129123
[op-effects] depth=2 "Completion Rate" UPDATE_ITEM_FIELD=1 PagePreviewApp-NuWdTQlt.js:3:129123
[op-effects] depth=2 "Time Spent This Week" UPDATE_ITEM_FIELD=1 PagePreviewApp-NuWdTQlt.js:3:129123
[op-effects] depth=2 "Pomodoro History" UPDATE_ITEM_FIELD=2 PagePreviewApp-NuWdTQlt.js:3:129123
[op-effects] depth=2 "Current Streak" UPDATE_ITEM_FIELD=2 PagePreviewApp-NuWdTQlt.js:3:129123
[op-effects] depth=2 "Workout History" UPDATE_ITEM_FIELD=2 PagePreviewApp-NuWdTQlt.js:3:129123
[op-effects] depth=2 "Meal History" UPDATE_ITEM_FIELD=2 PagePreviewApp-NuWdTQlt.js:3:129123
[op-effects] depth=2 "Purchase History" UPDATE_ITEM_FIELD=2 PagePreviewApp-NuWdTQlt.js:3:129123
[op-effects] depth=2 "Day Page: Build Tasks Completed" UPDATE_ITEM_TEXTMAP=1 PagePreviewApp-NuWdTQlt.js:3:129123
[op-effects] depth=2 "Total Subscriptions" UPDATE_ITEM_FIELD=1 PagePreviewApp-NuWdTQlt.js:3:129123
[op-effects] depth=2 "Monthly Bills" UPDATE_ITEM_FIELD=1 PagePreviewApp-NuWdTQlt.js:3:129123
[op-effects] depth=2 "Canvas: Build" DELETE_ITEM=14 CREATE_ITEM=7 UPDATE_OCCURRENCE=7 UPDATE_ITEM_META=14 PagePreviewApp-NuWdTQlt.js:3:129123
[op-effects] depth=2 "People Table: Build" UPDATE_ITEM_META=1 PagePreviewApp-NuWdTQlt.js:3:129123
[op-fire-done] depth=2 OccurrenceDeleteOp 664ms total=86 display=0 PagePreviewApp-NuWdTQlt.js:3:129376
[op-fire] depth=2 OccurrenceDeleteOp occ=4af71a72 PagePreviewApp-NuWdTQlt.js:3:128547
[op-effects] depth=2 "Completed" UPDATE_ITEM_FIELD=1 PagePreviewApp-NuWdTQlt.js:3:129123
[op-effects] depth=2 "Task Countdown" UPDATE_ITEM_FIELD=1 PagePreviewApp-NuWdTQlt.js:3:129123
[op-effects] depth=2 "Steps" UPDATE_ITEM_FIELD=1 PagePreviewApp-NuWdTQlt.js:3:129123
[op-effects] depth=2 "Water" UPDATE_ITEM_FIELD=1 PagePreviewApp-NuWdTQlt.js:3:129123
[op-effects] depth=2 "Time Spent" UPDATE_ITEM_FIELD=1 PagePreviewApp-NuWdTQlt.js:3:129123
[op-effects] depth=2 "Pages" UPDATE_ITEM_FIELD=1 PagePreviewApp-NuWdTQlt.js:3:129123
[op-effects] depth=2 "Pomodoros Today" UPDATE_ITEM_FIELD=1 PagePreviewApp-NuWdTQlt.js:3:129123
[op-effects] depth=2 "Pomodoro Time" UPDATE_ITEM_FIELD=1 PagePreviewApp-NuWdTQlt.js:3:129123
[op-effects] depth=2 "Spent" UPDATE_ITEM_FIELD=1 PagePreviewApp-NuWdTQlt.js:3:129123
[op-effects] depth=2 "Earned" UPDATE_ITEM_FIELD=1 PagePreviewApp-NuWdTQlt.js:3:129123
[op-effects] depth=2 "Protein" UPDATE_ITEM_FIELD=1 PagePreviewApp-NuWdTQlt.js:3:129123
[op-effects] depth=2 "Carbs" UPDATE_ITEM_FIELD=1 PagePreviewApp-NuWdTQlt.js:3:129123
[op-effects] depth=2 "Fats" UPDATE_ITEM_FIELD=1 PagePreviewApp-NuWdTQlt.js:3:129123
[op-effects] depth=2 "Total Reps" UPDATE_ITEM_FIELD=1 PagePreviewApp-NuWdTQlt.js:3:129123
[op-effects] depth=2 "Chest Volume" UPDATE_ITEM_FIELD=1 PagePreviewApp-NuWdTQlt.js:3:129123
[op-effects] depth=2 "Back Volume" UPDATE_ITEM_FIELD=1 PagePreviewApp-NuWdTQlt.js:3:129123
[op-effects] depth=2 "Legs Volume" UPDATE_ITEM_FIELD=1 PagePreviewApp-NuWdTQlt.js:3:129123
[op-effects] depth=2 "Shoulders Volume" UPDATE_ITEM_FIELD=1 PagePreviewApp-NuWdTQlt.js:3:129123
[op-effects] depth=2 "Arms Volume" UPDATE_ITEM_FIELD=1 PagePreviewApp-NuWdTQlt.js:3:129123
[op-effects] depth=2 "Cardio Volume" UPDATE_ITEM_FIELD=1 PagePreviewApp-NuWdTQlt.js:3:129123
[op-effects] depth=2 "Breakfast Nutrition" UPDATE_ITEM_FIELD=1 PagePreviewApp-NuWdTQlt.js:3:129123
[op-effects] depth=2 "Lunch Nutrition" UPDATE_ITEM_FIELD=1 PagePreviewApp-NuWdTQlt.js:3:129123
[op-effects] depth=2 "Dinner Nutrition" UPDATE_ITEM_FIELD=1 PagePreviewApp-NuWdTQlt.js:3:129123
[op-effects] depth=2 "Snack Nutrition" UPDATE_ITEM_FIELD=1 PagePreviewApp-NuWdTQlt.js:3:129123
[op-effects] depth=2 "Checking Balance" UPDATE_ITEM_FIELD=1 PagePreviewApp-NuWdTQlt.js:3:129123
[op-effects] depth=2 "Mom's Account Balance" UPDATE_ITEM_FIELD=1 PagePreviewApp-NuWdTQlt.js:3:129123
[op-effects] depth=2 "Total Workouts" UPDATE_ITEM_FIELD=1 PagePreviewApp-NuWdTQlt.js:3:129123
[op-effects] depth=2 "Total Reading Time" UPDATE_ITEM_FIELD=1 PagePreviewApp-NuWdTQlt.js:3:129123
[op-effects] depth=2 "Completion Rate" UPDATE_ITEM_FIELD=1 PagePreviewApp-NuWdTQlt.js:3:129123
[op-effects] depth=2 "Time Spent This Week" UPDATE_ITEM_FIELD=1 PagePreviewApp-NuWdTQlt.js:3:129123
[op-effects] depth=2 "Pomodoro History" UPDATE_ITEM_FIELD=2 PagePreviewApp-NuWdTQlt.js:3:129123
[op-effects] depth=2 "Current Streak" UPDATE_ITEM_FIELD=2 PagePreviewApp-NuWdTQlt.js:3:129123
[op-effects] depth=2 "Workout History" UPDATE_ITEM_FIELD=2 PagePreviewApp-NuWdTQlt.js:3:129123
[op-effects] depth=2 "Meal History" UPDATE_ITEM_FIELD=2 PagePreviewApp-NuWdTQlt.js:3:129123
[op-effects] depth=2 "Purchase History" UPDATE_ITEM_FIELD=2 PagePreviewApp-NuWdTQlt.js:3:129123
[op-effects] depth=2 "Day Page: Build Tasks Completed" UPDATE_ITEM_TEXTMAP=1 PagePreviewApp-NuWdTQlt.js:3:129123
[op-effects] depth=2 "Total Subscriptions" UPDATE_ITEM_FIELD=1 PagePreviewApp-NuWdTQlt.js:3:129123
[op-effects] depth=2 "Monthly Bills" UPDATE_ITEM_FIELD=1 PagePreviewApp-NuWdTQlt.js:3:129123
[op-effects] depth=2 "Canvas: Build" DELETE_ITEM=14 CREATE_ITEM=7 UPDATE_OCCURRENCE=7 UPDATE_ITEM_META=14 PagePreviewApp-NuWdTQlt.js:3:129123
[op-effects] depth=2 "People Table: Build" UPDATE_ITEM_META=1 PagePreviewApp-NuWdTQlt.js:3:129123
[op-fire-done] depth=2 OccurrenceDeleteOp 907ms total=86 display=0 PagePreviewApp-NuWdTQlt.js:3:129376
[op-fire] depth=2 OccurrenceDeleteOp occ=47787536 PagePreviewApp-NuWdTQlt.js:3:128547
[op-effects] depth=2 "Completed" UPDATE_ITEM_FIELD=1 PagePreviewApp-NuWdTQlt.js:3:129123
[op-effects] depth=2 "Task Countdown" UPDATE_ITEM_FIELD=1 PagePreviewApp-NuWdTQlt.js:3:129123
[op-effects] depth=2 "Steps" UPDATE_ITEM_FIELD=1 PagePreviewApp-NuWdTQlt.js:3:129123
[op-effects] depth=2 "Water" UPDATE_ITEM_FIELD=1 PagePreviewApp-NuWdTQlt.js:3:129123
[op-effects] depth=2 "Time Spent" UPDATE_ITEM_FIELD=1 PagePreviewApp-NuWdTQlt.js:3:129123
[op-effects] depth=2 "Pages" UPDATE_ITEM_FIELD=1 PagePreviewApp-NuWdTQlt.js:3:129123
[op-effects] depth=2 "Pomodoros Today" UPDATE_ITEM_FIELD=1 PagePreviewApp-NuWdTQlt.js:3:129123
[op-effects] depth=2 "Pomodoro Time" UPDATE_ITEM_FIELD=1 PagePreviewApp-NuWdTQlt.js:3:129123
[op-effects] depth=2 "Spent" UPDATE_ITEM_FIELD=1 PagePreviewApp-NuWdTQlt.js:3:129123
[op-effects] depth=2 "Earned" UPDATE_ITEM_FIELD=1 PagePreviewApp-NuWdTQlt.js:3:129123
[op-effects] depth=2 "Protein" UPDATE_ITEM_FIELD=1 PagePreviewApp-NuWdTQlt.js:3:129123
[op-effects] depth=2 "Carbs" UPDATE_ITEM_FIELD=1 PagePreviewApp-NuWdTQlt.js:3:129123
[op-effects] depth=2 "Fats" UPDATE_ITEM_FIELD=1 PagePreviewApp-NuWdTQlt.js:3:129123
[op-effects] depth=2 "Total Reps" UPDATE_ITEM_FIELD=1 PagePreviewApp-NuWdTQlt.js:3:129123
[op-effects] depth=2 "Chest Volume" UPDATE_ITEM_FIELD=1 PagePreviewApp-NuWdTQlt.js:3:129123
[op-effects] depth=2 "Back Volume" UPDATE_ITEM_FIELD=1 PagePreviewApp-NuWdTQlt.js:3:129123
[op-effects] depth=2 "Legs Volume" UPDATE_ITEM_FIELD=1 PagePreviewApp-NuWdTQlt.js:3:129123
[op-effects] depth=2 "Shoulders Volume" UPDATE_ITEM_FIELD=1 PagePreviewApp-NuWdTQlt.js:3:129123
[op-effects] depth=2 "Arms Volume" UPDATE_ITEM_FIELD=1 PagePreviewApp-NuWdTQlt.js:3:129123
[op-effects] depth=2 "Cardio Volume" UPDATE_ITEM_FIELD=1 PagePreviewApp-NuWdTQlt.js:3:129123
[op-effects] depth=2 "Breakfast Nutrition" UPDATE_ITEM_FIELD=1 PagePreviewApp-NuWdTQlt.js:3:129123
[op-effects] depth=2 "Lunch Nutrition" UPDATE_ITEM_FIELD=1 PagePreviewApp-NuWdTQlt.js:3:129123
[op-effects] depth=2 "Dinner Nutrition" UPDATE_ITEM_FIELD=1 PagePreviewApp-NuWdTQlt.js:3:129123
[op-effects] depth=2 "Snack Nutrition" UPDATE_ITEM_FIELD=1 PagePreviewApp-NuWdTQlt.js:3:129123
[op-effects] depth=2 "Checking Balance" UPDATE_ITEM_FIELD=1 PagePreviewApp-NuWdTQlt.js:3:129123
[op-effects] depth=2 "Mom's Account Balance" UPDATE_ITEM_FIELD=1 PagePreviewApp-NuWdTQlt.js:3:129123
[op-effects] depth=2 "Total Workouts" UPDATE_ITEM_FIELD=1 PagePreviewApp-NuWdTQlt.js:3:129123
[op-effects] depth=2 "Total Reading Time" UPDATE_ITEM_FIELD=1 PagePreviewApp-NuWdTQlt.js:3:129123
[op-effects] depth=2 "Completion Rate" UPDATE_ITEM_FIELD=1 PagePreviewApp-NuWdTQlt.js:3:129123
[op-effects] depth=2 "Time Spent This Week" UPDATE_ITEM_FIELD=1 PagePreviewApp-NuWdTQlt.js:3:129123
[op-effects] depth=2 "Pomodoro History" UPDATE_ITEM_FIELD=2 PagePreviewApp-NuWdTQlt.js:3:129123
[op-effects] depth=2 "Current Streak" UPDATE_ITEM_FIELD=2 PagePreviewApp-NuWdTQlt.js:3:129123
[op-effects] depth=2 "Workout History" UPDATE_ITEM_FIELD=2 PagePreviewApp-NuWdTQlt.js:3:129123
[op-effects] depth=2 "Meal History" UPDATE_ITEM_FIELD=2 PagePreviewApp-NuWdTQlt.js:3:129123
[op-effects] depth=2 "Purchase History" UPDATE_ITEM_FIELD=2 PagePreviewApp-NuWdTQlt.js:3:129123
[op-effects] depth=2 "Day Page: Build Tasks Completed" UPDATE_ITEM_TEXTMAP=1 PagePreviewApp-NuWdTQlt.js:3:129123
[op-effects] depth=2 "Total Subscriptions" UPDATE_ITEM_FIELD=1 PagePreviewApp-NuWdTQlt.js:3:129123
[op-effects] depth=2 "Monthly Bills" UPDATE_ITEM_FIELD=1 PagePreviewApp-NuWdTQlt.js:3:129123
[op-effects] depth=2 "Canvas: Build" DELETE_ITEM=14 CREATE_ITEM=7 UPDATE_OCCURRENCE=7 UPDATE_ITEM_META=14 PagePreviewApp-NuWdTQlt.js:3:129123
[op-effects] depth=2 "People Table: Build" UPDATE_ITEM_META=1 PagePreviewApp-NuWdTQlt.js:3:129123
[op-fire-done] depth=2 OccurrenceDeleteOp 912ms total=86 display=0 PagePreviewApp-NuWdTQlt.js:3:129376
[op-fire] depth=2 OccurrenceDeleteOp occ=522f9cc4 PagePreviewApp-NuWdTQlt.js:3:128547
[op-effects] depth=2 "Completed" UPDATE_ITEM_FIELD=1 PagePreviewApp-NuWdTQlt.js:3:129123
[op-effects] depth=2 "Task Countdown" UPDATE_ITEM_FIELD=1 PagePreviewApp-NuWdTQlt.js:3:129123
[op-effects] depth=2 "Steps" UPDATE_ITEM_FIELD=1 PagePreviewApp-NuWdTQlt.js:3:129123
[op-effects] depth=2 "Water" UPDATE_ITEM_FIELD=1 PagePreviewApp-NuWdTQlt.js:3:129123
[op-effects] depth=2 "Time Spent" UPDATE_ITEM_FIELD=1 PagePreviewApp-NuWdTQlt.js:3:129123
[op-effects] depth=2 "Pages" UPDATE_ITEM_FIELD=1 PagePreviewApp-NuWdTQlt.js:3:129123
[op-effects] depth=2 "Pomodoros Today" UPDATE_ITEM_FIELD=1 PagePreviewApp-NuWdTQlt.js:3:129123
[op-effects] depth=2 "Pomodoro Time" UPDATE_ITEM_FIELD=1 PagePreviewApp-NuWdTQlt.js:3:129123
[op-effects] depth=2 "Spent" UPDATE_ITEM_FIELD=1 PagePreviewApp-NuWdTQlt.js:3:129123
[op-effects] depth=2 "Earned" UPDATE_ITEM_FIELD=1 PagePreviewApp-NuWdTQlt.js:3:129123
[op-effects] depth=2 "Protein" UPDATE_ITEM_FIELD=1 PagePreviewApp-NuWdTQlt.js:3:129123
[op-effects] depth=2 "Carbs" UPDATE_ITEM_FIELD=1 PagePreviewApp-NuWdTQlt.js:3:129123
[op-effects] depth=2 "Fats" UPDATE_ITEM_FIELD=1 PagePreviewApp-NuWdTQlt.js:3:129123
[op-effects] depth=2 "Total Reps" UPDATE_ITEM_FIELD=1 PagePreviewApp-NuWdTQlt.js:3:129123
[op-effects] depth=2 "Chest Volume" UPDATE_ITEM_FIELD=1 PagePreviewApp-NuWdTQlt.js:3:129123
[op-effects] depth=2 "Back Volume" UPDATE_ITEM_FIELD=1 PagePreviewApp-NuWdTQlt.js:3:129123
[op-effects] depth=2 "Legs Volume" UPDATE_ITEM_FIELD=1 PagePreviewApp-NuWdTQlt.js:3:129123
[op-effects] depth=2 "Shoulders Volume" UPDATE_ITEM_FIELD=1 PagePreviewApp-NuWdTQlt.js:3:129123
[op-effects] depth=2 "Arms Volume" UPDATE_ITEM_FIELD=1 PagePreviewApp-NuWdTQlt.js:3:129123
[op-effects] depth=2 "Cardio Volume" UPDATE_ITEM_FIELD=1 PagePreviewApp-NuWdTQlt.js:3:129123
[op-effects] depth=2 "Breakfast Nutrition" UPDATE_ITEM_FIELD=1 PagePreviewApp-NuWdTQlt.js:3:129123
[op-effects] depth=2 "Lunch Nutrition" UPDATE_ITEM_FIELD=1 PagePreviewApp-NuWdTQlt.js:3:129123
[op-effects] depth=2 "Dinner Nutrition" UPDATE_ITEM_FIELD=1 PagePreviewApp-NuWdTQlt.js:3:129123
[op-effects] depth=2 "Snack Nutrition" UPDATE_ITEM_FIELD=1 PagePreviewApp-NuWdTQlt.js:3:129123
[op-effects] depth=2 "Checking Balance" UPDATE_ITEM_FIELD=1 PagePreviewApp-NuWdTQlt.js:3:129123
[op-effects] depth=2 "Mom's Account Balance" UPDATE_ITEM_FIELD=1 PagePreviewApp-NuWdTQlt.js:3:129123
[op-effects] depth=2 "Total Workouts" UPDATE_ITEM_FIELD=1 PagePreviewApp-NuWdTQlt.js:3:129123
[op-effects] depth=2 "Total Reading Time" UPDATE_ITEM_FIELD=1 PagePreviewApp-NuWdTQlt.js:3:129123
[op-effects] depth=2 "Completion Rate" UPDATE_ITEM_FIELD=1 PagePreviewApp-NuWdTQlt.js:3:129123
[op-effects] depth=2 "Time Spent This Week" UPDATE_ITEM_FIELD=1 PagePreviewApp-NuWdTQlt.js:3:129123
[op-effects] depth=2 "Pomodoro History" UPDATE_ITEM_FIELD=2 PagePreviewApp-NuWdTQlt.js:3:129123
[op-effects] depth=2 "Current Streak" UPDATE_ITEM_FIELD=2 PagePreviewApp-NuWdTQlt.js:3:129123
[op-effects] depth=2 "Workout History" UPDATE_ITEM_FIELD=2 PagePreviewApp-NuWdTQlt.js:3:129123
[op-effects] depth=2 "Meal History" UPDATE_ITEM_FIELD=2 PagePreviewApp-NuWdTQlt.js:3:129123
[op-effects] depth=2 "Purchase History" UPDATE_ITEM_FIELD=2 PagePreviewApp-NuWdTQlt.js:3:129123
[op-effects] depth=2 "Day Page: Build Tasks Completed" UPDATE_ITEM_TEXTMAP=1 PagePreviewApp-NuWdTQlt.js:3:129123
[op-effects] depth=2 "Total Subscriptions" UPDATE_ITEM_FIELD=1 PagePreviewApp-NuWdTQlt.js:3:129123
[op-effects] depth=2 "Monthly Bills" UPDATE_ITEM_FIELD=1 PagePreviewApp-NuWdTQlt.js:3:129123
[op-effects] depth=2 "Canvas: Build" DELETE_ITEM=14 CREATE_ITEM=7 UPDATE_OCCURRENCE=7 UPDATE_ITEM_META=14 PagePreviewApp-NuWdTQlt.js:3:129123
[op-effects] depth=2 "People Table: Build" UPDATE_ITEM_META=1 PagePreviewApp-NuWdTQlt.js:3:129123
[op-fire-done] depth=2 OccurrenceDeleteOp 712ms total=86 display=0 PagePreviewApp-NuWdTQlt.js:3:129376
[op-fire] depth=2 OccurrenceDeleteOp occ=fe02e66c PagePreviewApp-NuWdTQlt.js:3:128547
[op-effects] depth=2 "Completed" UPDATE_ITEM_FIELD=1 PagePreviewApp-NuWdTQlt.js:3:129123
[op-effects] depth=2 "Task Countdown" UPDATE_ITEM_FIELD=1 PagePreviewApp-NuWdTQlt.js:3:129123
[op-effects] depth=2 "Steps" UPDATE_ITEM_FIELD=1 PagePreviewApp-NuWdTQlt.js:3:129123
[op-effects] depth=2 "Water" UPDATE_ITEM_FIELD=1 PagePreviewApp-NuWdTQlt.js:3:129123
[op-effects] depth=2 "Time Spent" UPDATE_ITEM_FIELD=1 PagePreviewApp-NuWdTQlt.js:3:129123
[op-effects] depth=2 "Pages" UPDATE_ITEM_FIELD=1 PagePreviewApp-NuWdTQlt.js:3:129123
[op-effects] depth=2 "Pomodoros Today" UPDATE_ITEM_FIELD=1 PagePreviewApp-NuWdTQlt.js:3:129123
[op-effects] depth=2 "Pomodoro Time" UPDATE_ITEM_FIELD=1 PagePreviewApp-NuWdTQlt.js:3:129123
[op-effects] depth=2 "Spent" UPDATE_ITEM_FIELD=1 PagePreviewApp-NuWdTQlt.js:3:129123
[op-effects] depth=2 "Earned" UPDATE_ITEM_FIELD=1 PagePreviewApp-NuWdTQlt.js:3:129123
[op-effects] depth=2 "Protein" UPDATE_ITEM_FIELD=1 PagePreviewApp-NuWdTQlt.js:3:129123
[op-effects] depth=2 "Carbs" UPDATE_ITEM_FIELD=1 PagePreviewApp-NuWdTQlt.js:3:129123
[op-effects] depth=2 "Fats" UPDATE_ITEM_FIELD=1 PagePreviewApp-NuWdTQlt.js:3:129123
[op-effects] depth=2 "Total Reps" UPDATE_ITEM_FIELD=1 PagePreviewApp-NuWdTQlt.js:3:129123
[op-effects] depth=2 "Chest Volume" UPDATE_ITEM_FIELD=1 PagePreviewApp-NuWdTQlt.js:3:129123
[op-effects] depth=2 "Back Volume" UPDATE_ITEM_FIELD=1 PagePreviewApp-NuWdTQlt.js:3:129123
[op-effects] depth=2 "Legs Volume" UPDATE_ITEM_FIELD=1 PagePreviewApp-NuWdTQlt.js:3:129123
[op-effects] depth=2 "Shoulders Volume" UPDATE_ITEM_FIELD=1 PagePreviewApp-NuWdTQlt.js:3:129123
[op-effects] depth=2 "Arms Volume" UPDATE_ITEM_FIELD=1 PagePreviewApp-NuWdTQlt.js:3:129123
[op-effects] depth=2 "Cardio Volume" UPDATE_ITEM_FIELD=1 PagePreviewApp-NuWdTQlt.js:3:129123
[op-effects] depth=2 "Breakfast Nutrition" UPDATE_ITEM_FIELD=1 PagePreviewApp-NuWdTQlt.js:3:129123
[op-effects] depth=2 "Lunch Nutrition" UPDATE_ITEM_FIELD=1 PagePreviewApp-NuWdTQlt.js:3:129123
[op-effects] depth=2 "Dinner Nutrition" UPDATE_ITEM_FIELD=1 PagePreviewApp-NuWdTQlt.js:3:129123
[op-effects] depth=2 "Snack Nutrition" UPDATE_ITEM_FIELD=1 PagePreviewApp-NuWdTQlt.js:3:129123
[op-effects] depth=2 "Checking Balance" UPDATE_ITEM_FIELD=1 PagePreviewApp-NuWdTQlt.js:3:129123
[op-effects] depth=2 "Mom's Account Balance" UPDATE_ITEM_FIELD=1 PagePreviewApp-NuWdTQlt.js:3:129123
[op-effects] depth=2 "Total Workouts" UPDATE_ITEM_FIELD=1 PagePreviewApp-NuWdTQlt.js:3:129123
[op-effects] depth=2 "Total Reading Time" UPDATE_ITEM_FIELD=1 PagePreviewApp-NuWdTQlt.js:3:129123
[op-effects] depth=2 "Completion Rate" UPDATE_ITEM_FIELD=1 PagePreviewApp-NuWdTQlt.js:3:129123
[op-effects] depth=2 "Time Spent This Week" UPDATE_ITEM_FIELD=1 PagePreviewApp-NuWdTQlt.js:3:129123
[op-effects] depth=2 "Pomodoro History" UPDATE_ITEM_FIELD=2 PagePreviewApp-NuWdTQlt.js:3:129123
[op-effects] depth=2 "Current Streak" UPDATE_ITEM_FIELD=2 PagePreviewApp-NuWdTQlt.js:3:129123
[op-effects] depth=2 "Workout History" UPDATE_ITEM_FIELD=2 PagePreviewApp-NuWdTQlt.js:3:129123
[op-effects] depth=2 "Meal History" UPDATE_ITEM_FIELD=2 PagePreviewApp-NuWdTQlt.js:3:129123
[op-effects] depth=2 "Purchase History" UPDATE_ITEM_FIELD=2 PagePreviewApp-NuWdTQlt.js:3:129123
[op-effects] depth=2 "Day Page: Build Tasks Completed" UPDATE_ITEM_TEXTMAP=1 PagePreviewApp-NuWdTQlt.js:3:129123
[op-effects] depth=2 "Total Subscriptions" UPDATE_ITEM_FIELD=1 PagePreviewApp-NuWdTQlt.js:3:129123
[op-effects] depth=2 "Monthly Bills" UPDATE_ITEM_FIELD=1 PagePreviewApp-NuWdTQlt.js:3:129123
[op-effects] depth=2 "Canvas: Build" DELETE_ITEM=14 CREATE_ITEM=7 UPDATE_OCCURRENCE=7 UPDATE_ITEM_META=14 PagePreviewApp-NuWdTQlt.js:3:129123
[op-effects] depth=2 "People Table: Build" UPDATE_ITEM_META=1 PagePreviewApp-NuWdTQlt.js:3:129123
[op-fire-done] depth=2 OccurrenceDeleteOp 706ms total=86 display=0 PagePreviewApp-NuWdTQlt.js:3:129376
[op-fire] depth=2 OccurrenceDeleteOp occ=746707f0 PagePreviewApp-NuWdTQlt.js:3:128547
[op-effects] depth=2 "Completed" UPDATE_ITEM_FIELD=1 PagePreviewApp-NuWdTQlt.js:3:129123
[op-effects] depth=2 "Task Countdown" UPDATE_ITEM_FIELD=1 PagePreviewApp-NuWdTQlt.js:3:129123
[op-effects] depth=2 "Steps" UPDATE_ITEM_FIELD=1 PagePreviewApp-NuWdTQlt.js:3:129123
[op-effects] depth=2 "Water" UPDATE_ITEM_FIELD=1 PagePreviewApp-NuWdTQlt.js:3:129123
[op-effects] depth=2 "Time Spent" UPDATE_ITEM_FIELD=1 PagePreviewApp-NuWdTQlt.js:3:129123
[op-effects] depth=2 "Pages" UPDATE_ITEM_FIELD=1 PagePreviewApp-NuWdTQlt.js:3:129123
[op-effects] depth=2 "Pomodoros Today" UPDATE_ITEM_FIELD=1 PagePreviewApp-NuWdTQlt.js:3:129123
[op-effects] depth=2 "Pomodoro Time" UPDATE_ITEM_FIELD=1 PagePreviewApp-NuWdTQlt.js:3:129123
[op-effects] depth=2 "Spent" UPDATE_ITEM_FIELD=1 PagePreviewApp-NuWdTQlt.js:3:129123
[op-effects] depth=2 "Earned" UPDATE_ITEM_FIELD=1 PagePreviewApp-NuWdTQlt.js:3:129123
[op-effects] depth=2 "Protein" UPDATE_ITEM_FIELD=1 PagePreviewApp-NuWdTQlt.js:3:129123
[op-effects] depth=2 "Carbs" UPDATE_ITEM_FIELD=1 PagePreviewApp-NuWdTQlt.js:3:129123
[op-effects] depth=2 "Fats" UPDATE_ITEM_FIELD=1 PagePreviewApp-NuWdTQlt.js:3:129123
[op-effects] depth=2 "Total Reps" UPDATE_ITEM_FIELD=1 PagePreviewApp-NuWdTQlt.js:3:129123
[op-effects] depth=2 "Chest Volume" UPDATE_ITEM_FIELD=1 PagePreviewApp-NuWdTQlt.js:3:129123
[op-effects] depth=2 "Back Volume" UPDATE_ITEM_FIELD=1 PagePreviewApp-NuWdTQlt.js:3:129123
[op-effects] depth=2 "Legs Volume" UPDATE_ITEM_FIELD=1 PagePreviewApp-NuWdTQlt.js:3:129123
[op-effects] depth=2 "Shoulders Volume" UPDATE_ITEM_FIELD=1 PagePreviewApp-NuWdTQlt.js:3:129123
[op-effects] depth=2 "Arms Volume" UPDATE_ITEM_FIELD=1 PagePreviewApp-NuWdTQlt.js:3:129123
[op-effects] depth=2 "Cardio Volume" UPDATE_ITEM_FIELD=1 PagePreviewApp-NuWdTQlt.js:3:129123
[op-effects] depth=2 "Breakfast Nutrition" UPDATE_ITEM_FIELD=1 PagePreviewApp-NuWdTQlt.js:3:129123
[op-effects] depth=2 "Lunch Nutrition" UPDATE_ITEM_FIELD=1 PagePreviewApp-NuWdTQlt.js:3:129123
[op-effects] depth=2 "Dinner Nutrition" UPDATE_ITEM_FIELD=1 PagePreviewApp-NuWdTQlt.js:3:129123
[op-effects] depth=2 "Snack Nutrition" UPDATE_ITEM_FIELD=1 PagePreviewApp-NuWdTQlt.js:3:129123
[op-effects] depth=2 "Checking Balance" UPDATE_ITEM_FIELD=1 PagePreviewApp-NuWdTQlt.js:3:129123
[op-effects] depth=2 "Mom's Account Balance" UPDATE_ITEM_FIELD=1 PagePreviewApp-NuWdTQlt.js:3:129123
[op-effects] depth=2 "Total Workouts" UPDATE_ITEM_FIELD=1 PagePreviewApp-NuWdTQlt.js:3:129123
[op-effects] depth=2 "Total Reading Time" UPDATE_ITEM_FIELD=1 PagePreviewApp-NuWdTQlt.js:3:129123
[op-effects] depth=2 "Completion Rate" UPDATE_ITEM_FIELD=1 PagePreviewApp-NuWdTQlt.js:3:129123
[op-effects] depth=2 "Time Spent This Week" UPDATE_ITEM_FIELD=1 PagePreviewApp-NuWdTQlt.js:3:129123
[op-effects] depth=2 "Pomodoro History" UPDATE_ITEM_FIELD=2 PagePreviewApp-NuWdTQlt.js:3:129123
[op-effects] depth=2 "Current Streak" UPDATE_ITEM_FIELD=2 PagePreviewApp-NuWdTQlt.js:3:129123
[op-effects] depth=2 "Workout History" UPDATE_ITEM_FIELD=2 PagePreviewApp-NuWdTQlt.js:3:129123
[op-effects] depth=2 "Meal History" UPDATE_ITEM_FIELD=2 PagePreviewApp-NuWdTQlt.js:3:129123
[op-effects] depth=2 "Purchase History" UPDATE_ITEM_FIELD=2 PagePreviewApp-NuWdTQlt.js:3:129123
[op-effects] depth=2 "Day Page: Build Tasks Completed" UPDATE_ITEM_TEXTMAP=1 PagePreviewApp-NuWdTQlt.js:3:129123
[op-effects] depth=2 "Total Subscriptions" UPDATE_ITEM_FIELD=1 PagePreviewApp-NuWdTQlt.js:3:129123
[op-effects] depth=2 "Monthly Bills" UPDATE_ITEM_FIELD=1 PagePreviewApp-NuWdTQlt.js:3:129123
[op-effects] depth=2 "Canvas: Build" DELETE_ITEM=14 CREATE_ITEM=7 UPDATE_OCCURRENCE=7 UPDATE_ITEM_META=14 PagePreviewApp-NuWdTQlt.js:3:129123
[op-effects] depth=2 "People Table: Build" UPDATE_ITEM_META=1 PagePreviewApp-NuWdTQlt.js:3:129123
[op-fire-done] depth=2 OccurrenceDeleteOp 702ms total=86 display=0 PagePreviewApp-NuWdTQlt.js:3:129376
[op-fire] depth=2 OccurrenceDeleteOp occ=c86bec05 PagePreviewApp-NuWdTQlt.js:3:128547
[op-effects] depth=2 "Completed" UPDATE_ITEM_FIELD=1 PagePreviewApp-NuWdTQlt.js:3:129123
[op-effects] depth=2 "Task Countdown" UPDATE_ITEM_FIELD=1 PagePreviewApp-NuWdTQlt.js:3:129123
[op-effects] depth=2 "Steps" UPDATE_ITEM_FIELD=1 PagePreviewApp-NuWdTQlt.js:3:129123
[op-effects] depth=2 "Water" UPDATE_ITEM_FIELD=1 PagePreviewApp-NuWdTQlt.js:3:129123
[op-effects] depth=2 "Time Spent" UPDATE_ITEM_FIELD=1 PagePreviewApp-NuWdTQlt.js:3:129123
[op-effects] depth=2 "Pages" UPDATE_ITEM_FIELD=1 PagePreviewApp-NuWdTQlt.js:3:129123
[op-effects] depth=2 "Pomodoros Today" UPDATE_ITEM_FIELD=1 PagePreviewApp-NuWdTQlt.js:3:129123
[op-effects] depth=2 "Pomodoro Time" UPDATE_ITEM_FIELD=1 PagePreviewApp-NuWdTQlt.js:3:129123
[op-effects] depth=2 "Spent" UPDATE_ITEM_FIELD=1 PagePreviewApp-NuWdTQlt.js:3:129123
[op-effects] depth=2 "Earned" UPDATE_ITEM_FIELD=1 PagePreviewApp-NuWdTQlt.js:3:129123
[op-effects] depth=2 "Protein" UPDATE_ITEM_FIELD=1 PagePreviewApp-NuWdTQlt.js:3:129123
[op-effects] depth=2 "Carbs" UPDATE_ITEM_FIELD=1 PagePreviewApp-NuWdTQlt.js:3:129123
[op-effects] depth=2 "Fats" UPDATE_ITEM_FIELD=1 PagePreviewApp-NuWdTQlt.js:3:129123
[op-effects] depth=2 "Total Reps" UPDATE_ITEM_FIELD=1 PagePreviewApp-NuWdTQlt.js:3:129123
[op-effects] depth=2 "Chest Volume" UPDATE_ITEM_FIELD=1 PagePreviewApp-NuWdTQlt.js:3:129123
[op-effects] depth=2 "Back Volume" UPDATE_ITEM_FIELD=1 PagePreviewApp-NuWdTQlt.js:3:129123
[op-effects] depth=2 "Legs Volume" UPDATE_ITEM_FIELD=1 PagePreviewApp-NuWdTQlt.js:3:129123
[op-effects] depth=2 "Shoulders Volume" UPDATE_ITEM_FIELD=1 PagePreviewApp-NuWdTQlt.js:3:129123
[op-effects] depth=2 "Arms Volume" UPDATE_ITEM_FIELD=1 PagePreviewApp-NuWdTQlt.js:3:129123
[op-effects] depth=2 "Cardio Volume" UPDATE_ITEM_FIELD=1 PagePreviewApp-NuWdTQlt.js:3:129123
[op-effects] depth=2 "Breakfast Nutrition" UPDATE_ITEM_FIELD=1 PagePreviewApp-NuWdTQlt.js:3:129123
[op-effects] depth=2 "Lunch Nutrition" UPDATE_ITEM_FIELD=1 PagePreviewApp-NuWdTQlt.js:3:129123
[op-effects] depth=2 "Dinner Nutrition" UPDATE_ITEM_FIELD=1 PagePreviewApp-NuWdTQlt.js:3:129123
[op-effects] depth=2 "Snack Nutrition" UPDATE_ITEM_FIELD=1 PagePreviewApp-NuWdTQlt.js:3:129123
[op-effects] depth=2 "Checking Balance" UPDATE_ITEM_FIELD=1 PagePreviewApp-NuWdTQlt.js:3:129123
[op-effects] depth=2 "Mom's Account Balance" UPDATE_ITEM_FIELD=1 PagePreviewApp-NuWdTQlt.js:3:129123
[op-effects] depth=2 "Total Workouts" UPDATE_ITEM_FIELD=1 PagePreviewApp-NuWdTQlt.js:3:129123
[op-effects] depth=2 "Total Reading Time" UPDATE_ITEM_FIELD=1 PagePreviewApp-NuWdTQlt.js:3:129123
[op-effects] depth=2 "Completion Rate" UPDATE_ITEM_FIELD=1 PagePreviewApp-NuWdTQlt.js:3:129123
[op-effects] depth=2 "Time Spent This Week" UPDATE_ITEM_FIELD=1 PagePreviewApp-NuWdTQlt.js:3:129123
[op-effects] depth=2 "Pomodoro History" UPDATE_ITEM_FIELD=2 PagePreviewApp-NuWdTQlt.js:3:129123
[op-effects] depth=2 "Current Streak" UPDATE_ITEM_FIELD=2 PagePreviewApp-NuWdTQlt.js:3:129123
[op-effects] depth=2 "Workout History" UPDATE_ITEM_FIELD=2 PagePreviewApp-NuWdTQlt.js:3:129123
[op-effects] depth=2 "Meal History" UPDATE_ITEM_FIELD=2 PagePreviewApp-NuWdTQlt.js:3:129123
[op-effects] depth=2 "Purchase History" UPDATE_ITEM_FIELD=2 PagePreviewApp-NuWdTQlt.js:3:129123
[op-effects] depth=2 "Day Page: Build Tasks Completed" UPDATE_ITEM_TEXTMAP=1 PagePreviewApp-NuWdTQlt.js:3:129123
[op-effects] depth=2 "Total Subscriptions" UPDATE_ITEM_FIELD=1 PagePreviewApp-NuWdTQlt.js:3:129123
[op-effects] depth=2 "Monthly Bills" UPDATE_ITEM_FIELD=1 PagePreviewApp-NuWdTQlt.js:3:129123
[op-effects] depth=2 "Canvas: Build" DELETE_ITEM=14 CREATE_ITEM=7 UPDATE_OCCURRENCE=7 UPDATE_ITEM_META=14 PagePreviewApp-NuWdTQlt.js:3:129123
[op-effects] depth=2 "People Table: Build" UPDATE_ITEM_META=1 PagePreviewApp-NuWdTQlt.js:3:129123
[op-fire-done] depth=2 OccurrenceDeleteOp 654ms total=86 display=0 PagePreviewApp-NuWdTQlt.js:3:129376
[op-fire] depth=2 OccurrenceDeleteOp occ=463696dc PagePreviewApp-NuWdTQlt.js:3:128547
[op-effects] depth=2 "Completed" UPDATE_ITEM_FIELD=1 PagePreviewApp-NuWdTQlt.js:3:129123
[op-effects] depth=2 "Task Countdown" UPDATE_ITEM_FIELD=1 PagePreviewApp-NuWdTQlt.js:3:129123
[op-effects] depth=2 "Steps" UPDATE_ITEM_FIELD=1 PagePreviewApp-NuWdTQlt.js:3:129123
[op-effects] depth=2 "Water" UPDATE_ITEM_FIELD=1 PagePreviewApp-NuWdTQlt.js:3:129123
[op-effects] depth=2 "Time Spent" UPDATE_ITEM_FIELD=1 PagePreviewApp-NuWdTQlt.js:3:129123
[op-effects] depth=2 "Pages" UPDATE_ITEM_FIELD=1 PagePreviewApp-NuWdTQlt.js:3:129123
[op-effects] depth=2 "Pomodoros Today" UPDATE_ITEM_FIELD=1 PagePreviewApp-NuWdTQlt.js:3:129123
[op-effects] depth=2 "Pomodoro Time" UPDATE_ITEM_FIELD=1 PagePreviewApp-NuWdTQlt.js:3:129123
[op-effects] depth=2 "Spent" UPDATE_ITEM_FIELD=1 PagePreviewApp-NuWdTQlt.js:3:129123
[op-effects] depth=2 "Earned" UPDATE_ITEM_FIELD=1 PagePreviewApp-NuWdTQlt.js:3:129123
[op-effects] depth=2 "Protein" UPDATE_ITEM_FIELD=1 PagePreviewApp-NuWdTQlt.js:3:129123
[op-effects] depth=2 "Carbs" UPDATE_ITEM_FIELD=1 PagePreviewApp-NuWdTQlt.js:3:129123
[op-effects] depth=2 "Fats" UPDATE_ITEM_FIELD=1 PagePreviewApp-NuWdTQlt.js:3:129123
[op-effects] depth=2 "Total Reps" UPDATE_ITEM_FIELD=1 PagePreviewApp-NuWdTQlt.js:3:129123
[op-effects] depth=2 "Chest Volume" UPDATE_ITEM_FIELD=1 PagePreviewApp-NuWdTQlt.js:3:129123
[op-effects] depth=2 "Back Volume" UPDATE_ITEM_FIELD=1 PagePreviewApp-NuWdTQlt.js:3:129123
[op-effects] depth=2 "Legs Volume" UPDATE_ITEM_FIELD=1 PagePreviewApp-NuWdTQlt.js:3:129123
[op-effects] depth=2 "Shoulders Volume" UPDATE_ITEM_FIELD=1 PagePreviewApp-NuWdTQlt.js:3:129123
[op-effects] depth=2 "Arms Volume" UPDATE_ITEM_FIELD=1 PagePreviewApp-NuWdTQlt.js:3:129123
[op-effects] depth=2 "Cardio Volume" UPDATE_ITEM_FIELD=1 PagePreviewApp-NuWdTQlt.js:3:129123
[op-effects] depth=2 "Breakfast Nutrition" UPDATE_ITEM_FIELD=1 PagePreviewApp-NuWdTQlt.js:3:129123
[op-effects] depth=2 "Lunch Nutrition" UPDATE_ITEM_FIELD=1 PagePreviewApp-NuWdTQlt.js:3:129123
[op-effects] depth=2 "Dinner Nutrition" UPDATE_ITEM_FIELD=1 PagePreviewApp-NuWdTQlt.js:3:129123
[op-effects] depth=2 "Snack Nutrition" UPDATE_ITEM_FIELD=1 PagePreviewApp-NuWdTQlt.js:3:129123
[op-effects] depth=2 "Checking Balance" UPDATE_ITEM_FIELD=1 PagePreviewApp-NuWdTQlt.js:3:129123
[op-effects] depth=2 "Mom's Account Balance" UPDATE_ITEM_FIELD=1 PagePreviewApp-NuWdTQlt.js:3:129123
[op-effects] depth=2 "Total Workouts" UPDATE_ITEM_FIELD=1 PagePreviewApp-NuWdTQlt.js:3:129123
[op-effects] depth=2 "Total Reading Time" UPDATE_ITEM_FIELD=1 PagePreviewApp-NuWdTQlt.js:3:129123
[op-effects] depth=2 "Completion Rate" UPDATE_ITEM_FIELD=1 PagePreviewApp-NuWdTQlt.js:3:129123
[op-effects] depth=2 "Time Spent This Week" UPDATE_ITEM_FIELD=1 PagePreviewApp-NuWdTQlt.js:3:129123
[op-effects] depth=2 "Pomodoro History" UPDATE_ITEM_FIELD=2 PagePreviewApp-NuWdTQlt.js:3:129123
[op-effects] depth=2 "Current Streak" UPDATE_ITEM_FIELD=2 PagePreviewApp-NuWdTQlt.js:3:129123
[op-effects] depth=2 "Workout History" UPDATE_ITEM_FIELD=2 PagePreviewApp-NuWdTQlt.js:3:129123
[op-effects] depth=2 "Meal History" UPDATE_ITEM_FIELD=2 PagePreviewApp-NuWdTQlt.js:3:129123
[op-effects] depth=2 "Purchase History" UPDATE_ITEM_FIELD=2 PagePreviewApp-NuWdTQlt.js:3:129123
[op-effects] depth=2 "Day Page: Build Tasks Completed" UPDATE_ITEM_TEXTMAP=1 PagePreviewApp-NuWdTQlt.js:3:129123
[op-effects] depth=2 "Total Subscriptions" UPDATE_ITEM_FIELD=1 PagePreviewApp-NuWdTQlt.js:3:129123
[op-effects] depth=2 "Monthly Bills" UPDATE_ITEM_FIELD=1 PagePreviewApp-NuWdTQlt.js:3:129123
[op-effects] depth=2 "Canvas: Build" DELETE_ITEM=14 CREATE_ITEM=7 UPDATE_OCCURRENCE=7 UPDATE_ITEM_META=14 PagePreviewApp-NuWdTQlt.js:3:129123
[op-effects] depth=2 "People Table: Build" UPDATE_ITEM_META=1 PagePreviewApp-NuWdTQlt.js:3:129123
[op-fire-done] depth=2 OccurrenceDeleteOp 1016ms total=86 display=0 PagePreviewApp-NuWdTQlt.js:3:129376
[op-fire-done] depth=1 MeasureOp 10831ms total=30 display=0 PagePreviewApp-NuWdTQlt.js:3:129376
[op-fire] depth=1 MeasureOp occ=96377e75 2 PagePreviewApp-NuWdTQlt.js:3:128547
[op-effects] depth=1 "Table: Build" DELETE_ITEM=14 CREATE_ITEM=7 UPDATE_OCCURRENCE=7 UPDATE_ITEM_META=2 PagePreviewApp-NuWdTQlt.js:3:129123
[op-fire] depth=2 OccurrenceDeleteOp occ=75d57290 PagePreviewApp-NuWdTQlt.js:3:128547
[op-effects] depth=2 "Completed" UPDATE_ITEM_FIELD=1 PagePreviewApp-NuWdTQlt.js:3:129123
[op-effects] depth=2 "Task Countdown" UPDATE_ITEM_FIELD=1 PagePreviewApp-NuWdTQlt.js:3:129123
[op-effects] depth=2 "Steps" UPDATE_ITEM_FIELD=1 PagePreviewApp-NuWdTQlt.js:3:129123
[op-effects] depth=2 "Water" UPDATE_ITEM_FIELD=1 PagePreviewApp-NuWdTQlt.js:3:129123
[op-effects] depth=2 "Time Spent" UPDATE_ITEM_FIELD=1 PagePreviewApp-NuWdTQlt.js:3:129123
[op-effects] depth=2 "Pages" UPDATE_ITEM_FIELD=1 PagePreviewApp-NuWdTQlt.js:3:129123
[op-effects] depth=2 "Pomodoros Today" UPDATE_ITEM_FIELD=1 PagePreviewApp-NuWdTQlt.js:3:129123
[op-effects] depth=2 "Pomodoro Time" UPDATE_ITEM_FIELD=1 PagePreviewApp-NuWdTQlt.js:3:129123
[op-effects] depth=2 "Spent" UPDATE_ITEM_FIELD=1 PagePreviewApp-NuWdTQlt.js:3:129123
[op-effects] depth=2 "Earned" UPDATE_ITEM_FIELD=1 PagePreviewApp-NuWdTQlt.js:3:129123
[op-effects] depth=2 "Protein" UPDATE_ITEM_FIELD=1 PagePreviewApp-NuWdTQlt.js:3:129123
[op-effects] depth=2 "Carbs" UPDATE_ITEM_FIELD=1 PagePreviewApp-NuWdTQlt.js:3:129123
[op-effects] depth=2 "Fats" UPDATE_ITEM_FIELD=1 PagePreviewApp-NuWdTQlt.js:3:129123
[op-effects] depth=2 "Total Reps" UPDATE_ITEM_FIELD=1 PagePreviewApp-NuWdTQlt.js:3:129123
[op-effects] depth=2 "Chest Volume" UPDATE_ITEM_FIELD=1 PagePreviewApp-NuWdTQlt.js:3:129123
[op-effects] depth=2 "Back Volume" UPDATE_ITEM_FIELD=1 PagePreviewApp-NuWdTQlt.js:3:129123
[op-effects] depth=2 "Legs Volume" UPDATE_ITEM_FIELD=1 PagePreviewApp-NuWdTQlt.js:3:129123
[op-effects] depth=2 "Shoulders Volume" UPDATE_ITEM_FIELD=1 PagePreviewApp-NuWdTQlt.js:3:129123
[op-effects] depth=2 "Arms Volume" UPDATE_ITEM_FIELD=1 PagePreviewApp-NuWdTQlt.js:3:129123
[op-effects] depth=2 "Cardio Volume" UPDATE_ITEM_FIELD=1 PagePreviewApp-NuWdTQlt.js:3:129123
[op-effects] depth=2 "Breakfast Nutrition" UPDATE_ITEM_FIELD=1 PagePreviewApp-NuWdTQlt.js:3:129123
[op-effects] depth=2 "Lunch Nutrition" UPDATE_ITEM_FIELD=1 PagePreviewApp-NuWdTQlt.js:3:129123
[op-effects] depth=2 "Dinner Nutrition" UPDATE_ITEM_FIELD=1 PagePreviewApp-NuWdTQlt.js:3:129123
[op-effects] depth=2 "Snack Nutrition" UPDATE_ITEM_FIELD=1 PagePreviewApp-NuWdTQlt.js:3:129123
[op-effects] depth=2 "Checking Balance" UPDATE_ITEM_FIELD=1 PagePreviewApp-NuWdTQlt.js:3:129123
[op-effects] depth=2 "Mom's Account Balance" UPDATE_ITEM_FIELD=1 PagePreviewApp-NuWdTQlt.js:3:129123
[op-effects] depth=2 "Total Workouts" UPDATE_ITEM_FIELD=1 PagePreviewApp-NuWdTQlt.js:3:129123
[op-effects] depth=2 "Total Reading Time" UPDATE_ITEM_FIELD=1 PagePreviewApp-NuWdTQlt.js:3:129123
[op-effects] depth=2 "Completion Rate" UPDATE_ITEM_FIELD=1 PagePreviewApp-NuWdTQlt.js:3:129123
[op-effects] depth=2 "Time Spent This Week" UPDATE_ITEM_FIELD=1 PagePreviewApp-NuWdTQlt.js:3:129123
[op-effects] depth=2 "Pomodoro History" UPDATE_ITEM_FIELD=2 PagePreviewApp-NuWdTQlt.js:3:129123
[op-effects] depth=2 "Current Streak" UPDATE_ITEM_FIELD=2 PagePreviewApp-NuWdTQlt.js:3:129123
[op-effects] depth=2 "Workout History" UPDATE_ITEM_FIELD=2 PagePreviewApp-NuWdTQlt.js:3:129123
[op-effects] depth=2 "Meal History" UPDATE_ITEM_FIELD=2 PagePreviewApp-NuWdTQlt.js:3:129123
[op-effects] depth=2 "Purchase History" UPDATE_ITEM_FIELD=2 PagePreviewApp-NuWdTQlt.js:3:129123
[op-effects] depth=2 "Day Page: Build Tasks Completed" UPDATE_ITEM_TEXTMAP=1 PagePreviewApp-NuWdTQlt.js:3:129123
[op-effects] depth=2 "Total Subscriptions" UPDATE_ITEM_FIELD=1 PagePreviewApp-NuWdTQlt.js:3:129123
[op-effects] depth=2 "Monthly Bills" UPDATE_ITEM_FIELD=1 PagePreviewApp-NuWdTQlt.js:3:129123
[op-effects] depth=2 "Canvas: Build" DELETE_ITEM=14 CREATE_ITEM=7 UPDATE_OCCURRENCE=7 UPDATE_ITEM_META=14 PagePreviewApp-NuWdTQlt.js:3:129123
[op-effects] depth=2 "People Table: Build" UPDATE_ITEM_META=1 PagePreviewApp-NuWdTQlt.js:3:129123
[op-fire-done] depth=2 OccurrenceDeleteOp 722ms total=86 display=0 PagePreviewApp-NuWdTQlt.js:3:129376
[op-fire] depth=2 OccurrenceDeleteOp occ=c956b00f PagePreviewApp-NuWdTQlt.js:3:128547
[op-effects] depth=2 "Completed" UPDATE_ITEM_FIELD=1 PagePreviewApp-NuWdTQlt.js:3:129123
[op-effects] depth=2 "Task Countdown" UPDATE_ITEM_FIELD=1 PagePreviewApp-NuWdTQlt.js:3:129123
[op-effects] depth=2 "Steps" UPDATE_ITEM_FIELD=1 PagePreviewApp-NuWdTQlt.js:3:129123
[op-effects] depth=2 "Water" UPDATE_ITEM_FIELD=1 PagePreviewApp-NuWdTQlt.js:3:129123
[op-effects] depth=2 "Time Spent" UPDATE_ITEM_FIELD=1 PagePreviewApp-NuWdTQlt.js:3:129123
[op-effects] depth=2 "Pages" UPDATE_ITEM_FIELD=1 PagePreviewApp-NuWdTQlt.js:3:129123
[op-effects] depth=2 "Pomodoros Today" UPDATE_ITEM_FIELD=1 PagePreviewApp-NuWdTQlt.js:3:129123
[op-effects] depth=2 "Pomodoro Time" UPDATE_ITEM_FIELD=1 PagePreviewApp-NuWdTQlt.js:3:129123
[op-effects] depth=2 "Spent" UPDATE_ITEM_FIELD=1 PagePreviewApp-NuWdTQlt.js:3:129123
[op-effects] depth=2 "Earned" UPDATE_ITEM_FIELD=1 PagePreviewApp-NuWdTQlt.js:3:129123
[op-effects] depth=2 "Protein" UPDATE_ITEM_FIELD=1 PagePreviewApp-NuWdTQlt.js:3:129123
[op-effects] depth=2 "Carbs" UPDATE_ITEM_FIELD=1 PagePreviewApp-NuWdTQlt.js:3:129123
[op-effects] depth=2 "Fats" UPDATE_ITEM_FIELD=1 PagePreviewApp-NuWdTQlt.js:3:129123
[op-effects] depth=2 "Total Reps" UPDATE_ITEM_FIELD=1 PagePreviewApp-NuWdTQlt.js:3:129123
[op-effects] depth=2 "Chest Volume" UPDATE_ITEM_FIELD=1 PagePreviewApp-NuWdTQlt.js:3:129123
[op-effects] depth=2 "Back Volume" UPDATE_ITEM_FIELD=1 PagePreviewApp-NuWdTQlt.js:3:129123
[op-effects] depth=2 "Legs Volume" UPDATE_ITEM_FIELD=1 PagePreviewApp-NuWdTQlt.js:3:129123
[op-effects] depth=2 "Shoulders Volume" UPDATE_ITEM_FIELD=1 PagePreviewApp-NuWdTQlt.js:3:129123
[op-effects] depth=2 "Arms Volume" UPDATE_ITEM_FIELD=1 PagePreviewApp-NuWdTQlt.js:3:129123
[op-effects] depth=2 "Cardio Volume" UPDATE_ITEM_FIELD=1 PagePreviewApp-NuWdTQlt.js:3:129123
[op-effects] depth=2 "Breakfast Nutrition" UPDATE_ITEM_FIELD=1 PagePreviewApp-NuWdTQlt.js:3:129123
[op-effects] depth=2 "Lunch Nutrition" UPDATE_ITEM_FIELD=1 PagePreviewApp-NuWdTQlt.js:3:129123
[op-effects] depth=2 "Dinner Nutrition" UPDATE_ITEM_FIELD=1 PagePreviewApp-NuWdTQlt.js:3:129123
[op-effects] depth=2 "Snack Nutrition" UPDATE_ITEM_FIELD=1 PagePreviewApp-NuWdTQlt.js:3:129123
[op-effects] depth=2 "Checking Balance" UPDATE_ITEM_FIELD=1 PagePreviewApp-NuWdTQlt.js:3:129123
[op-effects] depth=2 "Mom's Account Balance" UPDATE_ITEM_FIELD=1 PagePreviewApp-NuWdTQlt.js:3:129123
[op-effects] depth=2 "Total Workouts" UPDATE_ITEM_FIELD=1 PagePreviewApp-NuWdTQlt.js:3:129123
[op-effects] depth=2 "Total Reading Time" UPDATE_ITEM_FIELD=1 PagePreviewApp-NuWdTQlt.js:3:129123
[op-effects] depth=2 "Completion Rate" UPDATE_ITEM_FIELD=1 PagePreviewApp-NuWdTQlt.js:3:129123
[op-effects] depth=2 "Time Spent This Week" UPDATE_ITEM_FIELD=1 PagePreviewApp-NuWdTQlt.js:3:129123
[op-effects] depth=2 "Pomodoro History" UPDATE_ITEM_FIELD=2 PagePreviewApp-NuWdTQlt.js:3:129123
[op-effects] depth=2 "Current Streak" UPDATE_ITEM_FIELD=2 PagePreviewApp-NuWdTQlt.js:3:129123
[op-effects] depth=2 "Workout History" UPDATE_ITEM_FIELD=2 PagePreviewApp-NuWdTQlt.js:3:129123
[op-effects] depth=2 "Meal History" UPDATE_ITEM_FIELD=2 PagePreviewApp-NuWdTQlt.js:3:129123
[op-effects] depth=2 "Purchase History" UPDATE_ITEM_FIELD=2 PagePreviewApp-NuWdTQlt.js:3:129123
[op-effects] depth=2 "Day Page: Build Tasks Completed" UPDATE_ITEM_TEXTMAP=1 PagePreviewApp-NuWdTQlt.js:3:129123
[op-effects] depth=2 "Total Subscriptions" UPDATE_ITEM_FIELD=1 PagePreviewApp-NuWdTQlt.js:3:129123
[op-effects] depth=2 "Monthly Bills" UPDATE_ITEM_FIELD=1 PagePreviewApp-NuWdTQlt.js:3:129123
[op-effects] depth=2 "Canvas: Build" DELETE_ITEM=14 CREATE_ITEM=7 UPDATE_OCCURRENCE=7 UPDATE_ITEM_META=14 PagePreviewApp-NuWdTQlt.js:3:129123
[op-effects] depth=2 "People Table: Build" UPDATE_ITEM_META=1 PagePreviewApp-NuWdTQlt.js:3:129123
[op-fire-done] depth=2 OccurrenceDeleteOp 691ms total=86 display=0 PagePreviewApp-NuWdTQlt.js:3:129376
[op-fire] depth=2 OccurrenceDeleteOp occ=f8374991 PagePreviewApp-NuWdTQlt.js:3:128547
[op-effects] depth=2 "Completed" UPDATE_ITEM_FIELD=1 PagePreviewApp-NuWdTQlt.js:3:129123
[op-effects] depth=2 "Task Countdown" UPDATE_ITEM_FIELD=1 PagePreviewApp-NuWdTQlt.js:3:129123
[op-effects] depth=2 "Steps" UPDATE_ITEM_FIELD=1 PagePreviewApp-NuWdTQlt.js:3:129123
[op-effects] depth=2 "Water" UPDATE_ITEM_FIELD=1 PagePreviewApp-NuWdTQlt.js:3:129123
[op-effects] depth=2 "Time Spent" UPDATE_ITEM_FIELD=1 PagePreviewApp-NuWdTQlt.js:3:129123
[op-effects] depth=2 "Pages" UPDATE_ITEM_FIELD=1 PagePreviewApp-NuWdTQlt.js:3:129123
[op-effects] depth=2 "Pomodoros Today" UPDATE_ITEM_FIELD=1 PagePreviewApp-NuWdTQlt.js:3:129123
[op-effects] depth=2 "Pomodoro Time" UPDATE_ITEM_FIELD=1 PagePreviewApp-NuWdTQlt.js:3:129123
[op-effects] depth=2 "Spent" UPDATE_ITEM_FIELD=1 PagePreviewApp-NuWdTQlt.js:3:129123
[op-effects] depth=2 "Earned" UPDATE_ITEM_FIELD=1 PagePreviewApp-NuWdTQlt.js:3:129123
[op-effects] depth=2 "Protein" UPDATE_ITEM_FIELD=1 PagePreviewApp-NuWdTQlt.js:3:129123
[op-effects] depth=2 "Carbs" UPDATE_ITEM_FIELD=1 PagePreviewApp-NuWdTQlt.js:3:129123
[op-effects] depth=2 "Fats" UPDATE_ITEM_FIELD=1 PagePreviewApp-NuWdTQlt.js:3:129123
[op-effects] depth=2 "Total Reps" UPDATE_ITEM_FIELD=1 PagePreviewApp-NuWdTQlt.js:3:129123
[op-effects] depth=2 "Chest Volume" UPDATE_ITEM_FIELD=1 PagePreviewApp-NuWdTQlt.js:3:129123
[op-effects] depth=2 "Back Volume" UPDATE_ITEM_FIELD=1 PagePreviewApp-NuWdTQlt.js:3:129123
[op-effects] depth=2 "Legs Volume" UPDATE_ITEM_FIELD=1 PagePreviewApp-NuWdTQlt.js:3:129123
[op-effects] depth=2 "Shoulders Volume" UPDATE_ITEM_FIELD=1 PagePreviewApp-NuWdTQlt.js:3:129123
[op-effects] depth=2 "Arms Volume" UPDATE_ITEM_FIELD=1 PagePreviewApp-NuWdTQlt.js:3:129123
[op-effects] depth=2 "Cardio Volume" UPDATE_ITEM_FIELD=1 PagePreviewApp-NuWdTQlt.js:3:129123
[op-effects] depth=2 "Breakfast Nutrition" UPDATE_ITEM_FIELD=1 PagePreviewApp-NuWdTQlt.js:3:129123
[op-effects] depth=2 "Lunch Nutrition" UPDATE_ITEM_FIELD=1 PagePreviewApp-NuWdTQlt.js:3:129123
[op-effects] depth=2 "Dinner Nutrition" UPDATE_ITEM_FIELD=1 PagePreviewApp-NuWdTQlt.js:3:129123
[op-effects] depth=2 "Snack Nutrition" UPDATE_ITEM_FIELD=1 PagePreviewApp-NuWdTQlt.js:3:129123
[op-effects] depth=2 "Checking Balance" UPDATE_ITEM_FIELD=1 PagePreviewApp-NuWdTQlt.js:3:129123
[op-effects] depth=2 "Mom's Account Balance" UPDATE_ITEM_FIELD=1 PagePreviewApp-NuWdTQlt.js:3:129123
[op-effects] depth=2 "Total Workouts" UPDATE_ITEM_FIELD=1 PagePreviewApp-NuWdTQlt.js:3:129123
[op-effects] depth=2 "Total Reading Time" UPDATE_ITEM_FIELD=1 PagePreviewApp-NuWdTQlt.js:3:129123
[op-effects] depth=2 "Completion Rate" UPDATE_ITEM_FIELD=1 PagePreviewApp-NuWdTQlt.js:3:129123
[op-effects] depth=2 "Time Spent This Week" UPDATE_ITEM_FIELD=1 PagePreviewApp-NuWdTQlt.js:3:129123
[op-effects] depth=2 "Pomodoro History" UPDATE_ITEM_FIELD=2 PagePreviewApp-NuWdTQlt.js:3:129123
[op-effects] depth=2 "Current Streak" UPDATE_ITEM_FIELD=2 PagePreviewApp-NuWdTQlt.js:3:129123
[op-effects] depth=2 "Workout History" UPDATE_ITEM_FIELD=2 PagePreviewApp-NuWdTQlt.js:3:129123
[op-effects] depth=2 "Meal History" UPDATE_ITEM_FIELD=2 PagePreviewApp-NuWdTQlt.js:3:129123
[op-effects] depth=2 "Purchase History" UPDATE_ITEM_FIELD=2 PagePreviewApp-NuWdTQlt.js:3:129123
[op-effects] depth=2 "Day Page: Build Tasks Completed" UPDATE_ITEM_TEXTMAP=1 PagePreviewApp-NuWdTQlt.js:3:129123
[op-effects] depth=2 "Total Subscriptions" UPDATE_ITEM_FIELD=1 PagePreviewApp-NuWdTQlt.js:3:129123
[op-effects] depth=2 "Monthly Bills" UPDATE_ITEM_FIELD=1 PagePreviewApp-NuWdTQlt.js:3:129123
[op-effects] depth=2 "Canvas: Build" DELETE_ITEM=14 CREATE_ITEM=7 UPDATE_OCCURRENCE=7 UPDATE_ITEM_META=14 PagePreviewApp-NuWdTQlt.js:3:129123
[op-effects] depth=2 "People Table: Build" UPDATE_ITEM_META=1 PagePreviewApp-NuWdTQlt.js:3:129123
[op-fire-done] depth=2 OccurrenceDeleteOp 680ms total=86 display=0 PagePreviewApp-NuWdTQlt.js:3:129376
[op-fire] depth=2 OccurrenceDeleteOp occ=27128f5b PagePreviewApp-NuWdTQlt.js:3:128547
[op-effects] depth=2 "Completed" UPDATE_ITEM_FIELD=1 PagePreviewApp-NuWdTQlt.js:3:129123
[op-effects] depth=2 "Task Countdown" UPDATE_ITEM_FIELD=1 PagePreviewApp-NuWdTQlt.js:3:129123
[op-effects] depth=2 "Steps" UPDATE_ITEM_FIELD=1 PagePreviewApp-NuWdTQlt.js:3:129123
[op-effects] depth=2 "Water" UPDATE_ITEM_FIELD=1 PagePreviewApp-NuWdTQlt.js:3:129123
[op-effects] depth=2 "Time Spent" UPDATE_ITEM_FIELD=1 PagePreviewApp-NuWdTQlt.js:3:129123
[op-effects] depth=2 "Pages" UPDATE_ITEM_FIELD=1 PagePreviewApp-NuWdTQlt.js:3:129123
[op-effects] depth=2 "Pomodoros Today" UPDATE_ITEM_FIELD=1 PagePreviewApp-NuWdTQlt.js:3:129123
[op-effects] depth=2 "Pomodoro Time" UPDATE_ITEM_FIELD=1 PagePreviewApp-NuWdTQlt.js:3:129123
[op-effects] depth=2 "Spent" UPDATE_ITEM_FIELD=1 PagePreviewApp-NuWdTQlt.js:3:129123
[op-effects] depth=2 "Earned" UPDATE_ITEM_FIELD=1 PagePreviewApp-NuWdTQlt.js:3:129123
[op-effects] depth=2 "Protein" UPDATE_ITEM_FIELD=1 PagePreviewApp-NuWdTQlt.js:3:129123
[op-effects] depth=2 "Carbs" UPDATE_ITEM_FIELD=1 PagePreviewApp-NuWdTQlt.js:3:129123
[op-effects] depth=2 "Fats" UPDATE_ITEM_FIELD=1 PagePreviewApp-NuWdTQlt.js:3:129123
[op-effects] depth=2 "Total Reps" UPDATE_ITEM_FIELD=1 PagePreviewApp-NuWdTQlt.js:3:129123
[op-effects] depth=2 "Chest Volume" UPDATE_ITEM_FIELD=1 PagePreviewApp-NuWdTQlt.js:3:129123
[op-effects] depth=2 "Back Volume" UPDATE_ITEM_FIELD=1 PagePreviewApp-NuWdTQlt.js:3:129123
[op-effects] depth=2 "Legs Volume" UPDATE_ITEM_FIELD=1 PagePreviewApp-NuWdTQlt.js:3:129123
[op-effects] depth=2 "Shoulders Volume" UPDATE_ITEM_FIELD=1 PagePreviewApp-NuWdTQlt.js:3:129123
[op-effects] depth=2 "Arms Volume" UPDATE_ITEM_FIELD=1 PagePreviewApp-NuWdTQlt.js:3:129123
[op-effects] depth=2 "Cardio Volume" UPDATE_ITEM_FIELD=1 PagePreviewApp-NuWdTQlt.js:3:129123
[op-effects] depth=2 "Breakfast Nutrition" UPDATE_ITEM_FIELD=1 PagePreviewApp-NuWdTQlt.js:3:129123
[op-effects] depth=2 "Lunch Nutrition" UPDATE_ITEM_FIELD=1 PagePreviewApp-NuWdTQlt.js:3:129123
[op-effects] depth=2 "Dinner Nutrition" UPDATE_ITEM_FIELD=1 PagePreviewApp-NuWdTQlt.js:3:129123
[op-effects] depth=2 "Snack Nutrition" UPDATE_ITEM_FIELD=1 PagePreviewApp-NuWdTQlt.js:3:129123
[op-effects] depth=2 "Checking Balance" UPDATE_ITEM_FIELD=1 PagePreviewApp-NuWdTQlt.js:3:129123
[op-effects] depth=2 "Mom's Account Balance" UPDATE_ITEM_FIELD=1 PagePreviewApp-NuWdTQlt.js:3:129123
[op-effects] depth=2 "Total Workouts" UPDATE_ITEM_FIELD=1 PagePreviewApp-NuWdTQlt.js:3:129123
[op-effects] depth=2 "Total Reading Time" UPDATE_ITEM_FIELD=1 PagePreviewApp-NuWdTQlt.js:3:129123
[op-effects] depth=2 "Completion Rate" UPDATE_ITEM_FIELD=1 PagePreviewApp-NuWdTQlt.js:3:129123
[op-effects] depth=2 "Time Spent This Week" UPDATE_ITEM_FIELD=1 PagePreviewApp-NuWdTQlt.js:3:129123
[op-effects] depth=2 "Pomodoro History" UPDATE_ITEM_FIELD=2 PagePreviewApp-NuWdTQlt.js:3:129123
[op-effects] depth=2 "Current Streak" UPDATE_ITEM_FIELD=2 PagePreviewApp-NuWdTQlt.js:3:129123
[op-effects] depth=2 "Workout History" UPDATE_ITEM_FIELD=2 PagePreviewApp-NuWdTQlt.js:3:129123
[op-effects] depth=2 "Meal History" UPDATE_ITEM_FIELD=2 PagePreviewApp-NuWdTQlt.js:3:129123
[op-effects] depth=2 "Purchase History" UPDATE_ITEM_FIELD=2 PagePreviewApp-NuWdTQlt.js:3:129123
[op-effects] depth=2 "Day Page: Build Tasks Completed" UPDATE_ITEM_TEXTMAP=1 PagePreviewApp-NuWdTQlt.js:3:129123
[op-effects] depth=2 "Total Subscriptions" UPDATE_ITEM_FIELD=1 PagePreviewApp-NuWdTQlt.js:3:129123
[op-effects] depth=2 "Monthly Bills" UPDATE_ITEM_FIELD=1 PagePreviewApp-NuWdTQlt.js:3:129123
[op-effects] depth=2 "Canvas: Build" DELETE_ITEM=14 CREATE_ITEM=7 UPDATE_OCCURRENCE=7 UPDATE_ITEM_META=14 PagePreviewApp-NuWdTQlt.js:3:129123
[op-effects] depth=2 "People Table: Build" UPDATE_ITEM_META=1 PagePreviewApp-NuWdTQlt.js:3:129123
[op-fire-done] depth=2 OccurrenceDeleteOp 682ms total=86 display=0 PagePreviewApp-NuWdTQlt.js:3:129376
[op-fire] depth=2 OccurrenceDeleteOp occ=ae84a55e PagePreviewApp-NuWdTQlt.js:3:128547
[op-effects] depth=2 "Completed" UPDATE_ITEM_FIELD=1 PagePreviewApp-NuWdTQlt.js:3:129123
[op-effects] depth=2 "Task Countdown" UPDATE_ITEM_FIELD=1 PagePreviewApp-NuWdTQlt.js:3:129123
[op-effects] depth=2 "Steps" UPDATE_ITEM_FIELD=1 PagePreviewApp-NuWdTQlt.js:3:129123
[op-effects] depth=2 "Water" UPDATE_ITEM_FIELD=1 PagePreviewApp-NuWdTQlt.js:3:129123
[op-effects] depth=2 "Time Spent" UPDATE_ITEM_FIELD=1 PagePreviewApp-NuWdTQlt.js:3:129123
[op-effects] depth=2 "Pages" UPDATE_ITEM_FIELD=1 PagePreviewApp-NuWdTQlt.js:3:129123
[op-effects] depth=2 "Pomodoros Today" UPDATE_ITEM_FIELD=1 PagePreviewApp-NuWdTQlt.js:3:129123
[op-effects] depth=2 "Pomodoro Time" UPDATE_ITEM_FIELD=1 PagePreviewApp-NuWdTQlt.js:3:129123
[op-effects] depth=2 "Spent" UPDATE_ITEM_FIELD=1 PagePreviewApp-NuWdTQlt.js:3:129123
[op-effects] depth=2 "Earned" UPDATE_ITEM_FIELD=1 PagePreviewApp-NuWdTQlt.js:3:129123
[op-effects] depth=2 "Protein" UPDATE_ITEM_FIELD=1 PagePreviewApp-NuWdTQlt.js:3:129123
[op-effects] depth=2 "Carbs" UPDATE_ITEM_FIELD=1 PagePreviewApp-NuWdTQlt.js:3:129123
[op-effects] depth=2 "Fats" UPDATE_ITEM_FIELD=1 PagePreviewApp-NuWdTQlt.js:3:129123
[op-effects] depth=2 "Total Reps" UPDATE_ITEM_FIELD=1 PagePreviewApp-NuWdTQlt.js:3:129123
[op-effects] depth=2 "Chest Volume" UPDATE_ITEM_FIELD=1 PagePreviewApp-NuWdTQlt.js:3:129123
[op-effects] depth=2 "Back Volume" UPDATE_ITEM_FIELD=1 PagePreviewApp-NuWdTQlt.js:3:129123
[op-effects] depth=2 "Legs Volume" UPDATE_ITEM_FIELD=1 PagePreviewApp-NuWdTQlt.js:3:129123
[op-effects] depth=2 "Shoulders Volume" UPDATE_ITEM_FIELD=1 PagePreviewApp-NuWdTQlt.js:3:129123
[op-effects] depth=2 "Arms Volume" UPDATE_ITEM_FIELD=1 PagePreviewApp-NuWdTQlt.js:3:129123
[op-effects] depth=2 "Cardio Volume" UPDATE_ITEM_FIELD=1 PagePreviewApp-NuWdTQlt.js:3:129123
[op-effects] depth=2 "Breakfast Nutrition" UPDATE_ITEM_FIELD=1 PagePreviewApp-NuWdTQlt.js:3:129123
[op-effects] depth=2 "Lunch Nutrition" UPDATE_ITEM_FIELD=1 PagePreviewApp-NuWdTQlt.js:3:129123
[op-effects] depth=2 "Dinner Nutrition" UPDATE_ITEM_FIELD=1 PagePreviewApp-NuWdTQlt.js:3:129123
[op-effects] depth=2 "Snack Nutrition" UPDATE_ITEM_FIELD=1 PagePreviewApp-NuWdTQlt.js:3:129123
[op-effects] depth=2 "Checking Balance" UPDATE_ITEM_FIELD=1 PagePreviewApp-NuWdTQlt.js:3:129123
[op-effects] depth=2 "Mom's Account Balance" UPDATE_ITEM_FIELD=1 PagePreviewApp-NuWdTQlt.js:3:129123
[op-effects] depth=2 "Total Workouts" UPDATE_ITEM_FIELD=1 PagePreviewApp-NuWdTQlt.js:3:129123
[op-effects] depth=2 "Total Reading Time" UPDATE_ITEM_FIELD=1 PagePreviewApp-NuWdTQlt.js:3:129123
[op-effects] depth=2 "Completion Rate" UPDATE_ITEM_FIELD=1 PagePreviewApp-NuWdTQlt.js:3:129123
[op-effects] depth=2 "Time Spent This Week" UPDATE_ITEM_FIELD=1 PagePreviewApp-NuWdTQlt.js:3:129123
[op-effects] depth=2 "Pomodoro History" UPDATE_ITEM_FIELD=2 PagePreviewApp-NuWdTQlt.js:3:129123
[op-effects] depth=2 "Current Streak" UPDATE_ITEM_FIELD=2 PagePreviewApp-NuWdTQlt.js:3:129123
[op-effects] depth=2 "Workout History" UPDATE_ITEM_FIELD=2 PagePreviewApp-NuWdTQlt.js:3:129123
[op-effects] depth=2 "Meal History" UPDATE_ITEM_FIELD=2 PagePreviewApp-NuWdTQlt.js:3:129123
[op-effects] depth=2 "Purchase History" UPDATE_ITEM_FIELD=2 PagePreviewApp-NuWdTQlt.js:3:129123
[op-effects] depth=2 "Day Page: Build Tasks Completed" UPDATE_ITEM_TEXTMAP=1 PagePreviewApp-NuWdTQlt.js:3:129123
[op-effects] depth=2 "Total Subscriptions" UPDATE_ITEM_FIELD=1 PagePreviewApp-NuWdTQlt.js:3:129123
[op-effects] depth=2 "Monthly Bills" UPDATE_ITEM_FIELD=1 PagePreviewApp-NuWdTQlt.js:3:129123
[op-effects] depth=2 "Canvas: Build" DELETE_ITEM=14 CREATE_ITEM=7 UPDATE_OCCURRENCE=7 UPDATE_ITEM_META=14 PagePreviewApp-NuWdTQlt.js:3:129123
[op-effects] depth=2 "People Table: Build" UPDATE_ITEM_META=1 PagePreviewApp-NuWdTQlt.js:3:129123
[op-fire-done] depth=2 OccurrenceDeleteOp 755ms total=86 display=0 PagePreviewApp-NuWdTQlt.js:3:129376
[op-fire] depth=2 OccurrenceDeleteOp occ=f4316c7c PagePreviewApp-NuWdTQlt.js:3:128547
[op-effects] depth=2 "Completed" UPDATE_ITEM_FIELD=1 PagePreviewApp-NuWdTQlt.js:3:129123
[op-effects] depth=2 "Task Countdown" UPDATE_ITEM_FIELD=1 PagePreviewApp-NuWdTQlt.js:3:129123
[op-effects] depth=2 "Steps" UPDATE_ITEM_FIELD=1 PagePreviewApp-NuWdTQlt.js:3:129123
[op-effects] depth=2 "Water" UPDATE_ITEM_FIELD=1 PagePreviewApp-NuWdTQlt.js:3:129123
[op-effects] depth=2 "Time Spent" UPDATE_ITEM_FIELD=1 PagePreviewApp-NuWdTQlt.js:3:129123
[op-effects] depth=2 "Pages" UPDATE_ITEM_FIELD=1 PagePreviewApp-NuWdTQlt.js:3:129123
[op-effects] depth=2 "Pomodoros Today" UPDATE_ITEM_FIELD=1 PagePreviewApp-NuWdTQlt.js:3:129123
[op-effects] depth=2 "Pomodoro Time" UPDATE_ITEM_FIELD=1 PagePreviewApp-NuWdTQlt.js:3:129123
[op-effects] depth=2 "Spent" UPDATE_ITEM_FIELD=1 PagePreviewApp-NuWdTQlt.js:3:129123
[op-effects] depth=2 "Earned" UPDATE_ITEM_FIELD=1 PagePreviewApp-NuWdTQlt.js:3:129123
[op-effects] depth=2 "Protein" UPDATE_ITEM_FIELD=1 PagePreviewApp-NuWdTQlt.js:3:129123
[op-effects] depth=2 "Carbs" UPDATE_ITEM_FIELD=1 PagePreviewApp-NuWdTQlt.js:3:129123
[op-effects] depth=2 "Fats" UPDATE_ITEM_FIELD=1 PagePreviewApp-NuWdTQlt.js:3:129123
[op-effects] depth=2 "Total Reps" UPDATE_ITEM_FIELD=1 PagePreviewApp-NuWdTQlt.js:3:129123
[op-effects] depth=2 "Chest Volume" UPDATE_ITEM_FIELD=1 PagePreviewApp-NuWdTQlt.js:3:129123
[op-effects] depth=2 "Back Volume" UPDATE_ITEM_FIELD=1 PagePreviewApp-NuWdTQlt.js:3:129123
[op-effects] depth=2 "Legs Volume" UPDATE_ITEM_FIELD=1 PagePreviewApp-NuWdTQlt.js:3:129123
[op-effects] depth=2 "Shoulders Volume" UPDATE_ITEM_FIELD=1 PagePreviewApp-NuWdTQlt.js:3:129123
[op-effects] depth=2 "Arms Volume" UPDATE_ITEM_FIELD=1 PagePreviewApp-NuWdTQlt.js:3:129123
[op-effects] depth=2 "Cardio Volume" UPDATE_ITEM_FIELD=1 PagePreviewApp-NuWdTQlt.js:3:129123
[op-effects] depth=2 "Breakfast Nutrition" UPDATE_ITEM_FIELD=1 PagePreviewApp-NuWdTQlt.js:3:129123
[op-effects] depth=2 "Lunch Nutrition" UPDATE_ITEM_FIELD=1 PagePreviewApp-NuWdTQlt.js:3:129123
[op-effects] depth=2 "Dinner Nutrition" UPDATE_ITEM_FIELD=1 PagePreviewApp-NuWdTQlt.js:3:129123
[op-effects] depth=2 "Snack Nutrition" UPDATE_ITEM_FIELD=1 PagePreviewApp-NuWdTQlt.js:3:129123
[op-effects] depth=2 "Checking Balance" UPDATE_ITEM_FIELD=1 PagePreviewApp-NuWdTQlt.js:3:129123
[op-effects] depth=2 "Mom's Account Balance" UPDATE_ITEM_FIELD=1 PagePreviewApp-NuWdTQlt.js:3:129123
[op-effects] depth=2 "Total Workouts" UPDATE_ITEM_FIELD=1 PagePreviewApp-NuWdTQlt.js:3:129123
[op-effects] depth=2 "Total Reading Time" UPDATE_ITEM_FIELD=1 PagePreviewApp-NuWdTQlt.js:3:129123
[op-effects] depth=2 "Completion Rate" UPDATE_ITEM_FIELD=1 PagePreviewApp-NuWdTQlt.js:3:129123
[op-effects] depth=2 "Time Spent This Week" UPDATE_ITEM_FIELD=1 PagePreviewApp-NuWdTQlt.js:3:129123
[op-effects] depth=2 "Pomodoro History" UPDATE_ITEM_FIELD=2 PagePreviewApp-NuWdTQlt.js:3:129123
[op-effects] depth=2 "Current Streak" UPDATE_ITEM_FIELD=2 PagePreviewApp-NuWdTQlt.js:3:129123
[op-effects] depth=2 "Workout History" UPDATE_ITEM_FIELD=2 PagePreviewApp-NuWdTQlt.js:3:129123
[op-effects] depth=2 "Meal History" UPDATE_ITEM_FIELD=2 PagePreviewApp-NuWdTQlt.js:3:129123
[op-effects] depth=2 "Purchase History" UPDATE_ITEM_FIELD=2 PagePreviewApp-NuWdTQlt.js:3:129123
[op-effects] depth=2 "Day Page: Build Tasks Completed" UPDATE_ITEM_TEXTMAP=1 PagePreviewApp-NuWdTQlt.js:3:129123
[op-effects] depth=2 "Total Subscriptions" UPDATE_ITEM_FIELD=1 PagePreviewApp-NuWdTQlt.js:3:129123
[op-effects] depth=2 "Monthly Bills" UPDATE_ITEM_FIELD=1 PagePreviewApp-NuWdTQlt.js:3:129123
[op-effects] depth=2 "Canvas: Build" DELETE_ITEM=14 CREATE_ITEM=7 UPDATE_OCCURRENCE=7 UPDATE_ITEM_META=14 PagePreviewApp-NuWdTQlt.js:3:129123
[op-effects] depth=2 "People Table: Build" UPDATE_ITEM_META=1 PagePreviewApp-NuWdTQlt.js:3:129123
[op-fire-done] depth=2 OccurrenceDeleteOp 1063ms total=86 display=0 PagePreviewApp-NuWdTQlt.js:3:129376
[op-fire] depth=2 OccurrenceDeleteOp occ=30f34810 PagePreviewApp-NuWdTQlt.js:3:128547
[op-effects] depth=2 "Completed" UPDATE_ITEM_FIELD=1 PagePreviewApp-NuWdTQlt.js:3:129123
[op-effects] depth=2 "Task Countdown" UPDATE_ITEM_FIELD=1 PagePreviewApp-NuWdTQlt.js:3:129123
[op-effects] depth=2 "Steps" UPDATE_ITEM_FIELD=1 PagePreviewApp-NuWdTQlt.js:3:129123
[op-effects] depth=2 "Water" UPDATE_ITEM_FIELD=1 PagePreviewApp-NuWdTQlt.js:3:129123
[op-effects] depth=2 "Time Spent" UPDATE_ITEM_FIELD=1 PagePreviewApp-NuWdTQlt.js:3:129123
[op-effects] depth=2 "Pages" UPDATE_ITEM_FIELD=1 PagePreviewApp-NuWdTQlt.js:3:129123
[op-effects] depth=2 "Pomodoros Today" UPDATE_ITEM_FIELD=1 PagePreviewApp-NuWdTQlt.js:3:129123
[op-effects] depth=2 "Pomodoro Time" UPDATE_ITEM_FIELD=1 PagePreviewApp-NuWdTQlt.js:3:129123
[op-effects] depth=2 "Spent" UPDATE_ITEM_FIELD=1 PagePreviewApp-NuWdTQlt.js:3:129123
[op-effects] depth=2 "Earned" UPDATE_ITEM_FIELD=1 PagePreviewApp-NuWdTQlt.js:3:129123
[op-effects] depth=2 "Protein" UPDATE_ITEM_FIELD=1 PagePreviewApp-NuWdTQlt.js:3:129123
[op-effects] depth=2 "Carbs" UPDATE_ITEM_FIELD=1 PagePreviewApp-NuWdTQlt.js:3:129123
[op-effects] depth=2 "Fats" UPDATE_ITEM_FIELD=1 PagePreviewApp-NuWdTQlt.js:3:129123
[op-effects] depth=2 "Total Reps" UPDATE_ITEM_FIELD=1 PagePreviewApp-NuWdTQlt.js:3:129123
[op-effects] depth=2 "Chest Volume" UPDATE_ITEM_FIELD=1 PagePreviewApp-NuWdTQlt.js:3:129123
[op-effects] depth=2 "Back Volume" UPDATE_ITEM_FIELD=1 PagePreviewApp-NuWdTQlt.js:3:129123
[op-effects] depth=2 "Legs Volume" UPDATE_ITEM_FIELD=1 PagePreviewApp-NuWdTQlt.js:3:129123
[op-effects] depth=2 "Shoulders Volume" UPDATE_ITEM_FIELD=1 PagePreviewApp-NuWdTQlt.js:3:129123
[op-effects] depth=2 "Arms Volume" UPDATE_ITEM_FIELD=1 PagePreviewApp-NuWdTQlt.js:3:129123
[op-effects] depth=2 "Cardio Volume" UPDATE_ITEM_FIELD=1 PagePreviewApp-NuWdTQlt.js:3:129123
[op-effects] depth=2 "Breakfast Nutrition" UPDATE_ITEM_FIELD=1 PagePreviewApp-NuWdTQlt.js:3:129123
[op-effects] depth=2 "Lunch Nutrition" UPDATE_ITEM_FIELD=1 PagePreviewApp-NuWdTQlt.js:3:129123
[op-effects] depth=2 "Dinner Nutrition" UPDATE_ITEM_FIELD=1 PagePreviewApp-NuWdTQlt.js:3:129123
[op-effects] depth=2 "Snack Nutrition" UPDATE_ITEM_FIELD=1 PagePreviewApp-NuWdTQlt.js:3:129123
[op-effects] depth=2 "Checking Balance" UPDATE_ITEM_FIELD=1 PagePreviewApp-NuWdTQlt.js:3:129123
[op-effects] depth=2 "Mom's Account Balance" UPDATE_ITEM_FIELD=1 PagePreviewApp-NuWdTQlt.js:3:129123
[op-effects] depth=2 "Total Workouts" UPDATE_ITEM_FIELD=1 PagePreviewApp-NuWdTQlt.js:3:129123
[op-effects] depth=2 "Total Reading Time" UPDATE_ITEM_FIELD=1 PagePreviewApp-NuWdTQlt.js:3:129123
[op-effects] depth=2 "Completion Rate" UPDATE_ITEM_FIELD=1 PagePreviewApp-NuWdTQlt.js:3:129123
[op-effects] depth=2 "Time Spent This Week" UPDATE_ITEM_FIELD=1 PagePreviewApp-NuWdTQlt.js:3:129123
[op-effects] depth=2 "Pomodoro History" UPDATE_ITEM_FIELD=2 PagePreviewApp-NuWdTQlt.js:3:129123
[op-effects] depth=2 "Current Streak" UPDATE_ITEM_FIELD=2 PagePreviewApp-NuWdTQlt.js:3:129123
[op-effects] depth=2 "Workout History" UPDATE_ITEM_FIELD=2 PagePreviewApp-NuWdTQlt.js:3:129123
[op-effects] depth=2 "Meal History" UPDATE_ITEM_FIELD=2 PagePreviewApp-NuWdTQlt.js:3:129123
[op-effects] depth=2 "Purchase History" UPDATE_ITEM_FIELD=2 PagePreviewApp-NuWdTQlt.js:3:129123
[op-effects] depth=2 "Day Page: Build Tasks Completed" UPDATE_ITEM_TEXTMAP=1 PagePreviewApp-NuWdTQlt.js:3:129123
[op-effects] depth=2 "Total Subscriptions" UPDATE_ITEM_FIELD=1 PagePreviewApp-NuWdTQlt.js:3:129123
[op-effects] depth=2 "Monthly Bills" UPDATE_ITEM_FIELD=1 PagePreviewApp-NuWdTQlt.js:3:129123
[op-effects] depth=2 "Canvas: Build" DELETE_ITEM=14 CREATE_ITEM=7 UPDATE_OCCURRENCE=7 UPDATE_ITEM_META=14 PagePreviewApp-NuWdTQlt.js:3:129123
[op-effects] depth=2 "People Table: Build" UPDATE_ITEM_META=1 PagePreviewApp-NuWdTQlt.js:3:129123
[op-fire-done] depth=2 OccurrenceDeleteOp 718ms total=86 display=0 PagePreviewApp-NuWdTQlt.js:3:129376
[op-fire] depth=2 OccurrenceDeleteOp occ=611c49a9 PagePreviewApp-NuWdTQlt.js:3:128547
[op-effects] depth=2 "Completed" UPDATE_ITEM_FIELD=1 PagePreviewApp-NuWdTQlt.js:3:129123
[op-effects] depth=2 "Task Countdown" UPDATE_ITEM_FIELD=1 PagePreviewApp-NuWdTQlt.js:3:129123
[op-effects] depth=2 "Steps" UPDATE_ITEM_FIELD=1 PagePreviewApp-NuWdTQlt.js:3:129123
[op-effects] depth=2 "Water" UPDATE_ITEM_FIELD=1 PagePreviewApp-NuWdTQlt.js:3:129123
[op-effects] depth=2 "Time Spent" UPDATE_ITEM_FIELD=1 PagePreviewApp-NuWdTQlt.js:3:129123
[op-effects] depth=2 "Pages" UPDATE_ITEM_FIELD=1 PagePreviewApp-NuWdTQlt.js:3:129123
[op-effects] depth=2 "Pomodoros Today" UPDATE_ITEM_FIELD=1 PagePreviewApp-NuWdTQlt.js:3:129123
[op-effects] depth=2 "Pomodoro Time" UPDATE_ITEM_FIELD=1 PagePreviewApp-NuWdTQlt.js:3:129123
[op-effects] depth=2 "Spent" UPDATE_ITEM_FIELD=1 PagePreviewApp-NuWdTQlt.js:3:129123
[op-effects] depth=2 "Earned" UPDATE_ITEM_FIELD=1 PagePreviewApp-NuWdTQlt.js:3:129123
[op-effects] depth=2 "Protein" UPDATE_ITEM_FIELD=1 PagePreviewApp-NuWdTQlt.js:3:129123
[op-effects] depth=2 "Carbs" UPDATE_ITEM_FIELD=1 PagePreviewApp-NuWdTQlt.js:3:129123
[op-effects] depth=2 "Fats" UPDATE_ITEM_FIELD=1 PagePreviewApp-NuWdTQlt.js:3:129123
[op-effects] depth=2 "Total Reps" UPDATE_ITEM_FIELD=1 PagePreviewApp-NuWdTQlt.js:3:129123
[op-effects] depth=2 "Chest Volume" UPDATE_ITEM_FIELD=1 PagePreviewApp-NuWdTQlt.js:3:129123
[op-effects] depth=2 "Back Volume" UPDATE_ITEM_FIELD=1 PagePreviewApp-NuWdTQlt.js:3:129123
[op-effects] depth=2 "Legs Volume" UPDATE_ITEM_FIELD=1 PagePreviewApp-NuWdTQlt.js:3:129123
[op-effects] depth=2 "Shoulders Volume" UPDATE_ITEM_FIELD=1 PagePreviewApp-NuWdTQlt.js:3:129123
[op-effects] depth=2 "Arms Volume" UPDATE_ITEM_FIELD=1 PagePreviewApp-NuWdTQlt.js:3:129123
[op-effects] depth=2 "Cardio Volume" UPDATE_ITEM_FIELD=1 PagePreviewApp-NuWdTQlt.js:3:129123
[op-effects] depth=2 "Breakfast Nutrition" UPDATE_ITEM_FIELD=1 PagePreviewApp-NuWdTQlt.js:3:129123
[op-effects] depth=2 "Lunch Nutrition" UPDATE_ITEM_FIELD=1 PagePreviewApp-NuWdTQlt.js:3:129123
[op-effects] depth=2 "Dinner Nutrition" UPDATE_ITEM_FIELD=1 PagePreviewApp-NuWdTQlt.js:3:129123
[op-effects] depth=2 "Snack Nutrition" UPDATE_ITEM_FIELD=1 PagePreviewApp-NuWdTQlt.js:3:129123
[op-effects] depth=2 "Checking Balance" UPDATE_ITEM_FIELD=1 PagePreviewApp-NuWdTQlt.js:3:129123
[op-effects] depth=2 "Mom's Account Balance" UPDATE_ITEM_FIELD=1 PagePreviewApp-NuWdTQlt.js:3:129123
[op-effects] depth=2 "Total Workouts" UPDATE_ITEM_FIELD=1 PagePreviewApp-NuWdTQlt.js:3:129123
[op-effects] depth=2 "Total Reading Time" UPDATE_ITEM_FIELD=1 PagePreviewApp-NuWdTQlt.js:3:129123
[op-effects] depth=2 "Completion Rate" UPDATE_ITEM_FIELD=1 PagePreviewApp-NuWdTQlt.js:3:129123
[op-effects] depth=2 "Time Spent This Week" UPDATE_ITEM_FIELD=1 PagePreviewApp-NuWdTQlt.js:3:129123
[op-effects] depth=2 "Pomodoro History" UPDATE_ITEM_FIELD=2 PagePreviewApp-NuWdTQlt.js:3:129123
[op-effects] depth=2 "Current Streak" UPDATE_ITEM_FIELD=2 PagePreviewApp-NuWdTQlt.js:3:129123
[op-effects] depth=2 "Workout History" UPDATE_ITEM_FIELD=2 PagePreviewApp-NuWdTQlt.js:3:129123
[op-effects] depth=2 "Meal History" UPDATE_ITEM_FIELD=2 PagePreviewApp-NuWdTQlt.js:3:129123
[op-effects] depth=2 "Purchase History" UPDATE_ITEM_FIELD=2 PagePreviewApp-NuWdTQlt.js:3:129123
[op-effects] depth=2 "Day Page: Build Tasks Completed" UPDATE_ITEM_TEXTMAP=1 PagePreviewApp-NuWdTQlt.js:3:129123
[op-effects] depth=2 "Total Subscriptions" UPDATE_ITEM_FIELD=1 PagePreviewApp-NuWdTQlt.js:3:129123
[op-effects] depth=2 "Monthly Bills" UPDATE_ITEM_FIELD=1 PagePreviewApp-NuWdTQlt.js:3:129123
[op-effects] depth=2 "Canvas: Build" DELETE_ITEM=14 CREATE_ITEM=7 UPDATE_OCCURRENCE=7 UPDATE_ITEM_META=14 PagePreviewApp-NuWdTQlt.js:3:129123
[op-effects] depth=2 "People Table: Build" UPDATE_ITEM_META=1 PagePreviewApp-NuWdTQlt.js:3:129123
[op-fire-done] depth=2 OccurrenceDeleteOp 746ms total=86 display=0 PagePreviewApp-NuWdTQlt.js:3:129376
[op-fire] depth=2 OccurrenceDeleteOp occ=6d9e1664 PagePreviewApp-NuWdTQlt.js:3:128547
[op-effects] depth=2 "Completed" UPDATE_ITEM_FIELD=1 PagePreviewApp-NuWdTQlt.js:3:129123
[op-effects] depth=2 "Task Countdown" UPDATE_ITEM_FIELD=1 PagePreviewApp-NuWdTQlt.js:3:129123
[op-effects] depth=2 "Steps" UPDATE_ITEM_FIELD=1 PagePreviewApp-NuWdTQlt.js:3:129123
[op-effects] depth=2 "Water" UPDATE_ITEM_FIELD=1 PagePreviewApp-NuWdTQlt.js:3:129123
[op-effects] depth=2 "Time Spent" UPDATE_ITEM_FIELD=1 PagePreviewApp-NuWdTQlt.js:3:129123
[op-effects] depth=2 "Pages" UPDATE_ITEM_FIELD=1 PagePreviewApp-NuWdTQlt.js:3:129123
[op-effects] depth=2 "Pomodoros Today" UPDATE_ITEM_FIELD=1 PagePreviewApp-NuWdTQlt.js:3:129123
[op-effects] depth=2 "Pomodoro Time" UPDATE_ITEM_FIELD=1 PagePreviewApp-NuWdTQlt.js:3:129123
[op-effects] depth=2 "Spent" UPDATE_ITEM_FIELD=1 PagePreviewApp-NuWdTQlt.js:3:129123
[op-effects] depth=2 "Earned" UPDATE_ITEM_FIELD=1 PagePreviewApp-NuWdTQlt.js:3:129123
[op-effects] depth=2 "Protein" UPDATE_ITEM_FIELD=1 PagePreviewApp-NuWdTQlt.js:3:129123
[op-effects] depth=2 "Carbs" UPDATE_ITEM_FIELD=1 PagePreviewApp-NuWdTQlt.js:3:129123
[op-effects] depth=2 "Fats" UPDATE_ITEM_FIELD=1 PagePreviewApp-NuWdTQlt.js:3:129123
[op-effects] depth=2 "Total Reps" UPDATE_ITEM_FIELD=1 PagePreviewApp-NuWdTQlt.js:3:129123
[op-effects] depth=2 "Chest Volume" UPDATE_ITEM_FIELD=1 PagePreviewApp-NuWdTQlt.js:3:129123
[op-effects] depth=2 "Back Volume" UPDATE_ITEM_FIELD=1 PagePreviewApp-NuWdTQlt.js:3:129123
[op-effects] depth=2 "Legs Volume" UPDATE_ITEM_FIELD=1 PagePreviewApp-NuWdTQlt.js:3:129123
[op-effects] depth=2 "Shoulders Volume" UPDATE_ITEM_FIELD=1 PagePreviewApp-NuWdTQlt.js:3:129123
[op-effects] depth=2 "Arms Volume" UPDATE_ITEM_FIELD=1 PagePreviewApp-NuWdTQlt.js:3:129123
[op-effects] depth=2 "Cardio Volume" UPDATE_ITEM_FIELD=1 PagePreviewApp-NuWdTQlt.js:3:129123
[op-effects] depth=2 "Breakfast Nutrition" UPDATE_ITEM_FIELD=1 PagePreviewApp-NuWdTQlt.js:3:129123
[op-effects] depth=2 "Lunch Nutrition" UPDATE_ITEM_FIELD=1 PagePreviewApp-NuWdTQlt.js:3:129123
[op-effects] depth=2 "Dinner Nutrition" UPDATE_ITEM_FIELD=1 PagePreviewApp-NuWdTQlt.js:3:129123
[op-effects] depth=2 "Snack Nutrition" UPDATE_ITEM_FIELD=1 PagePreviewApp-NuWdTQlt.js:3:129123
[op-effects] depth=2 "Checking Balance" UPDATE_ITEM_FIELD=1 PagePreviewApp-NuWdTQlt.js:3:129123
[op-effects] depth=2 "Mom's Account Balance" UPDATE_ITEM_FIELD=1 PagePreviewApp-NuWdTQlt.js:3:129123
[op-effects] depth=2 "Total Workouts" UPDATE_ITEM_FIELD=1 PagePreviewApp-NuWdTQlt.js:3:129123
[op-effects] depth=2 "Total Reading Time" UPDATE_ITEM_FIELD=1 PagePreviewApp-NuWdTQlt.js:3:129123
[op-effects] depth=2 "Completion Rate" UPDATE_ITEM_FIELD=1 PagePreviewApp-NuWdTQlt.js:3:129123
[op-effects] depth=2 "Time Spent This Week" UPDATE_ITEM_FIELD=1 PagePreviewApp-NuWdTQlt.js:3:129123
[op-effects] depth=2 "Pomodoro History" UPDATE_ITEM_FIELD=2 PagePreviewApp-NuWdTQlt.js:3:129123
[op-effects] depth=2 "Current Streak" UPDATE_ITEM_FIELD=2 PagePreviewApp-NuWdTQlt.js:3:129123
[op-effects] depth=2 "Workout History" UPDATE_ITEM_FIELD=2 PagePreviewApp-NuWdTQlt.js:3:129123
[op-effects] depth=2 "Meal History" UPDATE_ITEM_FIELD=2 PagePreviewApp-NuWdTQlt.js:3:129123
[op-effects] depth=2 "Purchase History" UPDATE_ITEM_FIELD=2 PagePreviewApp-NuWdTQlt.js:3:129123
[op-effects] depth=2 "Day Page: Build Tasks Completed" UPDATE_ITEM_TEXTMAP=1 PagePreviewApp-NuWdTQlt.js:3:129123
[op-effects] depth=2 "Total Subscriptions" UPDATE_ITEM_FIELD=1 PagePreviewApp-NuWdTQlt.js:3:129123
[op-effects] depth=2 "Monthly Bills" UPDATE_ITEM_FIELD=1 PagePreviewApp-NuWdTQlt.js:3:129123
[op-effects] depth=2 "Canvas: Build" DELETE_ITEM=14 CREATE_ITEM=7 UPDATE_OCCURRENCE=7 UPDATE_ITEM_META=14 PagePreviewApp-NuWdTQlt.js:3:129123
[op-effects] depth=2 "People Table: Build" UPDATE_ITEM_META=1 PagePreviewApp-NuWdTQlt.js:3:129123
[op-fire-done] depth=2 OccurrenceDeleteOp 712ms total=86 display=0 PagePreviewApp-NuWdTQlt.js:3:129376
[op-fire] depth=2 OccurrenceDeleteOp occ=7dbc3394 PagePreviewApp-NuWdTQlt.js:3:128547
[op-effects] depth=2 "Completed" UPDATE_ITEM_FIELD=1 PagePreviewApp-NuWdTQlt.js:3:129123
[op-effects] depth=2 "Task Countdown" UPDATE_ITEM_FIELD=1 PagePreviewApp-NuWdTQlt.js:3:129123
[op-effects] depth=2 "Steps" UPDATE_ITEM_FIELD=1 PagePreviewApp-NuWdTQlt.js:3:129123
[op-effects] depth=2 "Water" UPDATE_ITEM_FIELD=1 PagePreviewApp-NuWdTQlt.js:3:129123
[op-effects] depth=2 "Time Spent" UPDATE_ITEM_FIELD=1 PagePreviewApp-NuWdTQlt.js:3:129123
[op-effects] depth=2 "Pages" UPDATE_ITEM_FIELD=1 PagePreviewApp-NuWdTQlt.js:3:129123
[op-effects] depth=2 "Pomodoros Today" UPDATE_ITEM_FIELD=1 PagePreviewApp-NuWdTQlt.js:3:129123
[op-effects] depth=2 "Pomodoro Time" UPDATE_ITEM_FIELD=1 PagePreviewApp-NuWdTQlt.js:3:129123
[op-effects] depth=2 "Spent" UPDATE_ITEM_FIELD=1 PagePreviewApp-NuWdTQlt.js:3:129123
[op-effects] depth=2 "Earned" UPDATE_ITEM_FIELD=1 PagePreviewApp-NuWdTQlt.js:3:129123
[op-effects] depth=2 "Protein" UPDATE_ITEM_FIELD=1 PagePreviewApp-NuWdTQlt.js:3:129123
[op-effects] depth=2 "Carbs" UPDATE_ITEM_FIELD=1 PagePreviewApp-NuWdTQlt.js:3:129123
[op-effects] depth=2 "Fats" UPDATE_ITEM_FIELD=1 PagePreviewApp-NuWdTQlt.js:3:129123
[op-effects] depth=2 "Total Reps" UPDATE_ITEM_FIELD=1 PagePreviewApp-NuWdTQlt.js:3:129123
[op-effects] depth=2 "Chest Volume" UPDATE_ITEM_FIELD=1 PagePreviewApp-NuWdTQlt.js:3:129123
[op-effects] depth=2 "Back Volume" UPDATE_ITEM_FIELD=1 PagePreviewApp-NuWdTQlt.js:3:129123
[op-effects] depth=2 "Legs Volume" UPDATE_ITEM_FIELD=1 PagePreviewApp-NuWdTQlt.js:3:129123
[op-effects] depth=2 "Shoulders Volume" UPDATE_ITEM_FIELD=1 PagePreviewApp-NuWdTQlt.js:3:129123
[op-effects] depth=2 "Arms Volume" UPDATE_ITEM_FIELD=1 PagePreviewApp-NuWdTQlt.js:3:129123
[op-effects] depth=2 "Cardio Volume" UPDATE_ITEM_FIELD=1 PagePreviewApp-NuWdTQlt.js:3:129123
[op-effects] depth=2 "Breakfast Nutrition" UPDATE_ITEM_FIELD=1 PagePreviewApp-NuWdTQlt.js:3:129123
[op-effects] depth=2 "Lunch Nutrition" UPDATE_ITEM_FIELD=1 PagePreviewApp-NuWdTQlt.js:3:129123
[op-effects] depth=2 "Dinner Nutrition" UPDATE_ITEM_FIELD=1 PagePreviewApp-NuWdTQlt.js:3:129123
[op-effects] depth=2 "Snack Nutrition" UPDATE_ITEM_FIELD=1 PagePreviewApp-NuWdTQlt.js:3:129123
[op-effects] depth=2 "Checking Balance" UPDATE_ITEM_FIELD=1 PagePreviewApp-NuWdTQlt.js:3:129123
[op-effects] depth=2 "Mom's Account Balance" UPDATE_ITEM_FIELD=1 PagePreviewApp-NuWdTQlt.js:3:129123
[op-effects] depth=2 "Total Workouts" UPDATE_ITEM_FIELD=1 PagePreviewApp-NuWdTQlt.js:3:129123
[op-effects] depth=2 "Total Reading Time" UPDATE_ITEM_FIELD=1 PagePreviewApp-NuWdTQlt.js:3:129123
[op-effects] depth=2 "Completion Rate" UPDATE_ITEM_FIELD=1 PagePreviewApp-NuWdTQlt.js:3:129123
[op-effects] depth=2 "Time Spent This Week" UPDATE_ITEM_FIELD=1 PagePreviewApp-NuWdTQlt.js:3:129123
[op-effects] depth=2 "Pomodoro History" UPDATE_ITEM_FIELD=2 PagePreviewApp-NuWdTQlt.js:3:129123
[op-effects] depth=2 "Current Streak" UPDATE_ITEM_FIELD=2 PagePreviewApp-NuWdTQlt.js:3:129123
[op-effects] depth=2 "Workout History" UPDATE_ITEM_FIELD=2 PagePreviewApp-NuWdTQlt.js:3:129123
[op-effects] depth=2 "Meal History" UPDATE_ITEM_FIELD=2 PagePreviewApp-NuWdTQlt.js:3:129123
[op-effects] depth=2 "Purchase History" UPDATE_ITEM_FIELD=2 PagePreviewApp-NuWdTQlt.js:3:129123
[op-effects] depth=2 "Day Page: Build Tasks Completed" UPDATE_ITEM_TEXTMAP=1 PagePreviewApp-NuWdTQlt.js:3:129123
[op-effects] depth=2 "Total Subscriptions" UPDATE_ITEM_FIELD=1 PagePreviewApp-NuWdTQlt.js:3:129123
[op-effects] depth=2 "Monthly Bills" UPDATE_ITEM_FIELD=1 PagePreviewApp-NuWdTQlt.js:3:129123
[op-effects] depth=2 "Canvas: Build" DELETE_ITEM=14 CREATE_ITEM=7 UPDATE_OCCURRENCE=7 UPDATE_ITEM_META=14 PagePreviewApp-NuWdTQlt.js:3:129123
[op-effects] depth=2 "People Table: Build" UPDATE_ITEM_META=1 PagePreviewApp-NuWdTQlt.js:3:129123
[op-fire-done] depth=2 OccurrenceDeleteOp 671ms total=86 display=0 PagePreviewApp-NuWdTQlt.js:3:129376
[op-fire] depth=2 OccurrenceDeleteOp occ=ec317ef0 PagePreviewApp-NuWdTQlt.js:3:128547
[op-effects] depth=2 "Completed" UPDATE_ITEM_FIELD=1 PagePreviewApp-NuWdTQlt.js:3:129123
[op-effects] depth=2 "Task Countdown" UPDATE_ITEM_FIELD=1 PagePreviewApp-NuWdTQlt.js:3:129123
[op-effects] depth=2 "Steps" UPDATE_ITEM_FIELD=1 PagePreviewApp-NuWdTQlt.js:3:129123
[op-effects] depth=2 "Water" UPDATE_ITEM_FIELD=1 PagePreviewApp-NuWdTQlt.js:3:129123
[op-effects] depth=2 "Time Spent" UPDATE_ITEM_FIELD=1 PagePreviewApp-NuWdTQlt.js:3:129123
[op-effects] depth=2 "Pages" UPDATE_ITEM_FIELD=1 PagePreviewApp-NuWdTQlt.js:3:129123
[op-effects] depth=2 "Pomodoros Today" UPDATE_ITEM_FIELD=1 PagePreviewApp-NuWdTQlt.js:3:129123
[op-effects] depth=2 "Pomodoro Time" UPDATE_ITEM_FIELD=1 PagePreviewApp-NuWdTQlt.js:3:129123
[op-effects] depth=2 "Spent" UPDATE_ITEM_FIELD=1 PagePreviewApp-NuWdTQlt.js:3:129123
[op-effects] depth=2 "Earned" UPDATE_ITEM_FIELD=1 PagePreviewApp-NuWdTQlt.js:3:129123
[op-effects] depth=2 "Protein" UPDATE_ITEM_FIELD=1 PagePreviewApp-NuWdTQlt.js:3:129123
[op-effects] depth=2 "Carbs" UPDATE_ITEM_FIELD=1 PagePreviewApp-NuWdTQlt.js:3:129123
[op-effects] depth=2 "Fats" UPDATE_ITEM_FIELD=1 PagePreviewApp-NuWdTQlt.js:3:129123
[op-effects] depth=2 "Total Reps" UPDATE_ITEM_FIELD=1 PagePreviewApp-NuWdTQlt.js:3:129123
[op-effects] depth=2 "Chest Volume" UPDATE_ITEM_FIELD=1 PagePreviewApp-NuWdTQlt.js:3:129123
[op-effects] depth=2 "Back Volume" UPDATE_ITEM_FIELD=1 PagePreviewApp-NuWdTQlt.js:3:129123
[op-effects] depth=2 "Legs Volume" UPDATE_ITEM_FIELD=1 PagePreviewApp-NuWdTQlt.js:3:129123
[op-effects] depth=2 "Shoulders Volume" UPDATE_ITEM_FIELD=1 PagePreviewApp-NuWdTQlt.js:3:129123
[op-effects] depth=2 "Arms Volume" UPDATE_ITEM_FIELD=1 PagePreviewApp-NuWdTQlt.js:3:129123
[op-effects] depth=2 "Cardio Volume" UPDATE_ITEM_FIELD=1 PagePreviewApp-NuWdTQlt.js:3:129123
[op-effects] depth=2 "Breakfast Nutrition" UPDATE_ITEM_FIELD=1 PagePreviewApp-NuWdTQlt.js:3:129123
[op-effects] depth=2 "Lunch Nutrition" UPDATE_ITEM_FIELD=1 PagePreviewApp-NuWdTQlt.js:3:129123
[op-effects] depth=2 "Dinner Nutrition" UPDATE_ITEM_FIELD=1 PagePreviewApp-NuWdTQlt.js:3:129123
[op-effects] depth=2 "Snack Nutrition" UPDATE_ITEM_FIELD=1 PagePreviewApp-NuWdTQlt.js:3:129123
[op-effects] depth=2 "Checking Balance" UPDATE_ITEM_FIELD=1 PagePreviewApp-NuWdTQlt.js:3:129123
[op-effects] depth=2 "Mom's Account Balance" UPDATE_ITEM_FIELD=1 PagePreviewApp-NuWdTQlt.js:3:129123
[op-effects] depth=2 "Total Workouts" UPDATE_ITEM_FIELD=1 PagePreviewApp-NuWdTQlt.js:3:129123
[op-effects] depth=2 "Total Reading Time" UPDATE_ITEM_FIELD=1 PagePreviewApp-NuWdTQlt.js:3:129123
[op-effects] depth=2 "Completion Rate" UPDATE_ITEM_FIELD=1 PagePreviewApp-NuWdTQlt.js:3:129123
[op-effects] depth=2 "Time Spent This Week" UPDATE_ITEM_FIELD=1 PagePreviewApp-NuWdTQlt.js:3:129123
[op-effects] depth=2 "Pomodoro History" UPDATE_ITEM_FIELD=2 PagePreviewApp-NuWdTQlt.js:3:129123
[op-effects] depth=2 "Current Streak" UPDATE_ITEM_FIELD=2 PagePreviewApp-NuWdTQlt.js:3:129123
[op-effects] depth=2 "Workout History" UPDATE_ITEM_FIELD=2 PagePreviewApp-NuWdTQlt.js:3:129123
[op-effects] depth=2 "Meal History" UPDATE_ITEM_FIELD=2 PagePreviewApp-NuWdTQlt.js:3:129123
[op-effects] depth=2 "Purchase History" UPDATE_ITEM_FIELD=2 PagePreviewApp-NuWdTQlt.js:3:129123
[op-effects] depth=2 "Day Page: Build Tasks Completed" UPDATE_ITEM_TEXTMAP=1 PagePreviewApp-NuWdTQlt.js:3:129123
[op-effects] depth=2 "Total Subscriptions" UPDATE_ITEM_FIELD=1 PagePreviewApp-NuWdTQlt.js:3:129123
[op-effects] depth=2 "Monthly Bills" UPDATE_ITEM_FIELD=1 PagePreviewApp-NuWdTQlt.js:3:129123
[op-effects] depth=2 "Canvas: Build" DELETE_ITEM=14 CREATE_ITEM=7 UPDATE_OCCURRENCE=7 UPDATE_ITEM_META=14 PagePreviewApp-NuWdTQlt.js:3:129123
[op-effects] depth=2 "People Table: Build" UPDATE_ITEM_META=1 PagePreviewApp-NuWdTQlt.js:3:129123
[op-fire-done] depth=2 OccurrenceDeleteOp 782ms total=86 display=0 PagePreviewApp-NuWdTQlt.js:3:129376
[op-fire] depth=2 OccurrenceDeleteOp occ=f9d01281 PagePreviewApp-NuWdTQlt.js:3:128547
[op-effects] depth=2 "Completed" UPDATE_ITEM_FIELD=1 PagePreviewApp-NuWdTQlt.js:3:129123
[op-effects] depth=2 "Task Countdown" UPDATE_ITEM_FIELD=1 PagePreviewApp-NuWdTQlt.js:3:129123
[op-effects] depth=2 "Steps" UPDATE_ITEM_FIELD=1 PagePreviewApp-NuWdTQlt.js:3:129123
[op-effects] depth=2 "Water" UPDATE_ITEM_FIELD=1 PagePreviewApp-NuWdTQlt.js:3:129123
[op-effects] depth=2 "Time Spent" UPDATE_ITEM_FIELD=1 PagePreviewApp-NuWdTQlt.js:3:129123
[op-effects] depth=2 "Pages" UPDATE_ITEM_FIELD=1 PagePreviewApp-NuWdTQlt.js:3:129123
[op-effects] depth=2 "Pomodoros Today" UPDATE_ITEM_FIELD=1 PagePreviewApp-NuWdTQlt.js:3:129123
[op-effects] depth=2 "Pomodoro Time" UPDATE_ITEM_FIELD=1 PagePreviewApp-NuWdTQlt.js:3:129123
[op-effects] depth=2 "Spent" UPDATE_ITEM_FIELD=1 PagePreviewApp-NuWdTQlt.js:3:129123
[op-effects] depth=2 "Earned" UPDATE_ITEM_FIELD=1 PagePreviewApp-NuWdTQlt.js:3:129123
[op-effects] depth=2 "Protein" UPDATE_ITEM_FIELD=1 PagePreviewApp-NuWdTQlt.js:3:129123
[op-effects] depth=2 "Carbs" UPDATE_ITEM_FIELD=1 PagePreviewApp-NuWdTQlt.js:3:129123
[op-effects] depth=2 "Fats" UPDATE_ITEM_FIELD=1 PagePreviewApp-NuWdTQlt.js:3:129123
[op-effects] depth=2 "Total Reps" UPDATE_ITEM_FIELD=1 PagePreviewApp-NuWdTQlt.js:3:129123
[op-effects] depth=2 "Chest Volume" UPDATE_ITEM_FIELD=1 PagePreviewApp-NuWdTQlt.js:3:129123
[op-effects] depth=2 "Back Volume" UPDATE_ITEM_FIELD=1 PagePreviewApp-NuWdTQlt.js:3:129123
[op-effects] depth=2 "Legs Volume" UPDATE_ITEM_FIELD=1 PagePreviewApp-NuWdTQlt.js:3:129123
[op-effects] depth=2 "Shoulders Volume" UPDATE_ITEM_FIELD=1 PagePreviewApp-NuWdTQlt.js:3:129123
[op-effects] depth=2 "Arms Volume" UPDATE_ITEM_FIELD=1 PagePreviewApp-NuWdTQlt.js:3:129123
[op-effects] depth=2 "Cardio Volume" UPDATE_ITEM_FIELD=1 PagePreviewApp-NuWdTQlt.js:3:129123
[op-effects] depth=2 "Breakfast Nutrition" UPDATE_ITEM_FIELD=1 PagePreviewApp-NuWdTQlt.js:3:129123
[op-effects] depth=2 "Lunch Nutrition" UPDATE_ITEM_FIELD=1 PagePreviewApp-NuWdTQlt.js:3:129123
[op-effects] depth=2 "Dinner Nutrition" UPDATE_ITEM_FIELD=1 PagePreviewApp-NuWdTQlt.js:3:129123
[op-effects] depth=2 "Snack Nutrition" UPDATE_ITEM_FIELD=1 PagePreviewApp-NuWdTQlt.js:3:129123
[op-effects] depth=2 "Checking Balance" UPDATE_ITEM_FIELD=1 PagePreviewApp-NuWdTQlt.js:3:129123
[op-effects] depth=2 "Mom's Account Balance" UPDATE_ITEM_FIELD=1 PagePreviewApp-NuWdTQlt.js:3:129123
[op-effects] depth=2 "Total Workouts" UPDATE_ITEM_FIELD=1 PagePreviewApp-NuWdTQlt.js:3:129123
[op-effects] depth=2 "Total Reading Time" UPDATE_ITEM_FIELD=1 PagePreviewApp-NuWdTQlt.js:3:129123
[op-effects] depth=2 "Completion Rate" UPDATE_ITEM_FIELD=1 PagePreviewApp-NuWdTQlt.js:3:129123
[op-effects] depth=2 "Time Spent This Week" UPDATE_ITEM_FIELD=1 PagePreviewApp-NuWdTQlt.js:3:129123
[op-effects] depth=2 "Pomodoro History" UPDATE_ITEM_FIELD=2 PagePreviewApp-NuWdTQlt.js:3:129123
[op-effects] depth=2 "Current Streak" UPDATE_ITEM_FIELD=2 PagePreviewApp-NuWdTQlt.js:3:129123
[op-effects] depth=2 "Workout History" UPDATE_ITEM_FIELD=2 PagePreviewApp-NuWdTQlt.js:3:129123
[op-effects] depth=2 "Meal History" UPDATE_ITEM_FIELD=2 PagePreviewApp-NuWdTQlt.js:3:129123
[op-effects] depth=2 "Purchase History" UPDATE_ITEM_FIELD=2 PagePreviewApp-NuWdTQlt.js:3:129123
[op-effects] depth=2 "Day Page: Build Tasks Completed" UPDATE_ITEM_TEXTMAP=1 PagePreviewApp-NuWdTQlt.js:3:129123
[op-effects] depth=2 "Total Subscriptions" UPDATE_ITEM_FIELD=1 PagePreviewApp-NuWdTQlt.js:3:129123
[op-effects] depth=2 "Monthly Bills" UPDATE_ITEM_FIELD=1 PagePreviewApp-NuWdTQlt.js:3:129123
[op-effects] depth=2 "Canvas: Build" DELETE_ITEM=14 CREATE_ITEM=7 UPDATE_OCCURRENCE=7 UPDATE_ITEM_META=14 PagePreviewApp-NuWdTQlt.js:3:129123
[op-effects] depth=2 "People Table: Build" UPDATE_ITEM_META=1 PagePreviewApp-NuWdTQlt.js:3:129123
[op-fire-done] depth=2 OccurrenceDeleteOp 918ms total=86 display=0 PagePreviewApp-NuWdTQlt.js:3:129376
[op-fire] depth=2 OccurrenceDeleteOp occ=8db56f0b PagePreviewApp-NuWdTQlt.js:3:128547
[op-effects] depth=2 "Completed" UPDATE_ITEM_FIELD=1 PagePreviewApp-NuWdTQlt.js:3:129123
[op-effects] depth=2 "Task Countdown" UPDATE_ITEM_FIELD=1 PagePreviewApp-NuWdTQlt.js:3:129123
[op-effects] depth=2 "Steps" UPDATE_ITEM_FIELD=1 PagePreviewApp-NuWdTQlt.js:3:129123
[op-effects] depth=2 "Water" UPDATE_ITEM_FIELD=1 PagePreviewApp-NuWdTQlt.js:3:129123
[op-effects] depth=2 "Time Spent" UPDATE_ITEM_FIELD=1 PagePreviewApp-NuWdTQlt.js:3:129123
[op-effects] depth=2 "Pages" UPDATE_ITEM_FIELD=1 PagePreviewApp-NuWdTQlt.js:3:129123
[op-effects] depth=2 "Pomodoros Today" UPDATE_ITEM_FIELD=1 PagePreviewApp-NuWdTQlt.js:3:129123
[op-effects] depth=2 "Pomodoro Time" UPDATE_ITEM_FIELD=1 PagePreviewApp-NuWdTQlt.js:3:129123
[op-effects] depth=2 "Spent" UPDATE_ITEM_FIELD=1 PagePreviewApp-NuWdTQlt.js:3:129123
[op-effects] depth=2 "Earned" UPDATE_ITEM_FIELD=1 PagePreviewApp-NuWdTQlt.js:3:129123
[op-effects] depth=2 "Protein" UPDATE_ITEM_FIELD=1 PagePreviewApp-NuWdTQlt.js:3:129123
[op-effects] depth=2 "Carbs" UPDATE_ITEM_FIELD=1 PagePreviewApp-NuWdTQlt.js:3:129123
[op-effects] depth=2 "Fats" UPDATE_ITEM_FIELD=1 PagePreviewApp-NuWdTQlt.js:3:129123
[op-effects] depth=2 "Total Reps" UPDATE_ITEM_FIELD=1 PagePreviewApp-NuWdTQlt.js:3:129123
[op-effects] depth=2 "Chest Volume" UPDATE_ITEM_FIELD=1 PagePreviewApp-NuWdTQlt.js:3:129123
[op-effects] depth=2 "Back Volume" UPDATE_ITEM_FIELD=1 PagePreviewApp-NuWdTQlt.js:3:129123
[op-effects] depth=2 "Legs Volume" UPDATE_ITEM_FIELD=1 PagePreviewApp-NuWdTQlt.js:3:129123
[op-effects] depth=2 "Shoulders Volume" UPDATE_ITEM_FIELD=1 PagePreviewApp-NuWdTQlt.js:3:129123
[op-effects] depth=2 "Arms Volume" UPDATE_ITEM_FIELD=1 PagePreviewApp-NuWdTQlt.js:3:129123
[op-effects] depth=2 "Cardio Volume" UPDATE_ITEM_FIELD=1 PagePreviewApp-NuWdTQlt.js:3:129123
[op-effects] depth=2 "Breakfast Nutrition" UPDATE_ITEM_FIELD=1 PagePreviewApp-NuWdTQlt.js:3:129123
[op-effects] depth=2 "Lunch Nutrition" UPDATE_ITEM_FIELD=1 PagePreviewApp-NuWdTQlt.js:3:129123
[op-effects] depth=2 "Dinner Nutrition" UPDATE_ITEM_FIELD=1 PagePreviewApp-NuWdTQlt.js:3:129123
[op-effects] depth=2 "Snack Nutrition" UPDATE_ITEM_FIELD=1 PagePreviewApp-NuWdTQlt.js:3:129123
[op-effects] depth=2 "Checking Balance" UPDATE_ITEM_FIELD=1 PagePreviewApp-NuWdTQlt.js:3:129123
[op-effects] depth=2 "Mom's Account Balance" UPDATE_ITEM_FIELD=1 PagePreviewApp-NuWdTQlt.js:3:129123
[op-effects] depth=2 "Total Workouts" UPDATE_ITEM_FIELD=1 PagePreviewApp-NuWdTQlt.js:3:129123
[op-effects] depth=2 "Total Reading Time" UPDATE_ITEM_FIELD=1 PagePreviewApp-NuWdTQlt.js:3:129123
[op-effects] depth=2 "Completion Rate" UPDATE_ITEM_FIELD=1 PagePreviewApp-NuWdTQlt.js:3:129123
[op-effects] depth=2 "Time Spent This Week" UPDATE_ITEM_FIELD=1 PagePreviewApp-NuWdTQlt.js:3:129123
[op-effects] depth=2 "Pomodoro History" UPDATE_ITEM_FIELD=2 PagePreviewApp-NuWdTQlt.js:3:129123
[op-effects] depth=2 "Current Streak" UPDATE_ITEM_FIELD=2 PagePreviewApp-NuWdTQlt.js:3:129123
[op-effects] depth=2 "Workout History" UPDATE_ITEM_FIELD=2 PagePreviewApp-NuWdTQlt.js:3:129123
[op-effects] depth=2 "Meal History" UPDATE_ITEM_FIELD=2 PagePreviewApp-NuWdTQlt.js:3:129123
[op-effects] depth=2 "Purchase History" UPDATE_ITEM_FIELD=2 PagePreviewApp-NuWdTQlt.js:3:129123
[op-effects] depth=2 "Day Page: Build Tasks Completed" UPDATE_ITEM_TEXTMAP=1 PagePreviewApp-NuWdTQlt.js:3:129123
[op-effects] depth=2 "Total Subscriptions" UPDATE_ITEM_FIELD=1 PagePreviewApp-NuWdTQlt.js:3:129123
[op-effects] depth=2 "Monthly Bills" UPDATE_ITEM_FIELD=1 PagePreviewApp-NuWdTQlt.js:3:129123
[op-effects] depth=2 "Canvas: Build" DELETE_ITEM=14 CREATE_ITEM=7 UPDATE_OCCURRENCE=7 UPDATE_ITEM_META=14 PagePreviewApp-NuWdTQlt.js:3:129123
[op-effects] depth=2 "People Table: Build" UPDATE_ITEM_META=1 PagePreviewApp-NuWdTQlt.js:3:129123
[op-fire-done] depth=2 OccurrenceDeleteOp 662ms total=86 display=0 PagePreviewApp-NuWdTQlt.js:3:129376
[op-fire] depth=2 OccurrenceDeleteOp occ=fe8a1cd1 PagePreviewApp-NuWdTQlt.js:3:128547
[op-effects] depth=2 "Completed" UPDATE_ITEM_FIELD=1 PagePreviewApp-NuWdTQlt.js:3:129123
[op-effects] depth=2 "Task Countdown" UPDATE_ITEM_FIELD=1 PagePreviewApp-NuWdTQlt.js:3:129123
[op-effects] depth=2 "Steps" UPDATE_ITEM_FIELD=1 PagePreviewApp-NuWdTQlt.js:3:129123
[op-effects] depth=2 "Water" UPDATE_ITEM_FIELD=1 PagePreviewApp-NuWdTQlt.js:3:129123
[op-effects] depth=2 "Time Spent" UPDATE_ITEM_FIELD=1 PagePreviewApp-NuWdTQlt.js:3:129123
[op-effects] depth=2 "Pages" UPDATE_ITEM_FIELD=1 PagePreviewApp-NuWdTQlt.js:3:129123
[op-effects] depth=2 "Pomodoros Today" UPDATE_ITEM_FIELD=1 PagePreviewApp-NuWdTQlt.js:3:129123
[op-effects] depth=2 "Pomodoro Time" UPDATE_ITEM_FIELD=1 PagePreviewApp-NuWdTQlt.js:3:129123
[op-effects] depth=2 "Spent" UPDATE_ITEM_FIELD=1 PagePreviewApp-NuWdTQlt.js:3:129123
[op-effects] depth=2 "Earned" UPDATE_ITEM_FIELD=1 PagePreviewApp-NuWdTQlt.js:3:129123
[op-effects] depth=2 "Protein" UPDATE_ITEM_FIELD=1 PagePreviewApp-NuWdTQlt.js:3:129123
[op-effects] depth=2 "Carbs" UPDATE_ITEM_FIELD=1 PagePreviewApp-NuWdTQlt.js:3:129123
[op-effects] depth=2 "Fats" UPDATE_ITEM_FIELD=1 PagePreviewApp-NuWdTQlt.js:3:129123
[op-effects] depth=2 "Total Reps" UPDATE_ITEM_FIELD=1 PagePreviewApp-NuWdTQlt.js:3:129123
[op-effects] depth=2 "Chest Volume" UPDATE_ITEM_FIELD=1 PagePreviewApp-NuWdTQlt.js:3:129123
[op-effects] depth=2 "Back Volume" UPDATE_ITEM_FIELD=1 PagePreviewApp-NuWdTQlt.js:3:129123
[op-effects] depth=2 "Legs Volume" UPDATE_ITEM_FIELD=1 PagePreviewApp-NuWdTQlt.js:3:129123
[op-effects] depth=2 "Shoulders Volume" UPDATE_ITEM_FIELD=1 PagePreviewApp-NuWdTQlt.js:3:129123
[op-effects] depth=2 "Arms Volume" UPDATE_ITEM_FIELD=1 PagePreviewApp-NuWdTQlt.js:3:129123
[op-effects] depth=2 "Cardio Volume" UPDATE_ITEM_FIELD=1 PagePreviewApp-NuWdTQlt.js:3:129123
[op-effects] depth=2 "Breakfast Nutrition" UPDATE_ITEM_FIELD=1 PagePreviewApp-NuWdTQlt.js:3:129123
[op-effects] depth=2 "Lunch Nutrition" UPDATE_ITEM_FIELD=1 PagePreviewApp-NuWdTQlt.js:3:129123
[op-effects] depth=2 "Dinner Nutrition" UPDATE_ITEM_FIELD=1 PagePreviewApp-NuWdTQlt.js:3:129123
[op-effects] depth=2 "Snack Nutrition" UPDATE_ITEM_FIELD=1 PagePreviewApp-NuWdTQlt.js:3:129123
[op-effects] depth=2 "Checking Balance" UPDATE_ITEM_FIELD=1 PagePreviewApp-NuWdTQlt.js:3:129123
[op-effects] depth=2 "Mom's Account Balance" UPDATE_ITEM_FIELD=1 PagePreviewApp-NuWdTQlt.js:3:129123
[op-effects] depth=2 "Total Workouts" UPDATE_ITEM_FIELD=1 PagePreviewApp-NuWdTQlt.js:3:129123
[op-effects] depth=2 "Total Reading Time" UPDATE_ITEM_FIELD=1 PagePreviewApp-NuWdTQlt.js:3:129123
[op-effects] depth=2 "Completion Rate" UPDATE_ITEM_FIELD=1 PagePreviewApp-NuWdTQlt.js:3:129123
[op-effects] depth=2 "Time Spent This Week" UPDATE_ITEM_FIELD=1 PagePreviewApp-NuWdTQlt.js:3:129123
[op-effects] depth=2 "Pomodoro History" UPDATE_ITEM_FIELD=2 PagePreviewApp-NuWdTQlt.js:3:129123
[op-effects] depth=2 "Current Streak" UPDATE_ITEM_FIELD=2 PagePreviewApp-NuWdTQlt.js:3:129123
[op-effects] depth=2 "Workout History" UPDATE_ITEM_FIELD=2 PagePreviewApp-NuWdTQlt.js:3:129123
[op-effects] depth=2 "Meal History" UPDATE_ITEM_FIELD=2 PagePreviewApp-NuWdTQlt.js:3:129123
[op-effects] depth=2 "Purchase History" UPDATE_ITEM_FIELD=2 PagePreviewApp-NuWdTQlt.js:3:129123
[op-effects] depth=2 "Day Page: Build Tasks Completed" UPDATE_ITEM_TEXTMAP=1 PagePreviewApp-NuWdTQlt.js:3:129123
[op-effects] depth=2 "Total Subscriptions" UPDATE_ITEM_FIELD=1 PagePreviewApp-NuWdTQlt.js:3:129123
[op-effects] depth=2 "Monthly Bills" UPDATE_ITEM_FIELD=1 PagePreviewApp-NuWdTQlt.js:3:129123
[op-effects] depth=2 "Canvas: Build" DELETE_ITEM=14 CREATE_ITEM=7 UPDATE_OCCURRENCE=7 UPDATE_ITEM_META=14 PagePreviewApp-NuWdTQlt.js:3:129123
[op-effects] depth=2 "People Table: Build" UPDATE_ITEM_META=1 PagePreviewApp-NuWdTQlt.js:3:129123
[op-fire-done] depth=2 OccurrenceDeleteOp 651ms total=86 display=0 PagePreviewApp-NuWdTQlt.js:3:129376
[op-fire-done] depth=1 MeasureOp 10633ms total=30 display=0 PagePreviewApp-NuWdTQlt.js:3:129376
[op-fire] depth=1 MeasureOp occ=45361156 2 PagePreviewApp-NuWdTQlt.js:3:128547
[op-effects] depth=1 "Table: Build" DELETE_ITEM=14 CREATE_ITEM=7 UPDATE_OCCURRENCE=7 UPDATE_ITEM_META=2 PagePreviewApp-NuWdTQlt.js:3:129123
[op-fire] depth=2 OccurrenceDeleteOp occ=75d57290 PagePreviewApp-NuWdTQlt.js:3:128547
[op-effects] depth=2 "Completed" UPDATE_ITEM_FIELD=1 PagePreviewApp-NuWdTQlt.js:3:129123
[op-effects] depth=2 "Task Countdown" UPDATE_ITEM_FIELD=1 PagePreviewApp-NuWdTQlt.js:3:129123
[op-effects] depth=2 "Steps" UPDATE_ITEM_FIELD=1 PagePreviewApp-NuWdTQlt.js:3:129123
[op-effects] depth=2 "Water" UPDATE_ITEM_FIELD=1 PagePreviewApp-NuWdTQlt.js:3:129123
[op-effects] depth=2 "Time Spent" UPDATE_ITEM_FIELD=1 PagePreviewApp-NuWdTQlt.js:3:129123
[op-effects] depth=2 "Pages" UPDATE_ITEM_FIELD=1 PagePreviewApp-NuWdTQlt.js:3:129123
[op-effects] depth=2 "Pomodoros Today" UPDATE_ITEM_FIELD=1 PagePreviewApp-NuWdTQlt.js:3:129123
[op-effects] depth=2 "Pomodoro Time" UPDATE_ITEM_FIELD=1 PagePreviewApp-NuWdTQlt.js:3:129123
[op-effects] depth=2 "Spent" UPDATE_ITEM_FIELD=1 PagePreviewApp-NuWdTQlt.js:3:129123
[op-effects] depth=2 "Earned" UPDATE_ITEM_FIELD=1 PagePreviewApp-NuWdTQlt.js:3:129123
[op-effects] depth=2 "Protein" UPDATE_ITEM_FIELD=1 PagePreviewApp-NuWdTQlt.js:3:129123
[op-effects] depth=2 "Carbs" UPDATE_ITEM_FIELD=1 PagePreviewApp-NuWdTQlt.js:3:129123
[op-effects] depth=2 "Fats" UPDATE_ITEM_FIELD=1 PagePreviewApp-NuWdTQlt.js:3:129123
[op-effects] depth=2 "Total Reps" UPDATE_ITEM_FIELD=1 PagePreviewApp-NuWdTQlt.js:3:129123
[op-effects] depth=2 "Chest Volume" UPDATE_ITEM_FIELD=1 PagePreviewApp-NuWdTQlt.js:3:129123
[op-effects] depth=2 "Back Volume" UPDATE_ITEM_FIELD=1 PagePreviewApp-NuWdTQlt.js:3:129123
[op-effects] depth=2 "Legs Volume" UPDATE_ITEM_FIELD=1 PagePreviewApp-NuWdTQlt.js:3:129123
[op-effects] depth=2 "Shoulders Volume" UPDATE_ITEM_FIELD=1 PagePreviewApp-NuWdTQlt.js:3:129123
[op-effects] depth=2 "Arms Volume" UPDATE_ITEM_FIELD=1 PagePreviewApp-NuWdTQlt.js:3:129123
[op-effects] depth=2 "Cardio Volume" UPDATE_ITEM_FIELD=1 PagePreviewApp-NuWdTQlt.js:3:129123
[op-effects] depth=2 "Breakfast Nutrition" UPDATE_ITEM_FIELD=1 PagePreviewApp-NuWdTQlt.js:3:129123
[op-effects] depth=2 "Lunch Nutrition" UPDATE_ITEM_FIELD=1 PagePreviewApp-NuWdTQlt.js:3:129123
[op-effects] depth=2 "Dinner Nutrition" UPDATE_ITEM_FIELD=1 PagePreviewApp-NuWdTQlt.js:3:129123
[op-effects] depth=2 "Snack Nutrition" UPDATE_ITEM_FIELD=1 PagePreviewApp-NuWdTQlt.js:3:129123
[op-effects] depth=2 "Checking Balance" UPDATE_ITEM_FIELD=1 PagePreviewApp-NuWdTQlt.js:3:129123
[op-effects] depth=2 "Mom's Account Balance" UPDATE_ITEM_FIELD=1 PagePreviewApp-NuWdTQlt.js:3:129123
[op-effects] depth=2 "Total Workouts" UPDATE_ITEM_FIELD=1 PagePreviewApp-NuWdTQlt.js:3:129123
[op-effects] depth=2 "Total Reading Time" UPDATE_ITEM_FIELD=1 PagePreviewApp-NuWdTQlt.js:3:129123
[op-effects] depth=2 "Completion Rate" UPDATE_ITEM_FIELD=1 PagePreviewApp-NuWdTQlt.js:3:129123
[op-effects] depth=2 "Time Spent This Week" UPDATE_ITEM_FIELD=1 PagePreviewApp-NuWdTQlt.js:3:129123
[op-effects] depth=2 "Pomodoro History" UPDATE_ITEM_FIELD=2 PagePreviewApp-NuWdTQlt.js:3:129123
[op-effects] depth=2 "Current Streak" UPDATE_ITEM_FIELD=2 PagePreviewApp-NuWdTQlt.js:3:129123
[op-effects] depth=2 "Workout History" UPDATE_ITEM_FIELD=2 PagePreviewApp-NuWdTQlt.js:3:129123
[op-effects] depth=2 "Meal History" UPDATE_ITEM_FIELD=2 PagePreviewApp-NuWdTQlt.js:3:129123
[op-effects] depth=2 "Purchase History" UPDATE_ITEM_FIELD=2 PagePreviewApp-NuWdTQlt.js:3:129123
[op-effects] depth=2 "Day Page: Build Tasks Completed" UPDATE_ITEM_TEXTMAP=1 PagePreviewApp-NuWdTQlt.js:3:129123
[op-effects] depth=2 "Total Subscriptions" UPDATE_ITEM_FIELD=1 PagePreviewApp-NuWdTQlt.js:3:129123
[op-effects] depth=2 "Monthly Bills" UPDATE_ITEM_FIELD=1 PagePreviewApp-NuWdTQlt.js:3:129123
[op-effects] depth=2 "Canvas: Build" DELETE_ITEM=14 CREATE_ITEM=7 UPDATE_OCCURRENCE=7 UPDATE_ITEM_META=14 PagePreviewApp-NuWdTQlt.js:3:129123
[op-effects] depth=2 "People Table: Build" UPDATE_ITEM_META=1 PagePreviewApp-NuWdTQlt.js:3:129123
[op-fire-done] depth=2 OccurrenceDeleteOp 704ms total=86 display=0 PagePreviewApp-NuWdTQlt.js:3:129376
[op-fire] depth=2 OccurrenceDeleteOp occ=c956b00f PagePreviewApp-NuWdTQlt.js:3:128547
[op-effects] depth=2 "Completed" UPDATE_ITEM_FIELD=1 PagePreviewApp-NuWdTQlt.js:3:129123
[op-effects] depth=2 "Task Countdown" UPDATE_ITEM_FIELD=1 PagePreviewApp-NuWdTQlt.js:3:129123
[op-effects] depth=2 "Steps" UPDATE_ITEM_FIELD=1 PagePreviewApp-NuWdTQlt.js:3:129123
[op-effects] depth=2 "Water" UPDATE_ITEM_FIELD=1 PagePreviewApp-NuWdTQlt.js:3:129123
[op-effects] depth=2 "Time Spent" UPDATE_ITEM_FIELD=1 PagePreviewApp-NuWdTQlt.js:3:129123
[op-effects] depth=2 "Pages" UPDATE_ITEM_FIELD=1 PagePreviewApp-NuWdTQlt.js:3:129123
[op-effects] depth=2 "Pomodoros Today" UPDATE_ITEM_FIELD=1 PagePreviewApp-NuWdTQlt.js:3:129123
[op-effects] depth=2 "Pomodoro Time" UPDATE_ITEM_FIELD=1 PagePreviewApp-NuWdTQlt.js:3:129123
[op-effects] depth=2 "Spent" UPDATE_ITEM_FIELD=1 PagePreviewApp-NuWdTQlt.js:3:129123
[op-effects] depth=2 "Earned" UPDATE_ITEM_FIELD=1 PagePreviewApp-NuWdTQlt.js:3:129123
[op-effects] depth=2 "Protein" UPDATE_ITEM_FIELD=1 PagePreviewApp-NuWdTQlt.js:3:129123
[op-effects] depth=2 "Carbs" UPDATE_ITEM_FIELD=1 PagePreviewApp-NuWdTQlt.js:3:129123
[op-effects] depth=2 "Fats" UPDATE_ITEM_FIELD=1 PagePreviewApp-NuWdTQlt.js:3:129123
[op-effects] depth=2 "Total Reps" UPDATE_ITEM_FIELD=1 PagePreviewApp-NuWdTQlt.js:3:129123
[op-effects] depth=2 "Chest Volume" UPDATE_ITEM_FIELD=1 PagePreviewApp-NuWdTQlt.js:3:129123
[op-effects] depth=2 "Back Volume" UPDATE_ITEM_FIELD=1 PagePreviewApp-NuWdTQlt.js:3:129123
[op-effects] depth=2 "Legs Volume" UPDATE_ITEM_FIELD=1 PagePreviewApp-NuWdTQlt.js:3:129123
[op-effects] depth=2 "Shoulders Volume" UPDATE_ITEM_FIELD=1 PagePreviewApp-NuWdTQlt.js:3:129123
[op-effects] depth=2 "Arms Volume" UPDATE_ITEM_FIELD=1 PagePreviewApp-NuWdTQlt.js:3:129123
[op-effects] depth=2 "Cardio Volume" UPDATE_ITEM_FIELD=1 PagePreviewApp-NuWdTQlt.js:3:129123
[op-effects] depth=2 "Breakfast Nutrition" UPDATE_ITEM_FIELD=1 PagePreviewApp-NuWdTQlt.js:3:129123
[op-effects] depth=2 "Lunch Nutrition" UPDATE_ITEM_FIELD=1 PagePreviewApp-NuWdTQlt.js:3:129123
[op-effects] depth=2 "Dinner Nutrition" UPDATE_ITEM_FIELD=1 PagePreviewApp-NuWdTQlt.js:3:129123
[op-effects] depth=2 "Snack Nutrition" UPDATE_ITEM_FIELD=1 PagePreviewApp-NuWdTQlt.js:3:129123
[op-effects] depth=2 "Checking Balance" UPDATE_ITEM_FIELD=1 PagePreviewApp-NuWdTQlt.js:3:129123
[op-effects] depth=2 "Mom's Account Balance" UPDATE_ITEM_FIELD=1 PagePreviewApp-NuWdTQlt.js:3:129123
[op-effects] depth=2 "Total Workouts" UPDATE_ITEM_FIELD=1 PagePreviewApp-NuWdTQlt.js:3:129123
[op-effects] depth=2 "Total Reading Time" UPDATE_ITEM_FIELD=1 PagePreviewApp-NuWdTQlt.js:3:129123
[op-effects] depth=2 "Completion Rate" UPDATE_ITEM_FIELD=1 PagePreviewApp-NuWdTQlt.js:3:129123
[op-effects] depth=2 "Time Spent This Week" UPDATE_ITEM_FIELD=1 PagePreviewApp-NuWdTQlt.js:3:129123
[op-effects] depth=2 "Pomodoro History" UPDATE_ITEM_FIELD=2 PagePreviewApp-NuWdTQlt.js:3:129123
[op-effects] depth=2 "Current Streak" UPDATE_ITEM_FIELD=2 PagePreviewApp-NuWdTQlt.js:3:129123
[op-effects] depth=2 "Workout History" UPDATE_ITEM_FIELD=2 PagePreviewApp-NuWdTQlt.js:3:129123
[op-effects] depth=2 "Meal History" UPDATE_ITEM_FIELD=2 PagePreviewApp-NuWdTQlt.js:3:129123
[op-effects] depth=2 "Purchase History" UPDATE_ITEM_FIELD=2 PagePreviewApp-NuWdTQlt.js:3:129123
[op-effects] depth=2 "Day Page: Build Tasks Completed" UPDATE_ITEM_TEXTMAP=1 PagePreviewApp-NuWdTQlt.js:3:129123
[op-effects] depth=2 "Total Subscriptions" UPDATE_ITEM_FIELD=1 PagePreviewApp-NuWdTQlt.js:3:129123
[op-effects] depth=2 "Monthly Bills" UPDATE_ITEM_FIELD=1 PagePreviewApp-NuWdTQlt.js:3:129123
[op-effects] depth=2 "Canvas: Build" DELETE_ITEM=14 CREATE_ITEM=7 UPDATE_OCCURRENCE=7 UPDATE_ITEM_META=14 PagePreviewApp-NuWdTQlt.js:3:129123
[op-effects] depth=2 "People Table: Build" UPDATE_ITEM_META=1 PagePreviewApp-NuWdTQlt.js:3:129123
[op-fire-done] depth=2 OccurrenceDeleteOp 655ms total=86 display=0 PagePreviewApp-NuWdTQlt.js:3:129376
[op-fire] depth=2 OccurrenceDeleteOp occ=f8374991 PagePreviewApp-NuWdTQlt.js:3:128547
[op-effects] depth=2 "Completed" UPDATE_ITEM_FIELD=1 PagePreviewApp-NuWdTQlt.js:3:129123
[op-effects] depth=2 "Task Countdown" UPDATE_ITEM_FIELD=1 PagePreviewApp-NuWdTQlt.js:3:129123
[op-effects] depth=2 "Steps" UPDATE_ITEM_FIELD=1 PagePreviewApp-NuWdTQlt.js:3:129123
[op-effects] depth=2 "Water" UPDATE_ITEM_FIELD=1 PagePreviewApp-NuWdTQlt.js:3:129123
[op-effects] depth=2 "Time Spent" UPDATE_ITEM_FIELD=1 PagePreviewApp-NuWdTQlt.js:3:129123
[op-effects] depth=2 "Pages" UPDATE_ITEM_FIELD=1 PagePreviewApp-NuWdTQlt.js:3:129123
[op-effects] depth=2 "Pomodoros Today" UPDATE_ITEM_FIELD=1 PagePreviewApp-NuWdTQlt.js:3:129123
[op-effects] depth=2 "Pomodoro Time" UPDATE_ITEM_FIELD=1 PagePreviewApp-NuWdTQlt.js:3:129123
[op-effects] depth=2 "Spent" UPDATE_ITEM_FIELD=1 PagePreviewApp-NuWdTQlt.js:3:129123
[op-effects] depth=2 "Earned" UPDATE_ITEM_FIELD=1 PagePreviewApp-NuWdTQlt.js:3:129123
[op-effects] depth=2 "Protein" UPDATE_ITEM_FIELD=1 PagePreviewApp-NuWdTQlt.js:3:129123
[op-effects] depth=2 "Carbs" UPDATE_ITEM_FIELD=1 PagePreviewApp-NuWdTQlt.js:3:129123
[op-effects] depth=2 "Fats" UPDATE_ITEM_FIELD=1 PagePreviewApp-NuWdTQlt.js:3:129123
[op-effects] depth=2 "Total Reps" UPDATE_ITEM_FIELD=1 PagePreviewApp-NuWdTQlt.js:3:129123
[op-effects] depth=2 "Chest Volume" UPDATE_ITEM_FIELD=1 PagePreviewApp-NuWdTQlt.js:3:129123
[op-effects] depth=2 "Back Volume" UPDATE_ITEM_FIELD=1 PagePreviewApp-NuWdTQlt.js:3:129123
[op-effects] depth=2 "Legs Volume" UPDATE_ITEM_FIELD=1 PagePreviewApp-NuWdTQlt.js:3:129123
[op-effects] depth=2 "Shoulders Volume" UPDATE_ITEM_FIELD=1 PagePreviewApp-NuWdTQlt.js:3:129123
[op-effects] depth=2 "Arms Volume" UPDATE_ITEM_FIELD=1 PagePreviewApp-NuWdTQlt.js:3:129123
[op-effects] depth=2 "Cardio Volume" UPDATE_ITEM_FIELD=1 PagePreviewApp-NuWdTQlt.js:3:129123
[op-effects] depth=2 "Breakfast Nutrition" UPDATE_ITEM_FIELD=1 PagePreviewApp-NuWdTQlt.js:3:129123
[op-effects] depth=2 "Lunch Nutrition" UPDATE_ITEM_FIELD=1 PagePreviewApp-NuWdTQlt.js:3:129123
[op-effects] depth=2 "Dinner Nutrition" UPDATE_ITEM_FIELD=1 PagePreviewApp-NuWdTQlt.js:3:129123
[op-effects] depth=2 "Snack Nutrition" UPDATE_ITEM_FIELD=1 PagePreviewApp-NuWdTQlt.js:3:129123
[op-effects] depth=2 "Checking Balance" UPDATE_ITEM_FIELD=1 PagePreviewApp-NuWdTQlt.js:3:129123
[op-effects] depth=2 "Mom's Account Balance" UPDATE_ITEM_FIELD=1 PagePreviewApp-NuWdTQlt.js:3:129123
[op-effects] depth=2 "Total Workouts" UPDATE_ITEM_FIELD=1 PagePreviewApp-NuWdTQlt.js:3:129123
[op-effects] depth=2 "Total Reading Time" UPDATE_ITEM_FIELD=1 PagePreviewApp-NuWdTQlt.js:3:129123
[op-effects] depth=2 "Completion Rate" UPDATE_ITEM_FIELD=1 PagePreviewApp-NuWdTQlt.js:3:129123
[op-effects] depth=2 "Time Spent This Week" UPDATE_ITEM_FIELD=1 PagePreviewApp-NuWdTQlt.js:3:129123
[op-effects] depth=2 "Pomodoro History" UPDATE_ITEM_FIELD=2 PagePreviewApp-NuWdTQlt.js:3:129123
[op-effects] depth=2 "Current Streak" UPDATE_ITEM_FIELD=2 PagePreviewApp-NuWdTQlt.js:3:129123
[op-effects] depth=2 "Workout History" UPDATE_ITEM_FIELD=2 PagePreviewApp-NuWdTQlt.js:3:129123
[op-effects] depth=2 "Meal History" UPDATE_ITEM_FIELD=2 PagePreviewApp-NuWdTQlt.js:3:129123
[op-effects] depth=2 "Purchase History" UPDATE_ITEM_FIELD=2 PagePreviewApp-NuWdTQlt.js:3:129123
[op-effects] depth=2 "Day Page: Build Tasks Completed" UPDATE_ITEM_TEXTMAP=1 PagePreviewApp-NuWdTQlt.js:3:129123
[op-effects] depth=2 "Total Subscriptions" UPDATE_ITEM_FIELD=1 PagePreviewApp-NuWdTQlt.js:3:129123
[op-effects] depth=2 "Monthly Bills" UPDATE_ITEM_FIELD=1 PagePreviewApp-NuWdTQlt.js:3:129123
[op-effects] depth=2 "Canvas: Build" DELETE_ITEM=14 CREATE_ITEM=7 UPDATE_OCCURRENCE=7 UPDATE_ITEM_META=14 PagePreviewApp-NuWdTQlt.js:3:129123
[op-effects] depth=2 "People Table: Build" UPDATE_ITEM_META=1 PagePreviewApp-NuWdTQlt.js:3:129123
[op-fire-done] depth=2 OccurrenceDeleteOp 912ms total=86 display=0 PagePreviewApp-NuWdTQlt.js:3:129376
[op-fire] depth=2 OccurrenceDeleteOp occ=27128f5b PagePreviewApp-NuWdTQlt.js:3:128547
[op-effects] depth=2 "Completed" UPDATE_ITEM_FIELD=1 PagePreviewApp-NuWdTQlt.js:3:129123
[op-effects] depth=2 "Task Countdown" UPDATE_ITEM_FIELD=1 PagePreviewApp-NuWdTQlt.js:3:129123
[op-effects] depth=2 "Steps" UPDATE_ITEM_FIELD=1 PagePreviewApp-NuWdTQlt.js:3:129123
[op-effects] depth=2 "Water" UPDATE_ITEM_FIELD=1 PagePreviewApp-NuWdTQlt.js:3:129123
[op-effects] depth=2 "Time Spent" UPDATE_ITEM_FIELD=1 PagePreviewApp-NuWdTQlt.js:3:129123
[op-effects] depth=2 "Pages" UPDATE_ITEM_FIELD=1 PagePreviewApp-NuWdTQlt.js:3:129123
[op-effects] depth=2 "Pomodoros Today" UPDATE_ITEM_FIELD=1 PagePreviewApp-NuWdTQlt.js:3:129123
[op-effects] depth=2 "Pomodoro Time" UPDATE_ITEM_FIELD=1 PagePreviewApp-NuWdTQlt.js:3:129123
[op-effects] depth=2 "Spent" UPDATE_ITEM_FIELD=1 PagePreviewApp-NuWdTQlt.js:3:129123
[op-effects] depth=2 "Earned" UPDATE_ITEM_FIELD=1 PagePreviewApp-NuWdTQlt.js:3:129123
[op-effects] depth=2 "Protein" UPDATE_ITEM_FIELD=1 PagePreviewApp-NuWdTQlt.js:3:129123
[op-effects] depth=2 "Carbs" UPDATE_ITEM_FIELD=1 PagePreviewApp-NuWdTQlt.js:3:129123
[op-effects] depth=2 "Fats" UPDATE_ITEM_FIELD=1 PagePreviewApp-NuWdTQlt.js:3:129123
[op-effects] depth=2 "Total Reps" UPDATE_ITEM_FIELD=1 PagePreviewApp-NuWdTQlt.js:3:129123
[op-effects] depth=2 "Chest Volume" UPDATE_ITEM_FIELD=1 PagePreviewApp-NuWdTQlt.js:3:129123
[op-effects] depth=2 "Back Volume" UPDATE_ITEM_FIELD=1 PagePreviewApp-NuWdTQlt.js:3:129123
[op-effects] depth=2 "Legs Volume" UPDATE_ITEM_FIELD=1 PagePreviewApp-NuWdTQlt.js:3:129123
[op-effects] depth=2 "Shoulders Volume" UPDATE_ITEM_FIELD=1 PagePreviewApp-NuWdTQlt.js:3:129123
[op-effects] depth=2 "Arms Volume" UPDATE_ITEM_FIELD=1 PagePreviewApp-NuWdTQlt.js:3:129123
[op-effects] depth=2 "Cardio Volume" UPDATE_ITEM_FIELD=1 PagePreviewApp-NuWdTQlt.js:3:129123
[op-effects] depth=2 "Breakfast Nutrition" UPDATE_ITEM_FIELD=1 PagePreviewApp-NuWdTQlt.js:3:129123
[op-effects] depth=2 "Lunch Nutrition" UPDATE_ITEM_FIELD=1 PagePreviewApp-NuWdTQlt.js:3:129123
[op-effects] depth=2 "Dinner Nutrition" UPDATE_ITEM_FIELD=1 PagePreviewApp-NuWdTQlt.js:3:129123
[op-effects] depth=2 "Snack Nutrition" UPDATE_ITEM_FIELD=1 PagePreviewApp-NuWdTQlt.js:3:129123
[op-effects] depth=2 "Checking Balance" UPDATE_ITEM_FIELD=1 PagePreviewApp-NuWdTQlt.js:3:129123
[op-effects] depth=2 "Mom's Account Balance" UPDATE_ITEM_FIELD=1 PagePreviewApp-NuWdTQlt.js:3:129123
[op-effects] depth=2 "Total Workouts" UPDATE_ITEM_FIELD=1 PagePreviewApp-NuWdTQlt.js:3:129123
[op-effects] depth=2 "Total Reading Time" UPDATE_ITEM_FIELD=1 PagePreviewApp-NuWdTQlt.js:3:129123
[op-effects] depth=2 "Completion Rate" UPDATE_ITEM_FIELD=1 PagePreviewApp-NuWdTQlt.js:3:129123
[op-effects] depth=2 "Time Spent This Week" UPDATE_ITEM_FIELD=1 PagePreviewApp-NuWdTQlt.js:3:129123
[op-effects] depth=2 "Pomodoro History" UPDATE_ITEM_FIELD=2 PagePreviewApp-NuWdTQlt.js:3:129123
[op-effects] depth=2 "Current Streak" UPDATE_ITEM_FIELD=2 PagePreviewApp-NuWdTQlt.js:3:129123
[op-effects] depth=2 "Workout History" UPDATE_ITEM_FIELD=2 PagePreviewApp-NuWdTQlt.js:3:129123
[op-effects] depth=2 "Meal History" UPDATE_ITEM_FIELD=2 PagePreviewApp-NuWdTQlt.js:3:129123
[op-effects] depth=2 "Purchase History" UPDATE_ITEM_FIELD=2 PagePreviewApp-NuWdTQlt.js:3:129123
[op-effects] depth=2 "Day Page: Build Tasks Completed" UPDATE_ITEM_TEXTMAP=1 PagePreviewApp-NuWdTQlt.js:3:129123
[op-effects] depth=2 "Total Subscriptions" UPDATE_ITEM_FIELD=1 PagePreviewApp-NuWdTQlt.js:3:129123
[op-effects] depth=2 "Monthly Bills" UPDATE_ITEM_FIELD=1 PagePreviewApp-NuWdTQlt.js:3:129123
[op-effects] depth=2 "Canvas: Build" DELETE_ITEM=14 CREATE_ITEM=7 UPDATE_OCCURRENCE=7 UPDATE_ITEM_META=14 PagePreviewApp-NuWdTQlt.js:3:129123
[op-effects] depth=2 "People Table: Build" UPDATE_ITEM_META=1 PagePreviewApp-NuWdTQlt.js:3:129123
[op-fire-done] depth=2 OccurrenceDeleteOp 1054ms total=86 display=0 PagePreviewApp-NuWdTQlt.js:3:129376
[op-fire] depth=2 OccurrenceDeleteOp occ=ae84a55e PagePreviewApp-NuWdTQlt.js:3:128547
[op-effects] depth=2 "Completed" UPDATE_ITEM_FIELD=1 PagePreviewApp-NuWdTQlt.js:3:129123
[op-effects] depth=2 "Task Countdown" UPDATE_ITEM_FIELD=1 PagePreviewApp-NuWdTQlt.js:3:129123
[op-effects] depth=2 "Steps" UPDATE_ITEM_FIELD=1 PagePreviewApp-NuWdTQlt.js:3:129123
[op-effects] depth=2 "Water" UPDATE_ITEM_FIELD=1 PagePreviewApp-NuWdTQlt.js:3:129123
[op-effects] depth=2 "Time Spent" UPDATE_ITEM_FIELD=1 PagePreviewApp-NuWdTQlt.js:3:129123
[op-effects] depth=2 "Pages" UPDATE_ITEM_FIELD=1 PagePreviewApp-NuWdTQlt.js:3:129123
[op-effects] depth=2 "Pomodoros Today" UPDATE_ITEM_FIELD=1 PagePreviewApp-NuWdTQlt.js:3:129123
[op-effects] depth=2 "Pomodoro Time" UPDATE_ITEM_FIELD=1 PagePreviewApp-NuWdTQlt.js:3:129123
[op-effects] depth=2 "Spent" UPDATE_ITEM_FIELD=1 PagePreviewApp-NuWdTQlt.js:3:129123
[op-effects] depth=2 "Earned" UPDATE_ITEM_FIELD=1 PagePreviewApp-NuWdTQlt.js:3:129123
[op-effects] depth=2 "Protein" UPDATE_ITEM_FIELD=1 PagePreviewApp-NuWdTQlt.js:3:129123
[op-effects] depth=2 "Carbs" UPDATE_ITEM_FIELD=1 PagePreviewApp-NuWdTQlt.js:3:129123
[op-effects] depth=2 "Fats" UPDATE_ITEM_FIELD=1 PagePreviewApp-NuWdTQlt.js:3:129123
[op-effects] depth=2 "Total Reps" UPDATE_ITEM_FIELD=1 PagePreviewApp-NuWdTQlt.js:3:129123
[op-effects] depth=2 "Chest Volume" UPDATE_ITEM_FIELD=1 PagePreviewApp-NuWdTQlt.js:3:129123
[op-effects] depth=2 "Back Volume" UPDATE_ITEM_FIELD=1 PagePreviewApp-NuWdTQlt.js:3:129123
[op-effects] depth=2 "Legs Volume" UPDATE_ITEM_FIELD=1 PagePreviewApp-NuWdTQlt.js:3:129123
[op-effects] depth=2 "Shoulders Volume" UPDATE_ITEM_FIELD=1 PagePreviewApp-NuWdTQlt.js:3:129123
[op-effects] depth=2 "Arms Volume" UPDATE_ITEM_FIELD=1 PagePreviewApp-NuWdTQlt.js:3:129123
[op-effects] depth=2 "Cardio Volume" UPDATE_ITEM_FIELD=1 PagePreviewApp-NuWdTQlt.js:3:129123
[op-effects] depth=2 "Breakfast Nutrition" UPDATE_ITEM_FIELD=1 PagePreviewApp-NuWdTQlt.js:3:129123
[op-effects] depth=2 "Lunch Nutrition" UPDATE_ITEM_FIELD=1 PagePreviewApp-NuWdTQlt.js:3:129123
[op-effects] depth=2 "Dinner Nutrition" UPDATE_ITEM_FIELD=1 PagePreviewApp-NuWdTQlt.js:3:129123
[op-effects] depth=2 "Snack Nutrition" UPDATE_ITEM_FIELD=1 PagePreviewApp-NuWdTQlt.js:3:129123
[op-effects] depth=2 "Checking Balance" UPDATE_ITEM_FIELD=1 PagePreviewApp-NuWdTQlt.js:3:129123
[op-effects] depth=2 "Mom's Account Balance" UPDATE_ITEM_FIELD=1 PagePreviewApp-NuWdTQlt.js:3:129123
[op-effects] depth=2 "Total Workouts" UPDATE_ITEM_FIELD=1 PagePreviewApp-NuWdTQlt.js:3:129123
[op-effects] depth=2 "Total Reading Time" UPDATE_ITEM_FIELD=1 PagePreviewApp-NuWdTQlt.js:3:129123
[op-effects] depth=2 "Completion Rate" UPDATE_ITEM_FIELD=1 PagePreviewApp-NuWdTQlt.js:3:129123
[op-effects] depth=2 "Time Spent This Week" UPDATE_ITEM_FIELD=1 PagePreviewApp-NuWdTQlt.js:3:129123
[op-effects] depth=2 "Pomodoro History" UPDATE_ITEM_FIELD=2 PagePreviewApp-NuWdTQlt.js:3:129123
[op-effects] depth=2 "Current Streak" UPDATE_ITEM_FIELD=2 PagePreviewApp-NuWdTQlt.js:3:129123
[op-effects] depth=2 "Workout History" UPDATE_ITEM_FIELD=2 PagePreviewApp-NuWdTQlt.js:3:129123
[op-effects] depth=2 "Meal History" UPDATE_ITEM_FIELD=2 PagePreviewApp-NuWdTQlt.js:3:129123
[op-effects] depth=2 "Purchase History" UPDATE_ITEM_FIELD=2 PagePreviewApp-NuWdTQlt.js:3:129123
[op-effects] depth=2 "Day Page: Build Tasks Completed" UPDATE_ITEM_TEXTMAP=1 PagePreviewApp-NuWdTQlt.js:3:129123
[op-effects] depth=2 "Total Subscriptions" UPDATE_ITEM_FIELD=1 PagePreviewApp-NuWdTQlt.js:3:129123
[op-effects] depth=2 "Monthly Bills" UPDATE_ITEM_FIELD=1 PagePreviewApp-NuWdTQlt.js:3:129123
[op-effects] depth=2 "Canvas: Build" DELETE_ITEM=14 CREATE_ITEM=7 UPDATE_OCCURRENCE=7 UPDATE_ITEM_META=14 PagePreviewApp-NuWdTQlt.js:3:129123
[op-effects] depth=2 "People Table: Build" UPDATE_ITEM_META=1 PagePreviewApp-NuWdTQlt.js:3:129123
[op-fire-done] depth=2 OccurrenceDeleteOp 904ms total=86 display=0 PagePreviewApp-NuWdTQlt.js:3:129376
[op-fire] depth=2 OccurrenceDeleteOp occ=f4316c7c PagePreviewApp-NuWdTQlt.js:3:128547
[op-effects] depth=2 "Completed" UPDATE_ITEM_FIELD=1 PagePreviewApp-NuWdTQlt.js:3:129123
[op-effects] depth=2 "Task Countdown" UPDATE_ITEM_FIELD=1 PagePreviewApp-NuWdTQlt.js:3:129123
[op-effects] depth=2 "Steps" UPDATE_ITEM_FIELD=1 PagePreviewApp-NuWdTQlt.js:3:129123
[op-effects] depth=2 "Water" UPDATE_ITEM_FIELD=1 PagePreviewApp-NuWdTQlt.js:3:129123
[op-effects] depth=2 "Time Spent" UPDATE_ITEM_FIELD=1 PagePreviewApp-NuWdTQlt.js:3:129123
[op-effects] depth=2 "Pages" UPDATE_ITEM_FIELD=1 PagePreviewApp-NuWdTQlt.js:3:129123
[op-effects] depth=2 "Pomodoros Today" UPDATE_ITEM_FIELD=1 PagePreviewApp-NuWdTQlt.js:3:129123
[op-effects] depth=2 "Pomodoro Time" UPDATE_ITEM_FIELD=1 PagePreviewApp-NuWdTQlt.js:3:129123
[op-effects] depth=2 "Spent" UPDATE_ITEM_FIELD=1 PagePreviewApp-NuWdTQlt.js:3:129123
[op-effects] depth=2 "Earned" UPDATE_ITEM_FIELD=1 PagePreviewApp-NuWdTQlt.js:3:129123
[op-effects] depth=2 "Protein" UPDATE_ITEM_FIELD=1 PagePreviewApp-NuWdTQlt.js:3:129123
[op-effects] depth=2 "Carbs" UPDATE_ITEM_FIELD=1 PagePreviewApp-NuWdTQlt.js:3:129123
[op-effects] depth=2 "Fats" UPDATE_ITEM_FIELD=1 PagePreviewApp-NuWdTQlt.js:3:129123
[op-effects] depth=2 "Total Reps" UPDATE_ITEM_FIELD=1 PagePreviewApp-NuWdTQlt.js:3:129123
[op-effects] depth=2 "Chest Volume" UPDATE_ITEM_FIELD=1 PagePreviewApp-NuWdTQlt.js:3:129123
[op-effects] depth=2 "Back Volume" UPDATE_ITEM_FIELD=1 PagePreviewApp-NuWdTQlt.js:3:129123
[op-effects] depth=2 "Legs Volume" UPDATE_ITEM_FIELD=1 PagePreviewApp-NuWdTQlt.js:3:129123
[op-effects] depth=2 "Shoulders Volume" UPDATE_ITEM_FIELD=1 PagePreviewApp-NuWdTQlt.js:3:129123
[op-effects] depth=2 "Arms Volume" UPDATE_ITEM_FIELD=1 PagePreviewApp-NuWdTQlt.js:3:129123
[op-effects] depth=2 "Cardio Volume" UPDATE_ITEM_FIELD=1 PagePreviewApp-NuWdTQlt.js:3:129123
[op-effects] depth=2 "Breakfast Nutrition" UPDATE_ITEM_FIELD=1 PagePreviewApp-NuWdTQlt.js:3:129123
[op-effects] depth=2 "Lunch Nutrition" UPDATE_ITEM_FIELD=1 PagePreviewApp-NuWdTQlt.js:3:129123
[op-effects] depth=2 "Dinner Nutrition" UPDATE_ITEM_FIELD=1 PagePreviewApp-NuWdTQlt.js:3:129123
[op-effects] depth=2 "Snack Nutrition" UPDATE_ITEM_FIELD=1 PagePreviewApp-NuWdTQlt.js:3:129123
[op-effects] depth=2 "Checking Balance" UPDATE_ITEM_FIELD=1 PagePreviewApp-NuWdTQlt.js:3:129123
[op-effects] depth=2 "Mom's Account Balance" UPDATE_ITEM_FIELD=1 PagePreviewApp-NuWdTQlt.js:3:129123
[op-effects] depth=2 "Total Workouts" UPDATE_ITEM_FIELD=1 PagePreviewApp-NuWdTQlt.js:3:129123
[op-effects] depth=2 "Total Reading Time" UPDATE_ITEM_FIELD=1 PagePreviewApp-NuWdTQlt.js:3:129123
[op-effects] depth=2 "Completion Rate" UPDATE_ITEM_FIELD=1 PagePreviewApp-NuWdTQlt.js:3:129123
[op-effects] depth=2 "Time Spent This Week" UPDATE_ITEM_FIELD=1 PagePreviewApp-NuWdTQlt.js:3:129123
[op-effects] depth=2 "Pomodoro History" UPDATE_ITEM_FIELD=2 PagePreviewApp-NuWdTQlt.js:3:129123
[op-effects] depth=2 "Current Streak" UPDATE_ITEM_FIELD=2 PagePreviewApp-NuWdTQlt.js:3:129123
[op-effects] depth=2 "Workout History" UPDATE_ITEM_FIELD=2 PagePreviewApp-NuWdTQlt.js:3:129123
[op-effects] depth=2 "Meal History" UPDATE_ITEM_FIELD=2 PagePreviewApp-NuWdTQlt.js:3:129123
[op-effects] depth=2 "Purchase History" UPDATE_ITEM_FIELD=2 PagePreviewApp-NuWdTQlt.js:3:129123
[op-effects] depth=2 "Day Page: Build Tasks Completed" UPDATE_ITEM_TEXTMAP=1 PagePreviewApp-NuWdTQlt.js:3:129123
[op-effects] depth=2 "Total Subscriptions" UPDATE_ITEM_FIELD=1 PagePreviewApp-NuWdTQlt.js:3:129123
[op-effects] depth=2 "Monthly Bills" UPDATE_ITEM_FIELD=1 PagePreviewApp-NuWdTQlt.js:3:129123
[op-effects] depth=2 "Canvas: Build" DELETE_ITEM=14 CREATE_ITEM=7 UPDATE_OCCURRENCE=7 UPDATE_ITEM_META=14 PagePreviewApp-NuWdTQlt.js:3:129123
[op-effects] depth=2 "People Table: Build" UPDATE_ITEM_META=1 PagePreviewApp-NuWdTQlt.js:3:129123
[op-fire-done] depth=2 OccurrenceDeleteOp 701ms total=86 display=0 PagePreviewApp-NuWdTQlt.js:3:129376
[op-fire] depth=2 OccurrenceDeleteOp occ=30f34810 PagePreviewApp-NuWdTQlt.js:3:128547
[op-effects] depth=2 "Completed" UPDATE_ITEM_FIELD=1 PagePreviewApp-NuWdTQlt.js:3:129123
[op-effects] depth=2 "Task Countdown" UPDATE_ITEM_FIELD=1 PagePreviewApp-NuWdTQlt.js:3:129123
[op-effects] depth=2 "Steps" UPDATE_ITEM_FIELD=1 PagePreviewApp-NuWdTQlt.js:3:129123
[op-effects] depth=2 "Water" UPDATE_ITEM_FIELD=1 PagePreviewApp-NuWdTQlt.js:3:129123
[op-effects] depth=2 "Time Spent" UPDATE_ITEM_FIELD=1 PagePreviewApp-NuWdTQlt.js:3:129123
[op-effects] depth=2 "Pages" UPDATE_ITEM_FIELD=1 PagePreviewApp-NuWdTQlt.js:3:129123
[op-effects] depth=2 "Pomodoros Today" UPDATE_ITEM_FIELD=1 PagePreviewApp-NuWdTQlt.js:3:129123
[op-effects] depth=2 "Pomodoro Time" UPDATE_ITEM_FIELD=1 PagePreviewApp-NuWdTQlt.js:3:129123
[op-effects] depth=2 "Spent" UPDATE_ITEM_FIELD=1 PagePreviewApp-NuWdTQlt.js:3:129123
[op-effects] depth=2 "Earned" UPDATE_ITEM_FIELD=1 PagePreviewApp-NuWdTQlt.js:3:129123
[op-effects] depth=2 "Protein" UPDATE_ITEM_FIELD=1 PagePreviewApp-NuWdTQlt.js:3:129123
[op-effects] depth=2 "Carbs" UPDATE_ITEM_FIELD=1 PagePreviewApp-NuWdTQlt.js:3:129123
[op-effects] depth=2 "Fats" UPDATE_ITEM_FIELD=1 PagePreviewApp-NuWdTQlt.js:3:129123
[op-effects] depth=2 "Total Reps" UPDATE_ITEM_FIELD=1 PagePreviewApp-NuWdTQlt.js:3:129123
[op-effects] depth=2 "Chest Volume" UPDATE_ITEM_FIELD=1 PagePreviewApp-NuWdTQlt.js:3:129123
[op-effects] depth=2 "Back Volume" UPDATE_ITEM_FIELD=1 PagePreviewApp-NuWdTQlt.js:3:129123
[op-effects] depth=2 "Legs Volume" UPDATE_ITEM_FIELD=1 PagePreviewApp-NuWdTQlt.js:3:129123
[op-effects] depth=2 "Shoulders Volume" UPDATE_ITEM_FIELD=1 PagePreviewApp-NuWdTQlt.js:3:129123
[op-effects] depth=2 "Arms Volume" UPDATE_ITEM_FIELD=1 PagePreviewApp-NuWdTQlt.js:3:129123
[op-effects] depth=2 "Cardio Volume" UPDATE_ITEM_FIELD=1 PagePreviewApp-NuWdTQlt.js:3:129123
[op-effects] depth=2 "Breakfast Nutrition" UPDATE_ITEM_FIELD=1 PagePreviewApp-NuWdTQlt.js:3:129123
[op-effects] depth=2 "Lunch Nutrition" UPDATE_ITEM_FIELD=1 PagePreviewApp-NuWdTQlt.js:3:129123
[op-effects] depth=2 "Dinner Nutrition" UPDATE_ITEM_FIELD=1 PagePreviewApp-NuWdTQlt.js:3:129123
[op-effects] depth=2 "Snack Nutrition" UPDATE_ITEM_FIELD=1 PagePreviewApp-NuWdTQlt.js:3:129123
[op-effects] depth=2 "Checking Balance" UPDATE_ITEM_FIELD=1 PagePreviewApp-NuWdTQlt.js:3:129123
[op-effects] depth=2 "Mom's Account Balance" UPDATE_ITEM_FIELD=1 PagePreviewApp-NuWdTQlt.js:3:129123
[op-effects] depth=2 "Total Workouts" UPDATE_ITEM_FIELD=1 PagePreviewApp-NuWdTQlt.js:3:129123
[op-effects] depth=2 "Total Reading Time" UPDATE_ITEM_FIELD=1 PagePreviewApp-NuWdTQlt.js:3:129123
[op-effects] depth=2 "Completion Rate" UPDATE_ITEM_FIELD=1 PagePreviewApp-NuWdTQlt.js:3:129123
[op-effects] depth=2 "Time Spent This Week" UPDATE_ITEM_FIELD=1 PagePreviewApp-NuWdTQlt.js:3:129123
[op-effects] depth=2 "Pomodoro History" UPDATE_ITEM_FIELD=2 PagePreviewApp-NuWdTQlt.js:3:129123
[op-effects] depth=2 "Current Streak" UPDATE_ITEM_FIELD=2 PagePreviewApp-NuWdTQlt.js:3:129123
[op-effects] depth=2 "Workout History" UPDATE_ITEM_FIELD=2 PagePreviewApp-NuWdTQlt.js:3:129123
[op-effects] depth=2 "Meal History" UPDATE_ITEM_FIELD=2 PagePreviewApp-NuWdTQlt.js:3:129123
[op-effects] depth=2 "Purchase History" UPDATE_ITEM_FIELD=2 PagePreviewApp-NuWdTQlt.js:3:129123
[op-effects] depth=2 "Day Page: Build Tasks Completed" UPDATE_ITEM_TEXTMAP=1 PagePreviewApp-NuWdTQlt.js:3:129123
[op-effects] depth=2 "Total Subscriptions" UPDATE_ITEM_FIELD=1 PagePreviewApp-NuWdTQlt.js:3:129123
[op-effects] depth=2 "Monthly Bills" UPDATE_ITEM_FIELD=1 PagePreviewApp-NuWdTQlt.js:3:129123
[op-effects] depth=2 "Canvas: Build" DELETE_ITEM=14 CREATE_ITEM=7 UPDATE_OCCURRENCE=7 UPDATE_ITEM_META=14 PagePreviewApp-NuWdTQlt.js:3:129123
[op-effects] depth=2 "People Table: Build" UPDATE_ITEM_META=1 PagePreviewApp-NuWdTQlt.js:3:129123
[op-fire-done] depth=2 OccurrenceDeleteOp 588ms total=86 display=0 PagePreviewApp-NuWdTQlt.js:3:129376
[op-fire] depth=2 OccurrenceDeleteOp occ=41391935 PagePreviewApp-NuWdTQlt.js:3:128547
[op-effects] depth=2 "Completed" UPDATE_ITEM_FIELD=1 PagePreviewApp-NuWdTQlt.js:3:129123
[op-effects] depth=2 "Task Countdown" UPDATE_ITEM_FIELD=1 PagePreviewApp-NuWdTQlt.js:3:129123
[op-effects] depth=2 "Steps" UPDATE_ITEM_FIELD=1 PagePreviewApp-NuWdTQlt.js:3:129123
[op-effects] depth=2 "Water" UPDATE_ITEM_FIELD=1 PagePreviewApp-NuWdTQlt.js:3:129123
[op-effects] depth=2 "Time Spent" UPDATE_ITEM_FIELD=1 PagePreviewApp-NuWdTQlt.js:3:129123
[op-effects] depth=2 "Pages" UPDATE_ITEM_FIELD=1 PagePreviewApp-NuWdTQlt.js:3:129123
[op-effects] depth=2 "Pomodoros Today" UPDATE_ITEM_FIELD=1 PagePreviewApp-NuWdTQlt.js:3:129123
[op-effects] depth=2 "Pomodoro Time" UPDATE_ITEM_FIELD=1 PagePreviewApp-NuWdTQlt.js:3:129123
[op-effects] depth=2 "Spent" UPDATE_ITEM_FIELD=1 PagePreviewApp-NuWdTQlt.js:3:129123
[op-effects] depth=2 "Earned" UPDATE_ITEM_FIELD=1 PagePreviewApp-NuWdTQlt.js:3:129123
[op-effects] depth=2 "Protein" UPDATE_ITEM_FIELD=1 PagePreviewApp-NuWdTQlt.js:3:129123
[op-effects] depth=2 "Carbs" UPDATE_ITEM_FIELD=1 PagePreviewApp-NuWdTQlt.js:3:129123
[op-effects] depth=2 "Fats" UPDATE_ITEM_FIELD=1 PagePreviewApp-NuWdTQlt.js:3:129123
[op-effects] depth=2 "Total Reps" UPDATE_ITEM_FIELD=1 PagePreviewApp-NuWdTQlt.js:3:129123
[op-effects] depth=2 "Chest Volume" UPDATE_ITEM_FIELD=1 PagePreviewApp-NuWdTQlt.js:3:129123
[op-effects] depth=2 "Back Volume" UPDATE_ITEM_FIELD=1 PagePreviewApp-NuWdTQlt.js:3:129123
[op-effects] depth=2 "Legs Volume" UPDATE_ITEM_FIELD=1 PagePreviewApp-NuWdTQlt.js:3:129123
[op-effects] depth=2 "Shoulders Volume" UPDATE_ITEM_FIELD=1 PagePreviewApp-NuWdTQlt.js:3:129123
[op-effects] depth=2 "Arms Volume" UPDATE_ITEM_FIELD=1 PagePreviewApp-NuWdTQlt.js:3:129123
[op-effects] depth=2 "Cardio Volume" UPDATE_ITEM_FIELD=1 PagePreviewApp-NuWdTQlt.js:3:129123
[op-effects] depth=2 "Breakfast Nutrition" UPDATE_ITEM_FIELD=1 PagePreviewApp-NuWdTQlt.js:3:129123
[op-effects] depth=2 "Lunch Nutrition" UPDATE_ITEM_FIELD=1 PagePreviewApp-NuWdTQlt.js:3:129123
[op-effects] depth=2 "Dinner Nutrition" UPDATE_ITEM_FIELD=1 PagePreviewApp-NuWdTQlt.js:3:129123
[op-effects] depth=2 "Snack Nutrition" UPDATE_ITEM_FIELD=1 PagePreviewApp-NuWdTQlt.js:3:129123
[op-effects] depth=2 "Checking Balance" UPDATE_ITEM_FIELD=1 PagePreviewApp-NuWdTQlt.js:3:129123
[op-effects] depth=2 "Mom's Account Balance" UPDATE_ITEM_FIELD=1 PagePreviewApp-NuWdTQlt.js:3:129123
[op-effects] depth=2 "Total Workouts" UPDATE_ITEM_FIELD=1 PagePreviewApp-NuWdTQlt.js:3:129123
[op-effects] depth=2 "Total Reading Time" UPDATE_ITEM_FIELD=1 PagePreviewApp-NuWdTQlt.js:3:129123
[op-effects] depth=2 "Completion Rate" UPDATE_ITEM_FIELD=1 PagePreviewApp-NuWdTQlt.js:3:129123
[op-effects] depth=2 "Time Spent This Week" UPDATE_ITEM_FIELD=1 PagePreviewApp-NuWdTQlt.js:3:129123
[op-effects] depth=2 "Pomodoro History" UPDATE_ITEM_FIELD=2 PagePreviewApp-NuWdTQlt.js:3:129123
[op-effects] depth=2 "Current Streak" UPDATE_ITEM_FIELD=2 PagePreviewApp-NuWdTQlt.js:3:129123
[op-effects] depth=2 "Workout History" UPDATE_ITEM_FIELD=2 PagePreviewApp-NuWdTQlt.js:3:129123
[op-effects] depth=2 "Meal History" UPDATE_ITEM_FIELD=2 PagePreviewApp-NuWdTQlt.js:3:129123
[op-effects] depth=2 "Purchase History" UPDATE_ITEM_FIELD=2 PagePreviewApp-NuWdTQlt.js:3:129123
[op-effects] depth=2 "Day Page: Build Tasks Completed" UPDATE_ITEM_TEXTMAP=1 PagePreviewApp-NuWdTQlt.js:3:129123
[op-effects] depth=2 "Total Subscriptions" UPDATE_ITEM_FIELD=1 PagePreviewApp-NuWdTQlt.js:3:129123
[op-effects] depth=2 "Monthly Bills" UPDATE_ITEM_FIELD=1 PagePreviewApp-NuWdTQlt.js:3:129123
[op-effects] depth=2 "Canvas: Build" DELETE_ITEM=14 CREATE_ITEM=7 UPDATE_OCCURRENCE=7 UPDATE_ITEM_META=14 PagePreviewApp-NuWdTQlt.js:3:129123
[op-effects] depth=2 "People Table: Build" UPDATE_ITEM_META=1 PagePreviewApp-NuWdTQlt.js:3:129123
[op-fire-done] depth=2 OccurrenceDeleteOp 624ms total=86 display=0 PagePreviewApp-NuWdTQlt.js:3:129376
[op-fire] depth=2 OccurrenceDeleteOp occ=8b9bc374 PagePreviewApp-NuWdTQlt.js:3:128547
[op-effects] depth=2 "Completed" UPDATE_ITEM_FIELD=1 PagePreviewApp-NuWdTQlt.js:3:129123
