file_path,folder,source,status,notes
notes_codex_annotated/.md,notes_codex_annotated,annotated,skipped,non-text file
notes_codex_annotated/Dads Church Board Letter.md,notes_codex_annotated,annotated,done,
notes_codex_annotated/Desktop notes.md,notes_codex_annotated,annotated,done,
notes_codex_annotated/GRID.md,notes_codex_annotated,annotated,done,
notes_codex_annotated/Habits and Routines.md,notes_codex_annotated,annotated,done,
notes_codex_annotated/Jobs.md,notes_codex_annotated,annotated,done,
notes_codex_annotated/Joshua Pomerenke – Full Stack Web Developer.md,notes_codex_annotated,annotated,done,
notes_codex_annotated/Maia Cats.md,notes_codex_annotated,annotated,done,
notes_codex_annotated/Mint 20 Cinnamon Shortcuts.md,notes_codex_annotated,annotated,done,
notes_codex_annotated/New Chapter.md,notes_codex_annotated,annotated,done,
notes_codex_annotated/Plan.md,notes_codex_annotated,annotated,done,
notes_codex_annotated/Project Firefly.md,notes_codex_annotated,annotated,done,
notes_codex_annotated/Resume.md,notes_codex_annotated,annotated,done,
notes_codex_annotated/Spirituality.md,notes_codex_annotated,annotated,done,
notes_codex_annotated/Untitled 1.md,notes_codex_annotated,annotated,done,
notes_codex_annotated/Untitled 19.md,notes_codex_annotated,annotated,done,
notes_codex_annotated/Untitled 2.md,notes_codex_annotated,annotated,done,
notes_codex_annotated/Untitled 24.md,notes_codex_annotated,annotated,done,
notes_codex_annotated/Untitled 29.md,notes_codex_annotated,annotated,done,
notes_codex_annotated/Untitled 3.md,notes_codex_annotated,annotated,done,
notes_codex_annotated/Untitled 6.md,notes_codex_annotated,annotated,done,
notes_codex_annotated/Untitled 7.md,notes_codex_annotated,annotated,done,
notes_codex_annotated/Untitled 8.md,notes_codex_annotated,annotated,done,
notes_codex_annotated/Untitled 9.md,notes_codex_annotated,annotated,done,
notes_codex_annotated/Untitled.md,notes_codex_annotated,annotated,done,
notes_codex_annotated/budget2.md,notes_codex_annotated,annotated,done,
notes_codex_annotated/comparitive_religion.md,notes_codex_annotated,annotated,done,
notes_codex_annotated/computer notes 11272025.md,notes_codex_annotated,annotated,done,
notes_codex_annotated/gospelofthomasnotes.md,notes_codex_annotated,annotated,done,
notes_codex_annotated/lookup.md,notes_codex_annotated,annotated,done,
notes_codex_annotated/philosopherstone.md,notes_codex_annotated,annotated,done,
notes_codex_annotated/phonesjd.md,notes_codex_annotated,annotated,done,
notes_codex_annotated/piano2.md,notes_codex_annotated,annotated,done,
notes_codex_annotated/profileoverview.txt,notes_codex_annotated,annotated,done,
notes_codex_annotated/projects2.md,notes_codex_annotated,annotated,done,
notes_codex_annotated/quick_notes.md,notes_codex_annotated,annotated,done,
notes_codex_annotated/religion.md,notes_codex_annotated,annotated,done,
notes_codex_annotated/voice_recorder_transcriptions.md,notes_codex_annotated,annotated,done,
notes_codex_annotated/writing/mental health.md,notes_codex_annotated/writing,annotated,done,
notes_codex_annotated/writing/writing test.md,notes_codex_annotated/writing,annotated,done,
notes_codex_annotated/daytracker/daytracker.md,notes_codex_annotated/daytracker,annotated,done,
notes_codex_annotated/daytracker/daytracker_qa_checklist.md,notes_codex_annotated/daytracker,annotated,done,
notes_codex_annotated/daytracker/daytracker_qa_checklist_UI.md,notes_codex_annotated/daytracker,annotated,done,
notes_codex_annotated/tvshow/space oddysey.md,notes_codex_annotated/tvshow,annotated,done,
notes_codex_annotated/tvshow/space oddysey2.md,notes_codex_annotated/tvshow,annotated,done,
notes_codex_annotated/voice_notes/creative_ideas.md,notes_codex_annotated/voice_notes,annotated,done,
notes_codex_annotated/voice_notes/insights.md,notes_codex_annotated/voice_notes,annotated,done,
notes_codex_annotated/voice_notes/lyrics.md,notes_codex_annotated/voice_notes,annotated,done,
notes_codex_annotated/voice_notes/personal_stories.md,notes_codex_annotated/voice_notes,annotated,done,
notes_codex_annotated/voice_notes/quotes.md,notes_codex_annotated/voice_notes,annotated,done,
notes_codex_annotated/voice_notes/reminders.md,notes_codex_annotated/voice_notes,annotated,done,
notes_codex_annotated/voice_notes/song_concepts.md,notes_codex_annotated/voice_notes,annotated,done,
notes_codex_annotated/dreams/dream_analysis.md,notes_codex_annotated/dreams,annotated,done,
notes_codex_annotated/dreams/dreams.md,notes_codex_annotated/dreams,annotated,done,
notes_codex_annotated/untitled_notes/Untitled 1.md,notes_codex_annotated/untitled_notes,annotated,done,
notes_codex_annotated/untitled_notes/Untitled 2.md,notes_codex_annotated/untitled_notes,annotated,done,
notes_codex_annotated/untitled_notes/Untitled 3.md,notes_codex_annotated/untitled_notes,annotated,done,
notes_codex_annotated/untitled_notes/Untitled 4.md,notes_codex_annotated/untitled_notes,annotated,done,
notes_codex_annotated/untitled_notes/Untitled 5.md,notes_codex_annotated/untitled_notes,annotated,done,
notes_codex_annotated/untitled_notes/Untitled 6.md,notes_codex_annotated/untitled_notes,annotated,done,
notes_codex_annotated/untitled_notes/Untitled 7.md,notes_codex_annotated/untitled_notes,annotated,done,
notes_codex_annotated/untitled_notes/Untitled 8.md,notes_codex_annotated/untitled_notes,annotated,done,
notes_codex_annotated/untitled_notes/Untitled.md,notes_codex_annotated/untitled_notes,annotated,done,
notes_codex_annotated/untitled_notes/aispecs.md,notes_codex_annotated/untitled_notes,annotated,done,
notes_codex_annotated/untitled_notes/banglespecs.md,notes_codex_annotated/untitled_notes,annotated,done,
notes_codex_annotated/untitled_notes/morenotes.md,notes_codex_annotated/untitled_notes,annotated,done,
notes_codex_annotated/untitled_notes/uses.md,notes_codex_annotated/untitled_notes,annotated,done,
notes_codex_annotated/organization/Untitled.md,notes_codex_annotated/organization,annotated,done,
notes_codex_annotated/organization/communication.md,notes_codex_annotated/organization,annotated,done,
notes_codex_annotated/organization/external hard drives.md,notes_codex_annotated/organization,annotated,done,
notes_codex_annotated/organization/inventory.md,notes_codex_annotated/organization,annotated,done,
notes_codex_annotated/portugal/Josh_Portugal_Savings_Plan.md,notes_codex_annotated/portugal,annotated,done,
notes_codex_annotated/portugal/Portugal Trip.md,notes_codex_annotated/portugal,annotated,done,
notes_codex_annotated/portugal/checklist.md,notes_codex_annotated/portugal,annotated,done,
notes_codex_annotated/portugal/heldar.md,notes_codex_annotated/portugal,annotated,done,
notes_codex_annotated/portugal/portuguese.md,notes_codex_annotated/portugal,annotated,done,
codex/community/contacts.md,codex/community,codex,done,
codex/community/podcast/Podcast plan.md,codex/community/podcast,codex,done,
codex/community/podcast/podcast.md,codex/community/podcast,codex,done,
codex/community/youtube_project/youtube_project.md,codex/community/youtube_project,codex,done,
codex/lists/quotes.md,codex/lists,codex,done,
codex/lists/lists/movies.md,codex/lists/lists,codex,done,
codex/lists/lists/tv.md,codex/lists/lists,codex,done,
codex/lists/lists/words.md,codex/lists/lists,codex,done,
codex/lists/calendar/event_list.md,codex/lists/calendar,codex,done,
codex/lists/media_watchlist/book_list.md,codex/lists/media_watchlist,codex,done,
codex/lists/media_watchlist/movie_list.md,codex/lists/media_watchlist,codex,done,
codex/lists/media_watchlist/music_list.md,codex/lists/media_watchlist,codex,done,
codex/lists/media_watchlist/podcast_list.md,codex/lists/media_watchlist,codex,done,
codex/lists/media_watchlist/series_list.md,codex/lists/media_watchlist,codex,done,
codex/lists/conversational/conversation_topics.md,codex/lists/conversational,codex,done,
codex/lists/conversational/sayings.md,codex/lists/conversational,codex,done,
codex/lists/ideas/bookidea.md,codex/lists/ideas,codex,done,
codex/lists/ideas/comedy_ideas.md,codex/lists/ideas,codex,done,
codex/lists/ideas/go_through.md,codex/lists/ideas,codex,done,
codex/lists/ideas/ideas 1.md,codex/lists/ideas,codex,done,
codex/lists/ideas/ideas.md,codex/lists/ideas,codex,done,
codex/lists/ideas/comedy_writing_project/comedy_sports_notes_day_1.md,codex/lists/ideas/comedy_writing_project,codex,done,
codex/lists/ideas/comedy_writing_project/the_taking_tree.md,codex/lists/ideas/comedy_writing_project,codex,done,
codex/personal_development/4 steps of mastery.md,codex/personal_development,codex,done,
codex/personal_development/Advice.md,codex/personal_development,codex,done,
codex/personal_development/Associative mindset.md,codex/personal_development,codex,done,
codex/personal_development/Common Pitfalls.md,codex/personal_development,codex,done,
codex/personal_development/Communication.md,codex/personal_development,codex,done,
codex/personal_development/Creative project ideas.md,codex/personal_development,codex,done,
codex/personal_development/Dating.md,codex/personal_development,codex,done,
codex/personal_development/Get over porn.md,codex/personal_development,codex,done,
codex/personal_development/Habit Mastery.md,codex/personal_development,codex,done,
codex/personal_development/Healthy Relationships.md,codex/personal_development,codex,done,
codex/personal_development/Learning.md,codex/personal_development,codex,done,
codex/personal_development/Markdown structure.md,codex/personal_development,codex,done,
codex/personal_development/Notes help.md,codex/personal_development,codex,done,
codex/personal_development/Projects.md,codex/personal_development,codex,done,
codex/personal_development/Routine.md,codex/personal_development,codex,done,
codex/personal_development/Speaking.md,codex/personal_development,codex,done,
codex/personal_development/Time management.md,codex/personal_development,codex,done,
codex/personal_development/opportunity.md,codex/personal_development,codex,done,
codex/personal_development/personal_development.md,codex/personal_development,codex,done,
codex/personal_development/project help.md,codex/personal_development,codex,done,
codex/personal_development/tasks/tasks.md,codex/personal_development/tasks,codex,done,
codex/personal_development/tasks/todo.md,codex/personal_development/tasks,codex,done,
codex/personal_development/writing/writing 1.md,codex/personal_development/writing,codex,done,
codex/personal_development/writing/writing.md,codex/personal_development/writing,codex,done,
codex/personal_development/org_plan/Org plan.md,codex/personal_development/org_plan,codex,done,
codex/personal_development/org_plan/Organization Plan.md,codex/personal_development/org_plan,codex,done,
codex/personal_development/org_plan/Organization plandd.md,codex/personal_development/org_plan,codex,done,
codex/personal_development/org_plan/organization 1.md,codex/personal_development/org_plan,codex,done,
codex/personal_development/org_plan/organization 2.md,codex/personal_development/org_plan,codex,done,
codex/personal_development/org_plan/organization.md,codex/personal_development/org_plan,codex,done,
codex/personal_development/schedule/schedule_planning_project/Begin and end of day 3min journal 1.md,codex/personal_development/schedule/schedule_planning_project,codex,done,
codex/personal_development/schedule/schedule_planning_project/Better Than Anything Notes 1.md,codex/personal_development/schedule/schedule_planning_project,codex,done,
codex/personal_development/schedule/schedule_planning_project/Exercise Routine 1.md,codex/personal_development/schedule/schedule_planning_project,codex,done,
codex/personal_development/schedule/schedule_planning_project/IRL Character Sheet 1.md,codex/personal_development/schedule/schedule_planning_project,codex,done,
codex/personal_development/schedule/schedule_planning_project/Make pomodoro plans with habits in between 1.md,codex/personal_development/schedule/schedule_planning_project,codex,done,
"codex/personal_development/schedule/schedule_planning_project/Practice Pomodoros, taking breaks, and morning aft.md",codex/personal_development/schedule/schedule_planning_project,codex,done,
codex/personal_development/schedule/schedule_planning_project/Tasks a7b626e2e5d14fcf83d20bc05e112272.csv,codex/personal_development/schedule/schedule_planning_project,codex,skipped,non-text file
codex/personal_development/schedule/schedule_planning_project/Time tracking 1.md,codex/personal_development/schedule/schedule_planning_project,codex,done,
codex/personal_development/schedule/schedule_planning_project/daily_log-5.pdf,codex/personal_development/schedule/schedule_planning_project,codex,skipped,non-text file
codex/personal_development/schedule/schedule_planning_project/daily_log.pdf,codex/personal_development/schedule/schedule_planning_project,codex,skipped,non-text file
codex/personal_development/schedule/schedule_planning_project/daily_log_01_29_18.docx,codex/personal_development/schedule/schedule_planning_project,codex,skipped,non-text file
codex/personal_development/schedule/schedule_planning_project/daily_log_01_30_18.docx,codex/personal_development/schedule/schedule_planning_project,codex,skipped,non-text file
codex/personal_development/schedule/schedule_planning_project/daily_log_01_31_18.docx,codex/personal_development/schedule/schedule_planning_project,codex,skipped,non-text file
codex/personal_development/schedule/schedule_planning_project/daily_log_edited.docx,codex/personal_development/schedule/schedule_planning_project,codex,skipped,non-text file
codex/personal_development/schedule/schedule_planning_project/daily_log_edited.pdf,codex/personal_development/schedule/schedule_planning_project,codex,skipped,non-text file
codex/personal_development/schedule/schedule_planning_project/enter what i do after each pomodoro → time trackin.md,codex/personal_development/schedule/schedule_planning_project,codex,done,
codex/personal_development/schedule/schedule_planning_project/goals.md,codex/personal_development/schedule/schedule_planning_project,codex,done,
codex/personal_development/schedule/schedule_planning_project/habit.md,codex/personal_development/schedule/schedule_planning_project,codex,done,
codex/personal_development/schedule/schedule_planning_project/productiviry.md,codex/personal_development/schedule/schedule_planning_project,codex,done,
codex/personal_development/schedule/schedule_planning_project/routine 1.md,codex/personal_development/schedule/schedule_planning_project,codex,done,
codex/personal_development/schedule/schedule_planning_project/routine.md,codex/personal_development/schedule/schedule_planning_project,codex,done,
codex/personal_development/schedule/schedule_planning_project/schedule.md,codex/personal_development/schedule/schedule_planning_project,codex,done,
codex/personal_development/schedule/schedule_planning_project/scheduling_planning_project.md,codex/personal_development/schedule/schedule_planning_project,codex,done,
codex/personal_development/schedule/schedule_planning_project/IRL Character Sheet 1/0HwqqR3zpHWSyCEaSvXwzv4rSFMRb_Xs2kHwVmhg91I.jpg,codex/personal_development/schedule/schedule_planning_project/IRL Character Sheet 1,codex,skipped,non-text file
codex/personal_development/schedule/schedule_planning_project/Exercise Routine 1/Archive.md,codex/personal_development/schedule/schedule_planning_project/Exercise Routine 1,codex,done,
codex/personal_development/schedule/schedule_planning_project/Exercise Routine 1/Goals! 00374203af774708919cfb9322bdda3b.csv,codex/personal_development/schedule/schedule_planning_project/Exercise Routine 1,codex,skipped,non-text file
codex/personal_development/schedule/schedule_planning_project/Exercise Routine 1/Habit Tracker 28ca8ca446594faeaf832384e6bb7439.csv,codex/personal_development/schedule/schedule_planning_project/Exercise Routine 1,codex,skipped,non-text file
codex/personal_development/schedule/schedule_planning_project/Exercise Routine 1/Habit Tracker c73b4cf7e05547d3b5114340902b3770.csv,codex/personal_development/schedule/schedule_planning_project/Exercise Routine 1,codex,skipped,non-text file
codex/personal_development/schedule/schedule_planning_project/Exercise Routine 1/Goals!/Bands.md,codex/personal_development/schedule/schedule_planning_project/Exercise Routine 1/Goals!,codex,done,
codex/personal_development/schedule/schedule_planning_project/Exercise Routine 1/Goals!/Pushups and situps.md,codex/personal_development/schedule/schedule_planning_project/Exercise Routine 1/Goals!,codex,done,
codex/personal_development/schedule/schedule_planning_project/Exercise Routine 1/Goals!/Swimming.md,codex/personal_development/schedule/schedule_planning_project/Exercise Routine 1/Goals!,codex,done,
codex/personal_development/schedule/schedule_planning_project/Exercise Routine 1/Goals!/Yoga.md,codex/personal_development/schedule/schedule_planning_project/Exercise Routine 1/Goals!,codex,done,
codex/personal_development/schedule/schedule_planning_project/Exercise Routine 1/Habit Tracker/Bands.md,codex/personal_development/schedule/schedule_planning_project/Exercise Routine 1/Habit Tracker,codex,done,
codex/personal_development/schedule/schedule_planning_project/Exercise Routine 1/Habit Tracker/🏊🏻‍♂️ Swim.md,codex/personal_development/schedule/schedule_planning_project/Exercise Routine 1/Habit Tracker,codex,done,
codex/personal_development/schedule/schedule_planning_project/Exercise Routine 1/Habit Tracker/💪 Pushups situps.md,codex/personal_development/schedule/schedule_planning_project/Exercise Routine 1/Habit Tracker,codex,done,
codex/personal_development/schedule/schedule_planning_project/Exercise Routine 1/Habit Tracker/🧘🏼‍♂️ Yoga.md,codex/personal_development/schedule/schedule_planning_project/Exercise Routine 1/Habit Tracker,codex,done,
codex/personal_development/schedule/schedule_planning_project/Exercise Routine 1/Habit Tracker c73b4cf7e05547d3b5114340902b3770/Bands.md,codex/personal_development/schedule/schedule_planning_project/Exercise Routine 1/Habit Tracker c73b4cf7e05547d3b5114340902b3770,codex,done,
codex/personal_development/schedule/schedule_planning_project/Exercise Routine 1/Habit Tracker c73b4cf7e05547d3b5114340902b3770/🏊🏻‍♂️ Swim.md,codex/personal_development/schedule/schedule_planning_project/Exercise Routine 1/Habit Tracker c73b4cf7e05547d3b5114340902b3770,codex,done,
codex/personal_development/schedule/schedule_planning_project/Exercise Routine 1/Habit Tracker c73b4cf7e05547d3b5114340902b3770/💪 Pushups situps.md,codex/personal_development/schedule/schedule_planning_project/Exercise Routine 1/Habit Tracker c73b4cf7e05547d3b5114340902b3770,codex,done,
codex/personal_development/schedule/schedule_planning_project/Exercise Routine 1/Habit Tracker c73b4cf7e05547d3b5114340902b3770/🧘🏼‍♂️ Yoga.md,codex/personal_development/schedule/schedule_planning_project/Exercise Routine 1/Habit Tracker c73b4cf7e05547d3b5114340902b3770,codex,done,
codex/personal_development/schedule/schedule_planning_project/Tasks/(for hub app) create block based system Start out.md,codex/personal_development/schedule/schedule_planning_project/Tasks,codex,done,
codex/personal_development/schedule/schedule_planning_project/Tasks/(hub app) combine content blocks to make a list bl.md,codex/personal_development/schedule/schedule_planning_project/Tasks,codex,done,
codex/personal_development/schedule/schedule_planning_project/Tasks/12 Martial Studies Drilling to Attain Skill (練功).md,codex/personal_development/schedule/schedule_planning_project/Tasks,codex,done,
codex/personal_development/schedule/schedule_planning_project/Tasks/12 Martial Studies Energy Practice (氣功).md,codex/personal_development/schedule/schedule_planning_project/Tasks,codex,done,
codex/personal_development/schedule/schedule_planning_project/Tasks/12 Martial Studies Etiquette (禮儀).md,codex/personal_development/schedule/schedule_planning_project/Tasks,codex,done,
codex/personal_development/schedule/schedule_planning_project/Tasks/12 Martial Studies Fighting Theory (拳理).md,codex/personal_development/schedule/schedule_planning_project/Tasks,codex,done,
codex/personal_development/schedule/schedule_planning_project/Tasks/12 Martial Studies Free Fighting (散手).md,codex/personal_development/schedule/schedule_planning_project/Tasks,codex,done,
codex/personal_development/schedule/schedule_planning_project/Tasks/12 Martial Studies History (歷史).md,codex/personal_development/schedule/schedule_planning_project/Tasks,codex,done,
codex/personal_development/schedule/schedule_planning_project/Tasks/12 Martial Studies Lion Dancing (舞獅).md,codex/personal_development/schedule/schedule_planning_project/Tasks,codex,done,
codex/personal_development/schedule/schedule_planning_project/Tasks/12 Martial Studies Partner Practice (對練).md,codex/personal_development/schedule/schedule_planning_project/Tasks,codex,done,
codex/personal_development/schedule/schedule_planning_project/Tasks/12 Martial Studies Self-defense (自衛).md,codex/personal_development/schedule/schedule_planning_project/Tasks,codex,done,
codex/personal_development/schedule/schedule_planning_project/Tasks/12 Martial Studies Solo Training (獨練).md,codex/personal_development/schedule/schedule_planning_project/Tasks,codex,done,
codex/personal_development/schedule/schedule_planning_project/Tasks/12 Martial Studies Weapon Training (兵器).md,codex/personal_development/schedule/schedule_planning_project/Tasks,codex,done,
codex/personal_development/schedule/schedule_planning_project/Tasks/12 Martial Studies “Fall and Hit” Healing (跌打).md,codex/personal_development/schedule/schedule_planning_project/Tasks,codex,done,
codex/personal_development/schedule/schedule_planning_project/Tasks/8 Hours of Sleep.md,codex/personal_development/schedule/schedule_planning_project/Tasks,codex,done,
codex/personal_development/schedule/schedule_planning_project/Tasks/Add way to easily enter in finances.md,codex/personal_development/schedule/schedule_planning_project/Tasks,codex,done,
codex/personal_development/schedule/schedule_planning_project/Tasks/App for deleting sorting friends.md,codex/personal_development/schedule/schedule_planning_project/Tasks,codex,done,
codex/personal_development/schedule/schedule_planning_project/Tasks/Associated bank.md,codex/personal_development/schedule/schedule_planning_project/Tasks,codex,done,
codex/personal_development/schedule/schedule_planning_project/Tasks/Bei Shaolinquan Intermediate Class Thu 6 30pm -7 3.md,codex/personal_development/schedule/schedule_planning_project/Tasks,codex,done,
codex/personal_development/schedule/schedule_planning_project/Tasks/Bei Shaolinquan Intermediate Class Tue 6 30pm - 7.md,codex/personal_development/schedule/schedule_planning_project/Tasks,codex,done,
codex/personal_development/schedule/schedule_planning_project/Tasks/Bei Shaolinquan Mixed Class Sat 1pm - 2pm.md,codex/personal_development/schedule/schedule_planning_project/Tasks,codex,done,
codex/personal_development/schedule/schedule_planning_project/Tasks/Break down budget into days Easier to digest.md,codex/personal_development/schedule/schedule_planning_project/Tasks,codex,done,
codex/personal_development/schedule/schedule_planning_project/Tasks/Break up functions in my notion tasks.md,codex/personal_development/schedule/schedule_planning_project/Tasks,codex,done,
codex/personal_development/schedule/schedule_planning_project/Tasks/Brush Teeth.md,codex/personal_development/schedule/schedule_planning_project/Tasks,codex,done,
codex/personal_development/schedule/schedule_planning_project/Tasks/Build app that makes immigration process easier.md,codex/personal_development/schedule/schedule_planning_project/Tasks,codex,done,
codex/personal_development/schedule/schedule_planning_project/Tasks/Chage all passwords Last Pass.md,codex/personal_development/schedule/schedule_planning_project/Tasks,codex,done,
codex/personal_development/schedule/schedule_planning_project/Tasks/Change Litter.md,codex/personal_development/schedule/schedule_planning_project/Tasks,codex,done,
codex/personal_development/schedule/schedule_planning_project/Tasks/Changed Clothes.md,codex/personal_development/schedule/schedule_planning_project/Tasks,codex,done,
codex/personal_development/schedule/schedule_planning_project/Tasks/Check out Ice App.md,codex/personal_development/schedule/schedule_planning_project/Tasks,codex,done,
codex/personal_development/schedule/schedule_planning_project/Tasks/Clean - Mind.md,codex/personal_development/schedule/schedule_planning_project/Tasks,codex,done,
codex/personal_development/schedule/schedule_planning_project/Tasks/Clean - Tech.md,codex/personal_development/schedule/schedule_planning_project/Tasks,codex,done,
codex/personal_development/schedule/schedule_planning_project/Tasks/Clean Glasses.md,codex/personal_development/schedule/schedule_planning_project/Tasks,codex,done,
codex/personal_development/schedule/schedule_planning_project/Tasks/Clean out litter box.md,codex/personal_development/schedule/schedule_planning_project/Tasks,codex,done,
codex/personal_development/schedule/schedule_planning_project/Tasks/Computer Programming Course MIT.md,codex/personal_development/schedule/schedule_planning_project/Tasks,codex,done,
codex/personal_development/schedule/schedule_planning_project/Tasks/Condense and record down accounts.md,codex/personal_development/schedule/schedule_planning_project/Tasks,codex,done,
codex/personal_development/schedule/schedule_planning_project/Tasks/Condense box of memories.md,codex/personal_development/schedule/schedule_planning_project/Tasks,codex,done,
codex/personal_development/schedule/schedule_planning_project/Tasks/Connect Notion to Google home.md,codex/personal_development/schedule/schedule_planning_project/Tasks,codex,done,
codex/personal_development/schedule/schedule_planning_project/Tasks/Connect all social media accounts.md,codex/personal_development/schedule/schedule_planning_project/Tasks,codex,done,
codex/personal_development/schedule/schedule_planning_project/Tasks/Cool Visual ( I didn’t make this tho).md,codex/personal_development/schedule/schedule_planning_project/Tasks,codex,done,
codex/personal_development/schedule/schedule_planning_project/Tasks/Create a new log or vlog with updates to each proj.md,codex/personal_development/schedule/schedule_planning_project/Tasks,codex,done,
codex/personal_development/schedule/schedule_planning_project/Tasks/Create default log.md,codex/personal_development/schedule/schedule_planning_project/Tasks,codex,done,
codex/personal_development/schedule/schedule_planning_project/Tasks/Create default project pages.md,codex/personal_development/schedule/schedule_planning_project/Tasks,codex,done,
codex/personal_development/schedule/schedule_planning_project/Tasks/Cut Nails.md,codex/personal_development/schedule/schedule_planning_project/Tasks,codex,done,
codex/personal_development/schedule/schedule_planning_project/Tasks/Da Vinci Development.md,codex/personal_development/schedule/schedule_planning_project/Tasks,codex,done,
codex/personal_development/schedule/schedule_planning_project/Tasks/Deep Clean.md,codex/personal_development/schedule/schedule_planning_project/Tasks,codex,done,
codex/personal_development/schedule/schedule_planning_project/Tasks/Dishes.md,codex/personal_development/schedule/schedule_planning_project/Tasks,codex,done,
"codex/personal_development/schedule/schedule_planning_project/Tasks/Do internet wide data cleanup of my emails, userna.md",codex/personal_development/schedule/schedule_planning_project/Tasks,codex,done,
codex/personal_development/schedule/schedule_planning_project/Tasks/Download all financial data.md,codex/personal_development/schedule/schedule_planning_project/Tasks,codex,done,
codex/personal_development/schedule/schedule_planning_project/Tasks/Download books onto phone and use speed reading ap.md,codex/personal_development/schedule/schedule_planning_project/Tasks,codex,done,
codex/personal_development/schedule/schedule_planning_project/Tasks/Drink Water.md,codex/personal_development/schedule/schedule_planning_project/Tasks,codex,done,
codex/personal_development/schedule/schedule_planning_project/Tasks/Edit button for Sifu (sends user to edit content p.md,codex/personal_development/schedule/schedule_planning_project/Tasks,codex,done,
codex/personal_development/schedule/schedule_planning_project/Tasks/Facebook events to Google calendar.md,codex/personal_development/schedule/schedule_planning_project/Tasks,codex,done,
codex/personal_development/schedule/schedule_planning_project/Tasks/Feed Cats.md,codex/personal_development/schedule/schedule_planning_project/Tasks,codex,done,
codex/personal_development/schedule/schedule_planning_project/Tasks/Find higher res images.md,codex/personal_development/schedule/schedule_planning_project/Tasks,codex,done,
codex/personal_development/schedule/schedule_planning_project/Tasks/Fix addresses on all accounts.md,codex/personal_development/schedule/schedule_planning_project/Tasks,codex,done,
codex/personal_development/schedule/schedule_planning_project/Tasks/Fix online presence.md,codex/personal_development/schedule/schedule_planning_project/Tasks,codex,done,
codex/personal_development/schedule/schedule_planning_project/Tasks/Foot issue.md,codex/personal_development/schedule/schedule_planning_project/Tasks,codex,done,
codex/personal_development/schedule/schedule_planning_project/Tasks/Get Server back up and running.md,codex/personal_development/schedule/schedule_planning_project/Tasks,codex,done,
codex/personal_development/schedule/schedule_planning_project/Tasks/Get a bulldog and name him Old Bill.md,codex/personal_development/schedule/schedule_planning_project/Tasks,codex,done,
codex/personal_development/schedule/schedule_planning_project/Tasks/Get into entrepreneurship.md,codex/personal_development/schedule/schedule_planning_project/Tasks,codex,done,
"codex/personal_development/schedule/schedule_planning_project/Tasks/Go through book list and add in if read or not, if.md",codex/personal_development/schedule/schedule_planning_project/Tasks,codex,done,
codex/personal_development/schedule/schedule_planning_project/Tasks/High Quality Slide Images.md,codex/personal_development/schedule/schedule_planning_project/Tasks,codex,done,
codex/personal_development/schedule/schedule_planning_project/Tasks/Implement Data Back Up.md,codex/personal_development/schedule/schedule_planning_project/Tasks,codex,done,
"codex/personal_development/schedule/schedule_planning_project/Tasks/Jim Rohn “How to keep a journal”, Alan Watts, and.md",codex/personal_development/schedule/schedule_planning_project/Tasks,codex,done,
codex/personal_development/schedule/schedule_planning_project/Tasks/Join Page.md,codex/personal_development/schedule/schedule_planning_project/Tasks,codex,done,
codex/personal_development/schedule/schedule_planning_project/Tasks/Laundry.md,codex/personal_development/schedule/schedule_planning_project/Tasks,codex,done,
codex/personal_development/schedule/schedule_planning_project/Tasks/Le Tai Sanda Class Mon 8pm - 9pm.md,codex/personal_development/schedule/schedule_planning_project/Tasks,codex,done,
codex/personal_development/schedule/schedule_planning_project/Tasks/Le Tai Sanda Class Thu 9pm - 10pm.md,codex/personal_development/schedule/schedule_planning_project/Tasks,codex,done,
codex/personal_development/schedule/schedule_planning_project/Tasks/Le Tai Sanda Class Tue 9pm - 10pm.md,codex/personal_development/schedule/schedule_planning_project/Tasks,codex,done,
codex/personal_development/schedule/schedule_planning_project/Tasks/Look up high rep strategies.md,codex/personal_development/schedule/schedule_planning_project/Tasks,codex,done,
codex/personal_development/schedule/schedule_planning_project/Tasks/Look up meal preps get nutrition help.md,codex/personal_development/schedule/schedule_planning_project/Tasks,codex,done,
codex/personal_development/schedule/schedule_planning_project/Tasks/Looks up meaning of Confucius values.md,codex/personal_development/schedule/schedule_planning_project/Tasks,codex,done,
codex/personal_development/schedule/schedule_planning_project/Tasks/Make Mobile friendly.md,codex/personal_development/schedule/schedule_planning_project/Tasks,codex,done,
codex/personal_development/schedule/schedule_planning_project/Tasks/Make Podcast plans.md,codex/personal_development/schedule/schedule_planning_project/Tasks,codex,done,
codex/personal_development/schedule/schedule_planning_project/Tasks/Make Watch locker.md,codex/personal_development/schedule/schedule_planning_project/Tasks,codex,done,
"codex/personal_development/schedule/schedule_planning_project/Tasks/Make a process for setting up a daily plan, weekly.md",codex/personal_development/schedule/schedule_planning_project/Tasks,codex,done,
codex/personal_development/schedule/schedule_planning_project/Tasks/Make a reading list based off of my library.md,codex/personal_development/schedule/schedule_planning_project/Tasks,codex,done,
codex/personal_development/schedule/schedule_planning_project/Tasks/Make blog.md,codex/personal_development/schedule/schedule_planning_project/Tasks,codex,done,
codex/personal_development/schedule/schedule_planning_project/Tasks/Make categorical email system.md,codex/personal_development/schedule/schedule_planning_project/Tasks,codex,done,
codex/personal_development/schedule/schedule_planning_project/Tasks/Make routines for google home.md,codex/personal_development/schedule/schedule_planning_project/Tasks,codex,done,
codex/personal_development/schedule/schedule_planning_project/Tasks/Memory Training.md,codex/personal_development/schedule/schedule_planning_project/Tasks,codex,done,
codex/personal_development/schedule/schedule_planning_project/Tasks/Monitor Blog posts database in Notion to point to.md,codex/personal_development/schedule/schedule_planning_project/Tasks,codex,done,
codex/personal_development/schedule/schedule_planning_project/Tasks/Name plans after ridiculous things to remember the.md,codex/personal_development/schedule/schedule_planning_project/Tasks,codex,done,
codex/personal_development/schedule/schedule_planning_project/Tasks/No alcohol.md,codex/personal_development/schedule/schedule_planning_project/Tasks,codex,done,
codex/personal_development/schedule/schedule_planning_project/Tasks/No cigs.md,codex/personal_development/schedule/schedule_planning_project/Tasks,codex,done,
codex/personal_development/schedule/schedule_planning_project/Tasks/No energy drinks.md,codex/personal_development/schedule/schedule_planning_project/Tasks,codex,done,
codex/personal_development/schedule/schedule_planning_project/Tasks/Order contacts.md,codex/personal_development/schedule/schedule_planning_project/Tasks,codex,done,
codex/personal_development/schedule/schedule_planning_project/Tasks/Organize File system.md,codex/personal_development/schedule/schedule_planning_project/Tasks,codex,done,
codex/personal_development/schedule/schedule_planning_project/Tasks/Organize cords and junk.md,codex/personal_development/schedule/schedule_planning_project/Tasks,codex,done,
codex/personal_development/schedule/schedule_planning_project/Tasks/Organize music.md,codex/personal_development/schedule/schedule_planning_project/Tasks,codex,done,
codex/personal_development/schedule/schedule_planning_project/Tasks/Organize wishlist.md,codex/personal_development/schedule/schedule_planning_project/Tasks,codex,done,
codex/personal_development/schedule/schedule_planning_project/Tasks/Pickup Home.md,codex/personal_development/schedule/schedule_planning_project/Tasks,codex,done,
codex/personal_development/schedule/schedule_planning_project/Tasks/Pomodoro Technique.md,codex/personal_development/schedule/schedule_planning_project/Tasks,codex,done,
codex/personal_development/schedule/schedule_planning_project/Tasks/Populate History.md,codex/personal_development/schedule/schedule_planning_project/Tasks,codex,done,
codex/personal_development/schedule/schedule_planning_project/Tasks/Populate News.md,codex/personal_development/schedule/schedule_planning_project/Tasks,codex,done,
codex/personal_development/schedule/schedule_planning_project/Tasks/Populate Schools.md,codex/personal_development/schedule/schedule_planning_project/Tasks,codex,done,
codex/personal_development/schedule/schedule_planning_project/Tasks/Populate media from pictures on facebook.md,codex/personal_development/schedule/schedule_planning_project/Tasks,codex,done,
codex/personal_development/schedule/schedule_planning_project/Tasks/Purchase external camera for recording.md,codex/personal_development/schedule/schedule_planning_project/Tasks,codex,done,
codex/personal_development/schedule/schedule_planning_project/Tasks/React boilerplate.md,codex/personal_development/schedule/schedule_planning_project/Tasks,codex,done,
codex/personal_development/schedule/schedule_planning_project/Tasks/Reading.md,codex/personal_development/schedule/schedule_planning_project/Tasks,codex,done,
codex/personal_development/schedule/schedule_planning_project/Tasks/Record Voter information in Notion.md,codex/personal_development/schedule/schedule_planning_project/Tasks,codex,done,
codex/personal_development/schedule/schedule_planning_project/Tasks/Remove the blue highlight from the page links.md,codex/personal_development/schedule/schedule_planning_project/Tasks,codex,done,
codex/personal_development/schedule/schedule_planning_project/Tasks/Remove wordpress front end site.md,codex/personal_development/schedule/schedule_planning_project/Tasks,codex,done,
codex/personal_development/schedule/schedule_planning_project/Tasks/Reorganize CSS.md,codex/personal_development/schedule/schedule_planning_project/Tasks,codex,done,
codex/personal_development/schedule/schedule_planning_project/Tasks/Replace common username.md,codex/personal_development/schedule/schedule_planning_project/Tasks,codex,done,
codex/personal_development/schedule/schedule_planning_project/Tasks/Replace face Mona Lisa painting.md,codex/personal_development/schedule/schedule_planning_project/Tasks,codex,done,
codex/personal_development/schedule/schedule_planning_project/Tasks/Restore Synology Drive.md,codex/personal_development/schedule/schedule_planning_project/Tasks,codex,done,
codex/personal_development/schedule/schedule_planning_project/Tasks/Sar Ping Lion Dance Class 2pm - 4pm.md,codex/personal_development/schedule/schedule_planning_project/Tasks,codex,done,
codex/personal_development/schedule/schedule_planning_project/Tasks/Sar Ping Lion Dance Practice.md,codex/personal_development/schedule/schedule_planning_project/Tasks,codex,done,
codex/personal_development/schedule/schedule_planning_project/Tasks/Search functionality.md,codex/personal_development/schedule/schedule_planning_project/Tasks,codex,done,
codex/personal_development/schedule/schedule_planning_project/Tasks/Sell laptop.md,codex/personal_development/schedule/schedule_planning_project/Tasks,codex,done,
codex/personal_development/schedule/schedule_planning_project/Tasks/Shower.md,codex/personal_development/schedule/schedule_planning_project/Tasks,codex,done,
codex/personal_development/schedule/schedule_planning_project/Tasks/Smart Home Company.md,codex/personal_development/schedule/schedule_planning_project/Tasks,codex,done,
codex/personal_development/schedule/schedule_planning_project/Tasks/Smell Nice.md,codex/personal_development/schedule/schedule_planning_project/Tasks,codex,done,
codex/personal_development/schedule/schedule_planning_project/Tasks/Strength and Conditioning Class Tue 8pm - 9pm.md,codex/personal_development/schedule/schedule_planning_project/Tasks,codex,done,
codex/personal_development/schedule/schedule_planning_project/Tasks/Studying.md,codex/personal_development/schedule/schedule_planning_project/Tasks,codex,done,
"codex/personal_development/schedule/schedule_planning_project/Tasks/Subject Learning templates (Questions, watch overv.md",codex/personal_development/schedule/schedule_planning_project/Tasks,codex,done,
codex/personal_development/schedule/schedule_planning_project/Tasks/Tablet for Mom.md,codex/personal_development/schedule/schedule_planning_project/Tasks,codex,done,
codex/personal_development/schedule/schedule_planning_project/Tasks/Take Inventory.md,codex/personal_development/schedule/schedule_planning_project/Tasks,codex,done,
codex/personal_development/schedule/schedule_planning_project/Tasks/Takeout Trash.md,codex/personal_development/schedule/schedule_planning_project/Tasks,codex,done,
codex/personal_development/schedule/schedule_planning_project/Tasks/Taulu Chū Jí Dān Dāo (初级單刀) - Basic Broadsword.md,codex/personal_development/schedule/schedule_planning_project/Tasks,codex,done,
codex/personal_development/schedule/schedule_planning_project/Tasks/Taulu Class Sat 11am - 12 30pm.md,codex/personal_development/schedule/schedule_planning_project/Tasks,codex,done,
codex/personal_development/schedule/schedule_planning_project/Tasks/Taulu Duǎn Dǎ (短打) - Shaolin Set 6 “Short Fight”.md,codex/personal_development/schedule/schedule_planning_project/Tasks,codex,done,
codex/personal_development/schedule/schedule_planning_project/Tasks/Taulu Liàn Bù Quán (練步拳) - Practice Step Fist.md,codex/personal_development/schedule/schedule_planning_project/Tasks,codex,done,
codex/personal_development/schedule/schedule_planning_project/Tasks/Taulu Miu Tui Shi - Crazy Leg Skill.md,codex/personal_development/schedule/schedule_planning_project/Tasks,codex,done,
codex/personal_development/schedule/schedule_planning_project/Tasks/Taulu Practice Thu 7 30pm - 8pm.md,codex/personal_development/schedule/schedule_planning_project/Tasks,codex,done,
codex/personal_development/schedule/schedule_planning_project/Tasks/Taulu Practice Tue 7 30pm - 8pm.md,codex/personal_development/schedule/schedule_planning_project/Tasks,codex,done,
codex/personal_development/schedule/schedule_planning_project/Tasks/Taulu Shí Èr Lù Tàn Tuǐ (十二路彈腿) - Snapping Ki.md,codex/personal_development/schedule/schedule_planning_project/Tasks,codex,done,
codex/personal_development/schedule/schedule_planning_project/Tasks/Taulu Xiǎo Huā Gùn ( 小花棍) - Small Flower Staff.md,codex/personal_development/schedule/schedule_planning_project/Tasks,codex,done,
codex/personal_development/schedule/schedule_planning_project/Tasks/Taxes.md,codex/personal_development/schedule/schedule_planning_project/Tasks,codex,done,
codex/personal_development/schedule/schedule_planning_project/Tasks/Test out different screens.md,codex/personal_development/schedule/schedule_planning_project/Tasks,codex,done,
codex/personal_development/schedule/schedule_planning_project/Tasks/Trim Hair.md,codex/personal_development/schedule/schedule_planning_project/Tasks,codex,done,
codex/personal_development/schedule/schedule_planning_project/Tasks/Update passwords on all accounts.md,codex/personal_development/schedule/schedule_planning_project/Tasks,codex,done,
codex/personal_development/schedule/schedule_planning_project/Tasks/Update voter information with new address.md,codex/personal_development/schedule/schedule_planning_project/Tasks,codex,done,
codex/personal_development/schedule/schedule_planning_project/Tasks/Use Mouthwash.md,codex/personal_development/schedule/schedule_planning_project/Tasks,codex,done,
codex/personal_development/schedule/schedule_planning_project/Tasks/Wash Hair.md,codex/personal_development/schedule/schedule_planning_project/Tasks,codex,done,
codex/personal_development/schedule/schedule_planning_project/Tasks/Write a journal log for the day and then practice.md,codex/personal_development/schedule/schedule_planning_project/Tasks,codex,done,
codex/personal_development/schedule/schedule_planning_project/Tasks/Write down debt.md,codex/personal_development/schedule/schedule_planning_project/Tasks,codex,done,
codex/personal_development/schedule/schedule_planning_project/Tasks/Write down who I am.md,codex/personal_development/schedule/schedule_planning_project/Tasks,codex,done,
"codex/personal_development/schedule/schedule_planning_project/Tasks/Write letter to parents, explanation for Christmas.md",codex/personal_development/schedule/schedule_planning_project/Tasks,codex,done,
codex/personal_development/schedule/schedule_planning_project/Tasks/Writing in Journal.md,codex/personal_development/schedule/schedule_planning_project/Tasks,codex,done,
codex/personal_development/schedule/schedule_planning_project/Tasks/[GUIDE] Fully remote control Shield TV Fire TV fro.md,codex/personal_development/schedule/schedule_planning_project/Tasks,codex,done,
codex/personal_development/schedule/schedule_planning_project/Tasks/build stock footage.md,codex/personal_development/schedule/schedule_planning_project/Tasks,codex,done,
codex/personal_development/schedule/schedule_planning_project/Tasks/duolingo type learning daily.md,codex/personal_development/schedule/schedule_planning_project/Tasks,codex,done,
codex/personal_development/schedule/schedule_planning_project/Tasks/fisheye lens View.md,codex/personal_development/schedule/schedule_planning_project/Tasks,codex,done,
codex/personal_development/schedule/schedule_planning_project/Tasks/fisheye to Legends Field.md,codex/personal_development/schedule/schedule_planning_project/Tasks,codex,done,
codex/personal_development/schedule/schedule_planning_project/Tasks/flash cards.md,codex/personal_development/schedule/schedule_planning_project/Tasks,codex,done,
codex/personal_development/schedule/schedule_planning_project/Tasks/get website back up for Sifu.md,codex/personal_development/schedule/schedule_planning_project/Tasks,codex,done,
codex/personal_development/schedule/schedule_planning_project/Tasks/go through followers and followings on Twitter and.md,codex/personal_development/schedule/schedule_planning_project/Tasks,codex,done,
"codex/personal_development/schedule/schedule_planning_project/Tasks/google photos, tagging, facial recognition.md",codex/personal_development/schedule/schedule_planning_project/Tasks,codex,done,
codex/personal_development/schedule/schedule_planning_project/Tasks/hook up Facebook with twitter ittt.md,codex/personal_development/schedule/schedule_planning_project/Tasks,codex,done,
codex/personal_development/schedule/schedule_planning_project/Tasks/https insightmadison com.md,codex/personal_development/schedule/schedule_planning_project/Tasks,codex,done,
codex/personal_development/schedule/schedule_planning_project/Tasks/look up infograph on pragmatic programmer.md,codex/personal_development/schedule/schedule_planning_project/Tasks,codex,done,
codex/personal_development/schedule/schedule_planning_project/Tasks/look up short cuts for notion.md,codex/personal_development/schedule/schedule_planning_project/Tasks,codex,done,
codex/personal_development/schedule/schedule_planning_project/Tasks/make Shield pause When I Leave the Room.md,codex/personal_development/schedule/schedule_planning_project/Tasks,codex,done,
codex/personal_development/schedule/schedule_planning_project/Tasks/make dashboard website for messaging information.md,codex/personal_development/schedule/schedule_planning_project/Tasks,codex,done,
codex/personal_development/schedule/schedule_planning_project/Tasks/make document locks look like.md,codex/personal_development/schedule/schedule_planning_project/Tasks,codex,done,
codex/personal_development/schedule/schedule_planning_project/Tasks/make list of things I can do for parents.md,codex/personal_development/schedule/schedule_planning_project/Tasks,codex,done,
codex/personal_development/schedule/schedule_planning_project/Tasks/make media blocks.md,codex/personal_development/schedule/schedule_planning_project/Tasks,codex,done,
codex/personal_development/schedule/schedule_planning_project/Tasks/make notion web extension that saves browser tabs.md,codex/personal_development/schedule/schedule_planning_project/Tasks,codex,done,
codex/personal_development/schedule/schedule_planning_project/Tasks/put together an experimental plan to switch to an.md,codex/personal_development/schedule/schedule_planning_project/Tasks,codex,done,
codex/personal_development/schedule/schedule_planning_project/Tasks/set up monitoring system to tasks database that tw.md,codex/personal_development/schedule/schedule_planning_project/Tasks,codex,done,
"codex/personal_development/schedule/schedule_planning_project/Tasks/Tablet for Mom/Amazon com Lenovo Tab 4, 8 Android Tablet, Quad-Co.md",codex/personal_development/schedule/schedule_planning_project/Tasks/Tablet for Mom,codex,done,
codex/personal_development/schedule/schedule_planning_project/Tasks/Tablet for Mom/The 10 Best Tablets For Seniors in 2020 - Assisted.md,codex/personal_development/schedule/schedule_planning_project/Tasks/Tablet for Mom,codex,done,
"codex/personal_development/schedule/schedule_planning_project/Tasks/Tablet for Mom/Amazon com Lenovo Tab 4, 8 Android Tablet, Quad-Co/616Ru7nv5RL._AC_SX425_.jpg","codex/personal_development/schedule/schedule_planning_project/Tasks/Tablet for Mom/Amazon com Lenovo Tab 4, 8 Android Tablet, Quad-Co",codex,skipped,non-text file
codex/personal_development/schedule/schedule_planning_project/Tasks/Taulu Practice Thu 7 30pm - 8pm/Monthly 30623a313d6848e3bec82512bae3d936.csv,codex/personal_development/schedule/schedule_planning_project/Tasks/Taulu Practice Thu 7 30pm - 8pm,codex,skipped,non-text file
codex/personal_development/schedule/schedule_planning_project/Tasks/Taulu Practice Thu 7 30pm - 8pm/Monthly/Door County Trip with Parents.md,codex/personal_development/schedule/schedule_planning_project/Tasks/Taulu Practice Thu 7 30pm - 8pm/Monthly,codex,done,
codex/personal_development/schedule/schedule_planning_project/Tasks/Taulu Practice Thu 7 30pm - 8pm/Monthly/Erins Wedding.md,codex/personal_development/schedule/schedule_planning_project/Tasks/Taulu Practice Thu 7 30pm - 8pm/Monthly,codex,done,
codex/personal_development/schedule/schedule_planning_project/Tasks/Taulu Practice Thu 7 30pm - 8pm/Monthly/FlannelJax Grand Opening.md,codex/personal_development/schedule/schedule_planning_project/Tasks/Taulu Practice Thu 7 30pm - 8pm/Monthly,codex,done,
codex/personal_development/schedule/schedule_planning_project/Tasks/Taulu Practice Thu 7 30pm - 8pm/Monthly/Hong Kong Cafe Security.md,codex/personal_development/schedule/schedule_planning_project/Tasks/Taulu Practice Thu 7 30pm - 8pm/Monthly,codex,done,
codex/personal_development/schedule/schedule_planning_project/Tasks/Taulu Practice Thu 7 30pm - 8pm/Monthly/Macau Trip.md,codex/personal_development/schedule/schedule_planning_project/Tasks/Taulu Practice Thu 7 30pm - 8pm/Monthly,codex,done,
codex/personal_development/schedule/schedule_planning_project/Tasks/Taulu Practice Thu 7 30pm - 8pm/Monthly/RENT DUE.md,codex/personal_development/schedule/schedule_planning_project/Tasks/Taulu Practice Thu 7 30pm - 8pm/Monthly,codex,done,
codex/personal_development/schedule/schedule_planning_project/Tasks/Cool Visual ( I didn’t make this tho)/1s2xvv8ye2d71.jpg,codex/personal_development/schedule/schedule_planning_project/Tasks/Cool Visual ( I didn’t make this tho),codex,skipped,non-text file
codex/personal_development/schedule/schedule_planning_project/Tasks/Cool Visual ( I didn’t make this tho)/2fyyvlmdmuc71.jpg,codex/personal_development/schedule/schedule_planning_project/Tasks/Cool Visual ( I didn’t make this tho),codex,skipped,non-text file
codex/personal_development/schedule/schedule_planning_project/Tasks/Cool Visual ( I didn’t make this tho)/7nlagjzrd2c71.jpg,codex/personal_development/schedule/schedule_planning_project/Tasks/Cool Visual ( I didn’t make this tho),codex,skipped,non-text file
codex/personal_development/schedule/schedule_planning_project/Tasks/Cool Visual ( I didn’t make this tho)/9ii1kr5oizb71.jpg,codex/personal_development/schedule/schedule_planning_project/Tasks/Cool Visual ( I didn’t make this tho),codex,skipped,non-text file
codex/personal_development/schedule/planner/task_kan.md,codex/personal_development/schedule/planner,codex,done,
codex/personal_development/schedule/planner/daily/2023-07-04-Tuesday.md,codex/personal_development/schedule/planner/daily,codex,done,
codex/personal_development/schedule/planner/daily/2023-07-05-Wednesday.md,codex/personal_development/schedule/planner/daily,codex,done,
codex/personal_development/schedule/planner/daily/2023-07-06-Thursday.md,codex/personal_development/schedule/planner/daily,codex,done,
codex/personal_development/schedule/planner/daily/2023-07-07-Friday.md,codex/personal_development/schedule/planner/daily,codex,done,
codex/personal_development/schedule/planner/daily/2023-07-08-Saturday.md,codex/personal_development/schedule/planner/daily,codex,done,
codex/personal_development/schedule/planner/daily/2023-07-09-Sunday.md,codex/personal_development/schedule/planner/daily,codex,done,
codex/personal_development/schedule/planner/daily/2023-07-10-Monday.md,codex/personal_development/schedule/planner/daily,codex,done,
codex/personal_development/schedule/planner/daily/2023-07-11-Tuesday.md,codex/personal_development/schedule/planner/daily,codex,done,
codex/personal_development/schedule/planner/daily/2023-07-12-Wednesday.md,codex/personal_development/schedule/planner/daily,codex,done,
codex/personal_development/schedule/planner/daily/2023-6-22-Thursday.md,codex/personal_development/schedule/planner/daily,codex,done,
codex/personal_development/schedule/planner/daily/2023-6-23-Friday.md,codex/personal_development/schedule/planner/daily,codex,done,
codex/personal_development/schedule/planner/daily/2023-6-26-Monday.md,codex/personal_development/schedule/planner/daily,codex,done,
codex/personal_development/schedule/planner/daily/2023-6-29-Thursday.md,codex/personal_development/schedule/planner/daily,codex,done,
codex/personal_development/schedule/planner/daily/2023-6-30-Friday.md,codex/personal_development/schedule/planner/daily,codex,done,
codex/personal_development/schedule/planner/kans/altus_kan.md,codex/personal_development/schedule/planner/kans,codex,done,
codex/personal_development/schedule/planner/kans/finance_kan.md,codex/personal_development/schedule/planner/kans,codex,done,
codex/personal_development/schedule/planner/kans/personal_kan.md,codex/personal_development/schedule/planner/kans,codex,done,
codex/personal_development/schedule/planner/kans/project_kan.md,codex/personal_development/schedule/planner/kans,codex,done,
codex/personal_development/schedule/planner/kans/social_kan.md,codex/personal_development/schedule/planner/kans,codex,done,
codex/personal_development/schedule/planner/kans/studies_kan.md,codex/personal_development/schedule/planner/kans,codex,done,
codex/personal_development/obsidian_plan/day journal.md,codex/personal_development/obsidian_plan,codex,done,
codex/personal_development/obsidian_plan/obsidian 1.md,codex/personal_development/obsidian_plan,codex,done,
codex/personal_development/obsidian_plan/obsidian quickadd and planner.md,codex/personal_development/obsidian_plan,codex,done,
codex/personal_development/obsidian_plan/obsidian.md,codex/personal_development/obsidian_plan,codex,done,
codex/personal_development/obsidian_plan/obsidian_notes.md,codex/personal_development/obsidian_plan,codex,done,
codex/personal_development/obsidian_plan/obsidian_plan.md,codex/personal_development/obsidian_plan,codex,done,
codex/personal_development/obsidian_plan/obsidian_plugin_guide.md,codex/personal_development/obsidian_plan,codex,done,
codex/personal_development/obsidian_plan/old daily log.md,codex/personal_development/obsidian_plan,codex,done,
codex/personal_development/obsidian_plan/structure/daily_note_111122.md,codex/personal_development/obsidian_plan/structure,codex,done,
codex/personal_development/obsidian_plan/structure/final_report_111122.md,codex/personal_development/obsidian_plan/structure,codex,skipped,empty file
codex/personal_development/obsidian_plan/structure/data/display/pages.md,codex/personal_development/obsidian_plan/structure/data/display,codex,skipped,empty file
codex/personal_development/obsidian_plan/structure/data/tasks/completed.md,codex/personal_development/obsidian_plan/structure/data/tasks,codex,skipped,empty file
codex/personal_development/obsidian_plan/structure/data/tasks/pomodoros.md,codex/personal_development/obsidian_plan/structure/data/tasks,codex,skipped,empty file
codex/personal_development/obsidian_plan/structure/data/tasks/reminders.md,codex/personal_development/obsidian_plan/structure/data/tasks,codex,skipped,empty file
codex/personal_development/obsidian_plan/structure/data/time_based/events.md,codex/personal_development/obsidian_plan/structure/data/time_based,codex,skipped,empty file
codex/personal_development/obsidian_plan/structure/data/time_based/itinerary.md,codex/personal_development/obsidian_plan/structure/data/time_based,codex,skipped,empty file
codex/personal_development/obsidian_plan/structure/data/time_based/schedule.md,codex/personal_development/obsidian_plan/structure/data/time_based,codex,skipped,empty file
codex/personal_development/obsidian_plan/structure/sections/finances/finance_notes.md,codex/personal_development/obsidian_plan/structure/sections/finances,codex,skipped,empty file
codex/personal_development/obsidian_plan/structure/sections/finances/transaction_kan.md,codex/personal_development/obsidian_plan/structure/sections/finances,codex,skipped,empty file
codex/personal_development/obsidian_plan/structure/sections/journal/journal_entry.md,codex/personal_development/obsidian_plan/structure/sections/journal,codex,skipped,empty file
codex/personal_development/obsidian_plan/structure/sections/health/fitness.md,codex/personal_development/obsidian_plan/structure/sections/health,codex,skipped,empty file
codex/personal_development/obsidian_plan/structure/sections/health/health_notes.md,codex/personal_development/obsidian_plan/structure/sections/health,codex,skipped,empty file
codex/personal_development/obsidian_plan/structure/sections/health/health_stats.md,codex/personal_development/obsidian_plan/structure/sections/health,codex,skipped,empty file
codex/personal_development/obsidian_plan/structure/sections/health/mental_health.md,codex/personal_development/obsidian_plan/structure/sections/health,codex,skipped,empty file
codex/personal_development/learning/learning_help.md,codex/personal_development/learning,codex,done,
codex/personal_development/learning/lookinto.md,codex/personal_development/learning,codex,done,
codex/personal_development/learning/reneissanceman.md,codex/personal_development/learning,codex,done,
codex/personal_development/learning/sciatica.md,codex/personal_development/learning,codex,done,
codex/personal_development/writing_notebook/Dan Harmons Story Circle.md,codex/personal_development/writing_notebook,codex,done,
codex/personal_development/writing_notebook/Writing notebook.md,codex/personal_development/writing_notebook,codex,done,
codex/personal_development/writing_notebook/writing_notebook.md,codex/personal_development/writing_notebook,codex,skipped,empty file
codex/personal_development/renman_notebook/Comparisons.md,codex/personal_development/renman_notebook,codex,done,
"codex/personal_development/renman_notebook/Essential Life Skills Hierarchy - A Holistic, Expo.md",codex/personal_development/renman_notebook,codex,done,
codex/personal_development/renman_notebook/Renaissance Man 1.md,codex/personal_development/renman_notebook,codex,done,
codex/personal_development/renman_notebook/Renaissance Man.md,codex/personal_development/renman_notebook,codex,done,
codex/personal_development/renman_notebook/Subjects every human should know.md,codex/personal_development/renman_notebook,codex,done,
codex/financials/go_through/Budget.md,codex/financials/go_through,codex,done,
codex/financials/go_through/budget 1.md,codex/financials/go_through,codex,done,
codex/financials/go_through/finances/Budget VS Actual 086679c9ffbf4f60bc1e8705b7b66adf.csv,codex/financials/go_through/finances,codex,skipped,non-text file
codex/financials/go_through/finances/Expenses 9a0e9e72de484a16a111c4c382c9c43a.csv,codex/financials/go_through/finances,codex,skipped,non-text file
codex/financials/go_through/finances/Medical Debt 06698ccc37f643d1b895e6be4b0f5f01.csv,codex/financials/go_through/finances,codex,skipped,non-text file
codex/financials/go_through/finances/Past due bills 18aaa36d8efa4b98a4f2d45f67b7a880.csv,codex/financials/go_through/finances,codex,skipped,non-text file
codex/financials/go_through/finances/Personal Debt a7a70f3727ed4ba984402d489b1b8a45.csv,codex/financials/go_through/finances,codex,skipped,non-text file
codex/financials/go_through/finances/Student Loans 2cde1a0e1129442a9cf3aadecc5488b3.csv,codex/financials/go_through/finances,codex,skipped,non-text file
codex/financials/go_through/finances/budget.md,codex/financials/go_through/finances,codex,done,
codex/financials/go_through/finances/old_budget.md,codex/financials/go_through/finances,codex,done,
codex/financials/go_through/finances/Old/Josh_Pomerenke_TransUnion_Personal_Credit_Report_20200324.pdf,codex/financials/go_through/finances/Old,codex,skipped,non-text file
codex/financials/go_through/finances/Old/Old Expenses.md,codex/financials/go_through/finances/Old,codex,done,
codex/financials/go_through/finances/Old/Zhong Yi Past Due.md,codex/financials/go_through/finances/Old,codex,done,
codex/financials/go_through/finances/Old/budget_plan.md,codex/financials/go_through/finances/Old,codex,skipped,empty file
codex/financials/go_through/finances/Old/creditReport_1585063129728.pdf,codex/financials/go_through/finances/Old,codex,skipped,non-text file
codex/financials/go_through/finances/Old/old_finance.md,codex/financials/go_through/finances/Old,codex,done,
codex/financials/go_through/finances/Old/Personal Debt/Alex Klett.md,codex/financials/go_through/finances/Old/Personal Debt,codex,done,
codex/financials/go_through/finances/Old/Personal Debt/Sifu Nelson Ferreira.md,codex/financials/go_through/finances/Old/Personal Debt,codex,done,
codex/financials/go_through/finances/Old/Personal Debt/Tim Clark.md,codex/financials/go_through/finances/Old/Personal Debt,codex,done,
codex/financials/go_through/finances/Old/Budget VS Actual/Commute.md,codex/financials/go_through/finances/Old/Budget VS Actual,codex,done,
codex/financials/go_through/finances/Old/Budget VS Actual/Debt.md,codex/financials/go_through/finances/Old/Budget VS Actual,codex,done,
codex/financials/go_through/finances/Old/Budget VS Actual/Entertainment.md,codex/financials/go_through/finances/Old/Budget VS Actual,codex,done,
codex/financials/go_through/finances/Old/Budget VS Actual/Groceries.md,codex/financials/go_through/finances/Old/Budget VS Actual,codex,done,
codex/financials/go_through/finances/Old/Budget VS Actual/Personal.md,codex/financials/go_through/finances/Old/Budget VS Actual,codex,done,
codex/financials/go_through/finances/Old/Budget VS Actual/Rent.md,codex/financials/go_through/finances/Old/Budget VS Actual,codex,done,
codex/financials/go_through/finances/Old/Budget VS Actual/Savings.md,codex/financials/go_through/finances/Old/Budget VS Actual,codex,done,
codex/financials/go_through/finances/Old/Budget VS Actual/Untitled.md,codex/financials/go_through/finances/Old/Budget VS Actual,codex,done,
codex/financials/go_through/finances/Old/Budget VS Actual/Utilities.md,codex/financials/go_through/finances/Old/Budget VS Actual,codex,done,
codex/financials/go_through/finances/Old/Medical Debt/Untitled.md,codex/financials/go_through/finances/Old/Medical Debt,codex,done,
codex/financials/go_through/finances/Old/Old Expenses/Expenses 6e657a39e6aa4cfcb2a63386ad001cce.csv,codex/financials/go_through/finances/Old/Old Expenses,codex,skipped,non-text file
codex/financials/go_through/finances/Old/Old Expenses/Expenses/Cloud VPN.md,codex/financials/go_through/finances/Old/Old Expenses/Expenses,codex,done,
codex/financials/go_through/finances/Old/Old Expenses/Expenses/Electricity.md,codex/financials/go_through/finances/Old/Old Expenses/Expenses,codex,done,
codex/financials/go_through/finances/Old/Old Expenses/Expenses/Github.md,codex/financials/go_through/finances/Old/Old Expenses/Expenses,codex,done,
codex/financials/go_through/finances/Old/Old Expenses/Expenses/Google Drive.md,codex/financials/go_through/finances/Old/Old Expenses/Expenses,codex,done,
codex/financials/go_through/finances/Old/Old Expenses/Expenses/Internet.md,codex/financials/go_through/finances/Old/Old Expenses/Expenses,codex,done,
codex/financials/go_through/finances/Old/Old Expenses/Expenses/NZBFinder.md,codex/financials/go_through/finances/Old/Old Expenses/Expenses,codex,done,
codex/financials/go_through/finances/Old/Old Expenses/Expenses/Netflix.md,codex/financials/go_through/finances/Old/Old Expenses/Expenses,codex,done,
codex/financials/go_through/finances/Old/Old Expenses/Expenses/Phone.md,codex/financials/go_through/finances/Old/Old Expenses/Expenses,codex,done,
codex/financials/go_through/finances/Old/Old Expenses/Expenses/Planet Fitness.md,codex/financials/go_through/finances/Old/Old Expenses/Expenses,codex,done,
codex/financials/go_through/finances/Old/Old Expenses/Expenses/Rent.md,codex/financials/go_through/finances/Old/Old Expenses/Expenses,codex,done,
codex/financials/go_through/finances/Old/Old Expenses/Expenses/Spotify.md,codex/financials/go_through/finances/Old/Old Expenses/Expenses,codex,done,
codex/financials/go_through/finances/Old/Old Expenses/Expenses/Student Loans.md,codex/financials/go_through/finances/Old/Old Expenses/Expenses,codex,done,
codex/financials/go_through/finances/Old/Old Expenses/Expenses/UsenetNow.md,codex/financials/go_through/finances/Old/Old Expenses/Expenses,codex,done,
codex/financials/go_through/finances/Old/Old Expenses/Expenses/Youtube.md,codex/financials/go_through/finances/Old/Old Expenses/Expenses,codex,done,
codex/financials/go_through/finances/Old/Old Expenses/Expenses/ZYKFA.md,codex/financials/go_through/finances/Old/Old Expenses/Expenses,codex,done,
codex/financials/go_through/finances/Old/Student Loans/1-16 DL Consolitdated Subsidized Loan.md,codex/financials/go_through/finances/Old/Student Loans,codex,done,
codex/financials/go_through/finances/Old/Student Loans/1-17 DL Consolidated - Unsubsidized Loan.md,codex/financials/go_through/finances/Old/Student Loans,codex,done,
codex/financials/go_through/finances/Old/Expenses/Electricity.md,codex/financials/go_through/finances/Old/Expenses,codex,done,
codex/financials/go_through/finances/Old/Expenses/Google Drive.md,codex/financials/go_through/finances/Old/Expenses,codex,done,
codex/financials/go_through/finances/Old/Expenses/Internet.md,codex/financials/go_through/finances/Old/Expenses,codex,done,
codex/financials/go_through/finances/Old/Expenses/Notion.md,codex/financials/go_through/finances/Old/Expenses,codex,done,
codex/financials/go_through/finances/Old/Expenses/Phone.md,codex/financials/go_through/finances/Old/Expenses,codex,done,
codex/financials/go_through/finances/Old/Expenses/Rent.md,codex/financials/go_through/finances/Old/Expenses,codex,done,
codex/financials/go_through/finances/Old/Expenses/Spotify.md,codex/financials/go_through/finances/Old/Expenses,codex,done,
codex/financials/go_through/finances/Old/Past due bills/Londonderry Lofts.md,codex/financials/go_through/finances/Old/Past due bills,codex,done,
codex/financials/go_through/finances/Old/Past due bills/MG&E.md,codex/financials/go_through/finances/Old/Past due bills,codex,done,
codex/financials/go_through/finances/Old/Past due bills/Spectrum.md,codex/financials/go_through/finances/Old/Past due bills,codex,done,
codex/financials/go_through/finances/Old/Past due bills/Untitled.md,codex/financials/go_through/finances/Old/Past due bills,codex,done,
codex/financials/go_through/finances/Old/Past due bills/ZYKFA.md,codex/financials/go_through/finances/Old/Past due bills,codex,done,
codex/financials/go_through/finances/Grocery Budget - ($550 2) $225/Grocery 7d2321d79e8c41838a237d255474b876.csv,codex/financials/go_through/finances/Grocery Budget - ($550 2) $225,codex,skipped,non-text file
codex/financials/go_through/finances/Grocery Budget - ($550 2) $225/Grocery/Bacon.md,codex/financials/go_through/finances/Grocery Budget - ($550 2) $225/Grocery,codex,done,
codex/financials/go_through/finances/Grocery Budget - ($550 2) $225/Grocery/Baking Soda.md,codex/financials/go_through/finances/Grocery Budget - ($550 2) $225/Grocery,codex,done,
codex/financials/go_through/finances/Grocery Budget - ($550 2) $225/Grocery/Bananas.md,codex/financials/go_through/finances/Grocery Budget - ($550 2) $225/Grocery,codex,done,
codex/financials/go_through/finances/Grocery Budget - ($550 2) $225/Grocery/Bread.md,codex/financials/go_through/finances/Grocery Budget - ($550 2) $225/Grocery,codex,done,
codex/financials/go_through/finances/Grocery Budget - ($550 2) $225/Grocery/Burrtos.md,codex/financials/go_through/finances/Grocery Budget - ($550 2) $225/Grocery,codex,done,
codex/financials/go_through/finances/Grocery Budget - ($550 2) $225/Grocery/Butter.md,codex/financials/go_through/finances/Grocery Budget - ($550 2) $225/Grocery,codex,done,
codex/financials/go_through/finances/Grocery Budget - ($550 2) $225/Grocery/Candle.md,codex/financials/go_through/finances/Grocery Budget - ($550 2) $225/Grocery,codex,done,
codex/financials/go_through/finances/Grocery Budget - ($550 2) $225/Grocery/Cat Litter.md,codex/financials/go_through/finances/Grocery Budget - ($550 2) $225/Grocery,codex,done,
codex/financials/go_through/finances/Grocery Budget - ($550 2) $225/Grocery/Cereal.md,codex/financials/go_through/finances/Grocery Budget - ($550 2) $225/Grocery,codex,done,
codex/financials/go_through/finances/Grocery Budget - ($550 2) $225/Grocery/Cheese Slices.md,codex/financials/go_through/finances/Grocery Budget - ($550 2) $225/Grocery,codex,done,
codex/financials/go_through/finances/Grocery Budget - ($550 2) $225/Grocery/Chicken Breast.md,codex/financials/go_through/finances/Grocery Budget - ($550 2) $225/Grocery,codex,done,
codex/financials/go_through/finances/Grocery Budget - ($550 2) $225/Grocery/Chips.md,codex/financials/go_through/finances/Grocery Budget - ($550 2) $225/Grocery,codex,done,
codex/financials/go_through/finances/Grocery Budget - ($550 2) $225/Grocery/Cleaning Spray.md,codex/financials/go_through/finances/Grocery Budget - ($550 2) $225/Grocery,codex,done,
codex/financials/go_through/finances/Grocery Budget - ($550 2) $225/Grocery/Coffee Creamer.md,codex/financials/go_through/finances/Grocery Budget - ($550 2) $225/Grocery,codex,done,
codex/financials/go_through/finances/Grocery Budget - ($550 2) $225/Grocery/Coffee.md,codex/financials/go_through/finances/Grocery Budget - ($550 2) $225/Grocery,codex,done,
codex/financials/go_through/finances/Grocery Budget - ($550 2) $225/Grocery/Cologne Spray.md,codex/financials/go_through/finances/Grocery Budget - ($550 2) $225/Grocery,codex,done,
codex/financials/go_through/finances/Grocery Budget - ($550 2) $225/Grocery/Deodorant.md,codex/financials/go_through/finances/Grocery Budget - ($550 2) $225/Grocery,codex,done,
codex/financials/go_through/finances/Grocery Budget - ($550 2) $225/Grocery/Detergent.md,codex/financials/go_through/finances/Grocery Budget - ($550 2) $225/Grocery,codex,done,
codex/financials/go_through/finances/Grocery Budget - ($550 2) $225/Grocery/Dry Cat Food.md,codex/financials/go_through/finances/Grocery Budget - ($550 2) $225/Grocery,codex,done,
codex/financials/go_through/finances/Grocery Budget - ($550 2) $225/Grocery/Eggs.md,codex/financials/go_through/finances/Grocery Budget - ($550 2) $225/Grocery,codex,done,
codex/financials/go_through/finances/Grocery Budget - ($550 2) $225/Grocery/Flour.md,codex/financials/go_through/finances/Grocery Budget - ($550 2) $225/Grocery,codex,done,
codex/financials/go_through/finances/Grocery Budget - ($550 2) $225/Grocery/Garbage Bags.md,codex/financials/go_through/finances/Grocery Budget - ($550 2) $225/Grocery,codex,done,
codex/financials/go_through/finances/Grocery Budget - ($550 2) $225/Grocery/Garlic.md,codex/financials/go_through/finances/Grocery Budget - ($550 2) $225/Grocery,codex,done,
codex/financials/go_through/finances/Grocery Budget - ($550 2) $225/Grocery/Green Beans.md,codex/financials/go_through/finances/Grocery Budget - ($550 2) $225/Grocery,codex,done,
codex/financials/go_through/finances/Grocery Budget - ($550 2) $225/Grocery/Ground Beef.md,codex/financials/go_through/finances/Grocery Budget - ($550 2) $225/Grocery,codex,done,
codex/financials/go_through/finances/Grocery Budget - ($550 2) $225/Grocery/Ham.md,codex/financials/go_through/finances/Grocery Budget - ($550 2) $225/Grocery,codex,done,
codex/financials/go_through/finances/Grocery Budget - ($550 2) $225/Grocery/Hot Dog Buns.md,codex/financials/go_through/finances/Grocery Budget - ($550 2) $225/Grocery,codex,done,
codex/financials/go_through/finances/Grocery Budget - ($550 2) $225/Grocery/Hot Dogs.md,codex/financials/go_through/finances/Grocery Budget - ($550 2) $225/Grocery,codex,done,
codex/financials/go_through/finances/Grocery Budget - ($550 2) $225/Grocery/Jelly.md,codex/financials/go_through/finances/Grocery Budget - ($550 2) $225/Grocery,codex,done,
codex/financials/go_through/finances/Grocery Budget - ($550 2) $225/Grocery/Mac & Cheese.md,codex/financials/go_through/finances/Grocery Budget - ($550 2) $225/Grocery,codex,done,
codex/financials/go_through/finances/Grocery Budget - ($550 2) $225/Grocery/Milk.md,codex/financials/go_through/finances/Grocery Budget - ($550 2) $225/Grocery,codex,done,
codex/financials/go_through/finances/Grocery Budget - ($550 2) $225/Grocery/Mouth Wash.md,codex/financials/go_through/finances/Grocery Budget - ($550 2) $225/Grocery,codex,done,
codex/financials/go_through/finances/Grocery Budget - ($550 2) $225/Grocery/Onions.md,codex/financials/go_through/finances/Grocery Budget - ($550 2) $225/Grocery,codex,done,
codex/financials/go_through/finances/Grocery Budget - ($550 2) $225/Grocery/Paper Towels.md,codex/financials/go_through/finances/Grocery Budget - ($550 2) $225/Grocery,codex,done,
codex/financials/go_through/finances/Grocery Budget - ($550 2) $225/Grocery/Pasta Sauce.md,codex/financials/go_through/finances/Grocery Budget - ($550 2) $225/Grocery,codex,done,
codex/financials/go_through/finances/Grocery Budget - ($550 2) $225/Grocery/Peanut Butter.md,codex/financials/go_through/finances/Grocery Budget - ($550 2) $225/Grocery,codex,done,
codex/financials/go_through/finances/Grocery Budget - ($550 2) $225/Grocery/Plums.md,codex/financials/go_through/finances/Grocery Budget - ($550 2) $225/Grocery,codex,done,
codex/financials/go_through/finances/Grocery Budget - ($550 2) $225/Grocery/Potatoes.md,codex/financials/go_through/finances/Grocery Budget - ($550 2) $225/Grocery,codex,done,
codex/financials/go_through/finances/Grocery Budget - ($550 2) $225/Grocery/Red Beans.md,codex/financials/go_through/finances/Grocery Budget - ($550 2) $225/Grocery,codex,done,
codex/financials/go_through/finances/Grocery Budget - ($550 2) $225/Grocery/Spaghetti.md,codex/financials/go_through/finances/Grocery Budget - ($550 2) $225/Grocery,codex,done,
codex/financials/go_through/finances/Grocery Budget - ($550 2) $225/Grocery/Strawberries.md,codex/financials/go_through/finances/Grocery Budget - ($550 2) $225/Grocery,codex,done,
codex/financials/go_through/finances/Grocery Budget - ($550 2) $225/Grocery/Sugar.md,codex/financials/go_through/finances/Grocery Budget - ($550 2) $225/Grocery,codex,done,
codex/financials/go_through/finances/Grocery Budget - ($550 2) $225/Grocery/Syrup.md,codex/financials/go_through/finances/Grocery Budget - ($550 2) $225/Grocery,codex,done,
codex/financials/go_through/finances/Grocery Budget - ($550 2) $225/Grocery/Tea.md,codex/financials/go_through/finances/Grocery Budget - ($550 2) $225/Grocery,codex,done,
codex/financials/go_through/finances/Grocery Budget - ($550 2) $225/Grocery/Toilet Paper.md,codex/financials/go_through/finances/Grocery Budget - ($550 2) $225/Grocery,codex,done,
codex/financials/go_through/finances/Grocery Budget - ($550 2) $225/Grocery/Tomatoes.md,codex/financials/go_through/finances/Grocery Budget - ($550 2) $225/Grocery,codex,done,
codex/financials/go_through/finances/Grocery Budget - ($550 2) $225/Grocery/Tooth Paste.md,codex/financials/go_through/finances/Grocery Budget - ($550 2) $225/Grocery,codex,done,
codex/financials/go_through/finances/Grocery Budget - ($550 2) $225/Grocery/Untitled.md,codex/financials/go_through/finances/Grocery Budget - ($550 2) $225/Grocery,codex,done,
codex/financials/go_through/finances/Grocery Budget - ($550 2) $225/Grocery/Wet Cat Food.md,codex/financials/go_through/finances/Grocery Budget - ($550 2) $225/Grocery,codex,done,
codex/financials/go_through/finances 1/Budget VS Actual 086679c9ffbf4f60bc1e8705b7b66adf.csv,codex/financials/go_through/finances 1,codex,skipped,non-text file
codex/financials/go_through/finances 1/Expenses 9a0e9e72de484a16a111c4c382c9c43a.csv,codex/financials/go_through/finances 1,codex,skipped,non-text file
codex/financials/go_through/finances 1/Medical Debt 06698ccc37f643d1b895e6be4b0f5f01.csv,codex/financials/go_through/finances 1,codex,skipped,non-text file
codex/financials/go_through/finances 1/Past due bills 18aaa36d8efa4b98a4f2d45f67b7a880.csv,codex/financials/go_through/finances 1,codex,skipped,non-text file
codex/financials/go_through/finances 1/Personal Debt a7a70f3727ed4ba984402d489b1b8a45.csv,codex/financials/go_through/finances 1,codex,skipped,non-text file
codex/financials/go_through/finances 1/Student Loans 2cde1a0e1129442a9cf3aadecc5488b3.csv,codex/financials/go_through/finances 1,codex,skipped,non-text file
codex/financials/go_through/finances 1/budget.md,codex/financials/go_through/finances 1,codex,done,
codex/financials/go_through/finances 1/old_budget.md,codex/financials/go_through/finances 1,codex,done,
codex/financials/go_through/finances 1/Old/Josh_Pomerenke_TransUnion_Personal_Credit_Report_20200324.pdf,codex/financials/go_through/finances 1/Old,codex,skipped,non-text file
codex/financials/go_through/finances 1/Old/Old Expenses.md,codex/financials/go_through/finances 1/Old,codex,done,
codex/financials/go_through/finances 1/Old/Zhong Yi Past Due.md,codex/financials/go_through/finances 1/Old,codex,done,
codex/financials/go_through/finances 1/Old/budget_plan.md,codex/financials/go_through/finances 1/Old,codex,skipped,empty file
codex/financials/go_through/finances 1/Old/creditReport_1585063129728.pdf,codex/financials/go_through/finances 1/Old,codex,skipped,non-text file
codex/financials/go_through/finances 1/Old/old_finance.md,codex/financials/go_through/finances 1/Old,codex,done,
codex/financials/go_through/finances 1/Old/Personal Debt/Alex Klett.md,codex/financials/go_through/finances 1/Old/Personal Debt,codex,done,
codex/financials/go_through/finances 1/Old/Personal Debt/Sifu Nelson Ferreira.md,codex/financials/go_through/finances 1/Old/Personal Debt,codex,done,
codex/financials/go_through/finances 1/Old/Personal Debt/Tim Clark.md,codex/financials/go_through/finances 1/Old/Personal Debt,codex,done,
codex/financials/go_through/finances 1/Old/Budget VS Actual/Commute.md,codex/financials/go_through/finances 1/Old/Budget VS Actual,codex,done,
codex/financials/go_through/finances 1/Old/Budget VS Actual/Debt.md,codex/financials/go_through/finances 1/Old/Budget VS Actual,codex,done,
codex/financials/go_through/finances 1/Old/Budget VS Actual/Entertainment.md,codex/financials/go_through/finances 1/Old/Budget VS Actual,codex,done,
codex/financials/go_through/finances 1/Old/Budget VS Actual/Groceries.md,codex/financials/go_through/finances 1/Old/Budget VS Actual,codex,done,
codex/financials/go_through/finances 1/Old/Budget VS Actual/Personal.md,codex/financials/go_through/finances 1/Old/Budget VS Actual,codex,done,
codex/financials/go_through/finances 1/Old/Budget VS Actual/Rent.md,codex/financials/go_through/finances 1/Old/Budget VS Actual,codex,done,
codex/financials/go_through/finances 1/Old/Budget VS Actual/Savings.md,codex/financials/go_through/finances 1/Old/Budget VS Actual,codex,done,
codex/financials/go_through/finances 1/Old/Budget VS Actual/Untitled.md,codex/financials/go_through/finances 1/Old/Budget VS Actual,codex,done,
codex/financials/go_through/finances 1/Old/Budget VS Actual/Utilities.md,codex/financials/go_through/finances 1/Old/Budget VS Actual,codex,done,
codex/financials/go_through/finances 1/Old/Medical Debt/Untitled.md,codex/financials/go_through/finances 1/Old/Medical Debt,codex,done,
codex/financials/go_through/finances 1/Old/Old Expenses/Expenses 6e657a39e6aa4cfcb2a63386ad001cce.csv,codex/financials/go_through/finances 1/Old/Old Expenses,codex,skipped,non-text file
codex/financials/go_through/finances 1/Old/Old Expenses/Expenses/Cloud VPN.md,codex/financials/go_through/finances 1/Old/Old Expenses/Expenses,codex,done,
codex/financials/go_through/finances 1/Old/Old Expenses/Expenses/Electricity.md,codex/financials/go_through/finances 1/Old/Old Expenses/Expenses,codex,done,
codex/financials/go_through/finances 1/Old/Old Expenses/Expenses/Github.md,codex/financials/go_through/finances 1/Old/Old Expenses/Expenses,codex,done,
codex/financials/go_through/finances 1/Old/Old Expenses/Expenses/Google Drive.md,codex/financials/go_through/finances 1/Old/Old Expenses/Expenses,codex,done,
codex/financials/go_through/finances 1/Old/Old Expenses/Expenses/Internet.md,codex/financials/go_through/finances 1/Old/Old Expenses/Expenses,codex,done,
codex/financials/go_through/finances 1/Old/Old Expenses/Expenses/NZBFinder.md,codex/financials/go_through/finances 1/Old/Old Expenses/Expenses,codex,done,
codex/financials/go_through/finances 1/Old/Old Expenses/Expenses/Netflix.md,codex/financials/go_through/finances 1/Old/Old Expenses/Expenses,codex,done,
codex/financials/go_through/finances 1/Old/Old Expenses/Expenses/Phone.md,codex/financials/go_through/finances 1/Old/Old Expenses/Expenses,codex,done,
codex/financials/go_through/finances 1/Old/Old Expenses/Expenses/Planet Fitness.md,codex/financials/go_through/finances 1/Old/Old Expenses/Expenses,codex,done,
codex/financials/go_through/finances 1/Old/Old Expenses/Expenses/Rent.md,codex/financials/go_through/finances 1/Old/Old Expenses/Expenses,codex,done,
codex/financials/go_through/finances 1/Old/Old Expenses/Expenses/Spotify.md,codex/financials/go_through/finances 1/Old/Old Expenses/Expenses,codex,done,
codex/financials/go_through/finances 1/Old/Old Expenses/Expenses/Student Loans.md,codex/financials/go_through/finances 1/Old/Old Expenses/Expenses,codex,done,
codex/financials/go_through/finances 1/Old/Old Expenses/Expenses/UsenetNow.md,codex/financials/go_through/finances 1/Old/Old Expenses/Expenses,codex,done,
codex/financials/go_through/finances 1/Old/Old Expenses/Expenses/Youtube.md,codex/financials/go_through/finances 1/Old/Old Expenses/Expenses,codex,done,
codex/financials/go_through/finances 1/Old/Old Expenses/Expenses/ZYKFA.md,codex/financials/go_through/finances 1/Old/Old Expenses/Expenses,codex,done,
codex/financials/go_through/finances 1/Old/Student Loans/1-16 DL Consolitdated Subsidized Loan.md,codex/financials/go_through/finances 1/Old/Student Loans,codex,done,
codex/financials/go_through/finances 1/Old/Student Loans/1-17 DL Consolidated - Unsubsidized Loan.md,codex/financials/go_through/finances 1/Old/Student Loans,codex,done,
codex/financials/go_through/finances 1/Old/Expenses/Electricity.md,codex/financials/go_through/finances 1/Old/Expenses,codex,done,
codex/financials/go_through/finances 1/Old/Expenses/Google Drive.md,codex/financials/go_through/finances 1/Old/Expenses,codex,done,
codex/financials/go_through/finances 1/Old/Expenses/Internet.md,codex/financials/go_through/finances 1/Old/Expenses,codex,done,
codex/financials/go_through/finances 1/Old/Expenses/Notion.md,codex/financials/go_through/finances 1/Old/Expenses,codex,done,
codex/financials/go_through/finances 1/Old/Expenses/Phone.md,codex/financials/go_through/finances 1/Old/Expenses,codex,done,
codex/financials/go_through/finances 1/Old/Expenses/Rent.md,codex/financials/go_through/finances 1/Old/Expenses,codex,done,
codex/financials/go_through/finances 1/Old/Expenses/Spotify.md,codex/financials/go_through/finances 1/Old/Expenses,codex,done,
codex/financials/go_through/finances 1/Old/Past due bills/Londonderry Lofts.md,codex/financials/go_through/finances 1/Old/Past due bills,codex,done,
codex/financials/go_through/finances 1/Old/Past due bills/MG&E.md,codex/financials/go_through/finances 1/Old/Past due bills,codex,done,
codex/financials/go_through/finances 1/Old/Past due bills/Spectrum.md,codex/financials/go_through/finances 1/Old/Past due bills,codex,done,
codex/financials/go_through/finances 1/Old/Past due bills/Untitled.md,codex/financials/go_through/finances 1/Old/Past due bills,codex,done,
codex/financials/go_through/finances 1/Old/Past due bills/ZYKFA.md,codex/financials/go_through/finances 1/Old/Past due bills,codex,done,
codex/financials/go_through/finances 1/Grocery Budget - ($550 2) $225/Grocery 7d2321d79e8c41838a237d255474b876.csv,codex/financials/go_through/finances 1/Grocery Budget - ($550 2) $225,codex,skipped,non-text file
codex/financials/go_through/finances 1/Grocery Budget - ($550 2) $225/Grocery/Bacon.md,codex/financials/go_through/finances 1/Grocery Budget - ($550 2) $225/Grocery,codex,done,
codex/financials/go_through/finances 1/Grocery Budget - ($550 2) $225/Grocery/Baking Soda.md,codex/financials/go_through/finances 1/Grocery Budget - ($550 2) $225/Grocery,codex,done,
codex/financials/go_through/finances 1/Grocery Budget - ($550 2) $225/Grocery/Bananas.md,codex/financials/go_through/finances 1/Grocery Budget - ($550 2) $225/Grocery,codex,done,
codex/financials/go_through/finances 1/Grocery Budget - ($550 2) $225/Grocery/Bread.md,codex/financials/go_through/finances 1/Grocery Budget - ($550 2) $225/Grocery,codex,done,
codex/financials/go_through/finances 1/Grocery Budget - ($550 2) $225/Grocery/Burrtos.md,codex/financials/go_through/finances 1/Grocery Budget - ($550 2) $225/Grocery,codex,done,
codex/financials/go_through/finances 1/Grocery Budget - ($550 2) $225/Grocery/Butter.md,codex/financials/go_through/finances 1/Grocery Budget - ($550 2) $225/Grocery,codex,done,
codex/financials/go_through/finances 1/Grocery Budget - ($550 2) $225/Grocery/Candle.md,codex/financials/go_through/finances 1/Grocery Budget - ($550 2) $225/Grocery,codex,done,
codex/financials/go_through/finances 1/Grocery Budget - ($550 2) $225/Grocery/Cat Litter.md,codex/financials/go_through/finances 1/Grocery Budget - ($550 2) $225/Grocery,codex,done,
codex/financials/go_through/finances 1/Grocery Budget - ($550 2) $225/Grocery/Cereal.md,codex/financials/go_through/finances 1/Grocery Budget - ($550 2) $225/Grocery,codex,done,
codex/financials/go_through/finances 1/Grocery Budget - ($550 2) $225/Grocery/Cheese Slices.md,codex/financials/go_through/finances 1/Grocery Budget - ($550 2) $225/Grocery,codex,done,
codex/financials/go_through/finances 1/Grocery Budget - ($550 2) $225/Grocery/Chicken Breast.md,codex/financials/go_through/finances 1/Grocery Budget - ($550 2) $225/Grocery,codex,done,
codex/financials/go_through/finances 1/Grocery Budget - ($550 2) $225/Grocery/Chips.md,codex/financials/go_through/finances 1/Grocery Budget - ($550 2) $225/Grocery,codex,done,
codex/financials/go_through/finances 1/Grocery Budget - ($550 2) $225/Grocery/Cleaning Spray.md,codex/financials/go_through/finances 1/Grocery Budget - ($550 2) $225/Grocery,codex,done,
codex/financials/go_through/finances 1/Grocery Budget - ($550 2) $225/Grocery/Coffee Creamer.md,codex/financials/go_through/finances 1/Grocery Budget - ($550 2) $225/Grocery,codex,done,
codex/financials/go_through/finances 1/Grocery Budget - ($550 2) $225/Grocery/Coffee.md,codex/financials/go_through/finances 1/Grocery Budget - ($550 2) $225/Grocery,codex,done,
codex/financials/go_through/finances 1/Grocery Budget - ($550 2) $225/Grocery/Cologne Spray.md,codex/financials/go_through/finances 1/Grocery Budget - ($550 2) $225/Grocery,codex,done,
codex/financials/go_through/finances 1/Grocery Budget - ($550 2) $225/Grocery/Deodorant.md,codex/financials/go_through/finances 1/Grocery Budget - ($550 2) $225/Grocery,codex,done,
codex/financials/go_through/finances 1/Grocery Budget - ($550 2) $225/Grocery/Detergent.md,codex/financials/go_through/finances 1/Grocery Budget - ($550 2) $225/Grocery,codex,done,
codex/financials/go_through/finances 1/Grocery Budget - ($550 2) $225/Grocery/Dry Cat Food.md,codex/financials/go_through/finances 1/Grocery Budget - ($550 2) $225/Grocery,codex,done,
codex/financials/go_through/finances 1/Grocery Budget - ($550 2) $225/Grocery/Eggs.md,codex/financials/go_through/finances 1/Grocery Budget - ($550 2) $225/Grocery,codex,done,
codex/financials/go_through/finances 1/Grocery Budget - ($550 2) $225/Grocery/Flour.md,codex/financials/go_through/finances 1/Grocery Budget - ($550 2) $225/Grocery,codex,done,
codex/financials/go_through/finances 1/Grocery Budget - ($550 2) $225/Grocery/Garbage Bags.md,codex/financials/go_through/finances 1/Grocery Budget - ($550 2) $225/Grocery,codex,done,
codex/financials/go_through/finances 1/Grocery Budget - ($550 2) $225/Grocery/Garlic.md,codex/financials/go_through/finances 1/Grocery Budget - ($550 2) $225/Grocery,codex,done,
codex/financials/go_through/finances 1/Grocery Budget - ($550 2) $225/Grocery/Green Beans.md,codex/financials/go_through/finances 1/Grocery Budget - ($550 2) $225/Grocery,codex,done,
codex/financials/go_through/finances 1/Grocery Budget - ($550 2) $225/Grocery/Ground Beef.md,codex/financials/go_through/finances 1/Grocery Budget - ($550 2) $225/Grocery,codex,done,
codex/financials/go_through/finances 1/Grocery Budget - ($550 2) $225/Grocery/Ham.md,codex/financials/go_through/finances 1/Grocery Budget - ($550 2) $225/Grocery,codex,done,
codex/financials/go_through/finances 1/Grocery Budget - ($550 2) $225/Grocery/Hot Dog Buns.md,codex/financials/go_through/finances 1/Grocery Budget - ($550 2) $225/Grocery,codex,done,
codex/financials/go_through/finances 1/Grocery Budget - ($550 2) $225/Grocery/Hot Dogs.md,codex/financials/go_through/finances 1/Grocery Budget - ($550 2) $225/Grocery,codex,done,
codex/financials/go_through/finances 1/Grocery Budget - ($550 2) $225/Grocery/Jelly.md,codex/financials/go_through/finances 1/Grocery Budget - ($550 2) $225/Grocery,codex,done,
codex/financials/go_through/finances 1/Grocery Budget - ($550 2) $225/Grocery/Mac & Cheese.md,codex/financials/go_through/finances 1/Grocery Budget - ($550 2) $225/Grocery,codex,done,
codex/financials/go_through/finances 1/Grocery Budget - ($550 2) $225/Grocery/Milk.md,codex/financials/go_through/finances 1/Grocery Budget - ($550 2) $225/Grocery,codex,done,
codex/financials/go_through/finances 1/Grocery Budget - ($550 2) $225/Grocery/Mouth Wash.md,codex/financials/go_through/finances 1/Grocery Budget - ($550 2) $225/Grocery,codex,done,
codex/financials/go_through/finances 1/Grocery Budget - ($550 2) $225/Grocery/Onions.md,codex/financials/go_through/finances 1/Grocery Budget - ($550 2) $225/Grocery,codex,done,
codex/financials/go_through/finances 1/Grocery Budget - ($550 2) $225/Grocery/Paper Towels.md,codex/financials/go_through/finances 1/Grocery Budget - ($550 2) $225/Grocery,codex,done,
codex/financials/go_through/finances 1/Grocery Budget - ($550 2) $225/Grocery/Pasta Sauce.md,codex/financials/go_through/finances 1/Grocery Budget - ($550 2) $225/Grocery,codex,done,
codex/financials/go_through/finances 1/Grocery Budget - ($550 2) $225/Grocery/Peanut Butter.md,codex/financials/go_through/finances 1/Grocery Budget - ($550 2) $225/Grocery,codex,done,
codex/financials/go_through/finances 1/Grocery Budget - ($550 2) $225/Grocery/Plums.md,codex/financials/go_through/finances 1/Grocery Budget - ($550 2) $225/Grocery,codex,done,
codex/financials/go_through/finances 1/Grocery Budget - ($550 2) $225/Grocery/Potatoes.md,codex/financials/go_through/finances 1/Grocery Budget - ($550 2) $225/Grocery,codex,done,
codex/financials/go_through/finances 1/Grocery Budget - ($550 2) $225/Grocery/Red Beans.md,codex/financials/go_through/finances 1/Grocery Budget - ($550 2) $225/Grocery,codex,done,
codex/financials/go_through/finances 1/Grocery Budget - ($550 2) $225/Grocery/Spaghetti.md,codex/financials/go_through/finances 1/Grocery Budget - ($550 2) $225/Grocery,codex,done,
codex/financials/go_through/finances 1/Grocery Budget - ($550 2) $225/Grocery/Strawberries.md,codex/financials/go_through/finances 1/Grocery Budget - ($550 2) $225/Grocery,codex,done,
codex/financials/go_through/finances 1/Grocery Budget - ($550 2) $225/Grocery/Sugar.md,codex/financials/go_through/finances 1/Grocery Budget - ($550 2) $225/Grocery,codex,done,
codex/financials/go_through/finances 1/Grocery Budget - ($550 2) $225/Grocery/Syrup.md,codex/financials/go_through/finances 1/Grocery Budget - ($550 2) $225/Grocery,codex,done,
codex/financials/go_through/finances 1/Grocery Budget - ($550 2) $225/Grocery/Tea.md,codex/financials/go_through/finances 1/Grocery Budget - ($550 2) $225/Grocery,codex,done,
codex/financials/go_through/finances 1/Grocery Budget - ($550 2) $225/Grocery/Toilet Paper.md,codex/financials/go_through/finances 1/Grocery Budget - ($550 2) $225/Grocery,codex,done,
codex/financials/go_through/finances 1/Grocery Budget - ($550 2) $225/Grocery/Tomatoes.md,codex/financials/go_through/finances 1/Grocery Budget - ($550 2) $225/Grocery,codex,done,
codex/financials/go_through/finances 1/Grocery Budget - ($550 2) $225/Grocery/Tooth Paste.md,codex/financials/go_through/finances 1/Grocery Budget - ($550 2) $225/Grocery,codex,done,
codex/financials/go_through/finances 1/Grocery Budget - ($550 2) $225/Grocery/Untitled.md,codex/financials/go_through/finances 1/Grocery Budget - ($550 2) $225/Grocery,codex,done,
codex/financials/go_through/finances 1/Grocery Budget - ($550 2) $225/Grocery/Wet Cat Food.md,codex/financials/go_through/finances 1/Grocery Budget - ($550 2) $225/Grocery,codex,done,
codex/financials/go_through/finance 1/budget 1.md,codex/financials/go_through/finance 1,codex,done,
codex/financials/go_through/finance 1/budget.md,codex/financials/go_through/finance 1,codex,done,
codex/business/freelance/freelance_project.md,codex/business/freelance,codex,done,
codex/business/freelance/website_project/Dynamic Website Template.md,codex/business/freelance/website_project,codex,done,
codex/business/freelance/website_project/Website Template Overview.md,codex/business/freelance/website_project,codex,done,
codex/business/freelance/website_project/basic_app_template.md,codex/business/freelance/website_project,codex,done,
codex/business/freelance/website_project/najee 1.md,codex/business/freelance/website_project,codex,done,
codex/business/freelance/website_project/najee.md,codex/business/freelance/website_project,codex,done,
codex/business/freelance/website_project/react.md,codex/business/freelance/website_project,codex,done,
codex/business/freelance/website_project/website.md,codex/business/freelance/website_project,codex,done,
codex/business/freelance/website_project/websites.md,codex/business/freelance/website_project,codex,done,
codex/business/freelance/website_project/freelance/freelance_project.md,codex/business/freelance/website_project/freelance,codex,done,
codex/business/freelance/website_project/freelance/current_websites/asha_beauty/asha_beauty.md,codex/business/freelance/website_project/freelance/current_websites/asha_beauty,codex,done,
codex/business/freelance/website_project/freelance/current_websites/reeds_auto/reeds_auto.md,codex/business/freelance/website_project/freelance/current_websites/reeds_auto,codex,done,
codex/business/freelance/website_project/freelance/current_websites/sweet_hot_cocoa/april_website_notes.md,codex/business/freelance/website_project/freelance/current_websites/sweet_hot_cocoa,codex,done,
codex/business/freelance/website_project/freelance/current_websites/sweet_hot_cocoa/april_website_project.md,codex/business/freelance/website_project/freelance/current_websites/sweet_hot_cocoa,codex,done,
codex/business/freelance/website_project/freelance/completed_websites/my_website_jpoms.md,codex/business/freelance/website_project/freelance/completed_websites,codex,done,
codex/business/freelance/website_project/freelance/potential_websites/dons_podcast_website.md,codex/business/freelance/website_project/freelance/potential_websites,codex,skipped,empty file
codex/business/freelance/website_project/freelance/potential_websites/nolls_charity_website.md,codex/business/freelance/website_project/freelance/potential_websites,codex,skipped,empty file
codex/business/freelance/website_project/freelance/potential_websites/tashas_cleaning_website.md,codex/business/freelance/website_project/freelance/potential_websites,codex,skipped,empty file
codex/business/freelance/current_websites/asha_beauty/asha_beauty.md,codex/business/freelance/current_websites/asha_beauty,codex,done,
codex/business/freelance/current_websites/reeds_auto/reeds_auto.md,codex/business/freelance/current_websites/reeds_auto,codex,done,
codex/business/freelance/current_websites/sweet_hot_cocoa/april_website_notes.md,codex/business/freelance/current_websites/sweet_hot_cocoa,codex,done,
codex/business/freelance/current_websites/sweet_hot_cocoa/april_website_project.md,codex/business/freelance/current_websites/sweet_hot_cocoa,codex,done,
codex/business/freelance/completed_websites/my_website_jpoms.md,codex/business/freelance/completed_websites,codex,done,
codex/business/freelance/potential_websites/dons_podcast_website.md,codex/business/freelance/potential_websites,codex,skipped,empty file
codex/business/freelance/potential_websites/nolls_charity_website.md,codex/business/freelance/potential_websites,codex,skipped,empty file
codex/business/freelance/potential_websites/tashas_cleaning_website.md,codex/business/freelance/potential_websites,codex,skipped,empty file
codex/interests/travel/Camping.md,codex/interests/travel,codex,done,
codex/interests/travel/Nigeria.md,codex/interests/travel,codex,done,
codex/interests/travel/Traveling in skoolie.md,codex/interests/travel,codex,done,
codex/interests/travel/Traveling.md,codex/interests/travel,codex,done,
codex/interests/travel/project_nigeria/nigeria.md,codex/interests/travel/project_nigeria,codex,done,
codex/interests/travel/camping/camping.md,codex/interests/travel/camping,codex,done,
codex/interests/martial_arts/go_through/4 Virtues.md,codex/interests/martial_arts/go_through,codex,done,
codex/interests/martial_arts/go_through/Advice to Parents Article.md,codex/interests/martial_arts/go_through,codex,done,
codex/interests/martial_arts/go_through/BASIC SHAOLIN WORKOUT.md,codex/interests/martial_arts/go_through,codex,done,
codex/interests/martial_arts/go_through/Basic History of Chinese Martial Arts.md,codex/interests/martial_arts/go_through,codex,done,
codex/interests/martial_arts/go_through/Blocking.md,codex/interests/martial_arts/go_through,codex,done,
codex/interests/martial_arts/go_through/Chinese New Year.md,codex/interests/martial_arts/go_through,codex,done,
codex/interests/martial_arts/go_through/Chinese Terms.md,codex/interests/martial_arts/go_through,codex,done,
codex/interests/martial_arts/go_through/Climbing the Mountain performance.md,codex/interests/martial_arts/go_through,codex,done,
codex/interests/martial_arts/go_through/Count to Ten (Cantonese).md,codex/interests/martial_arts/go_through,codex,done,
codex/interests/martial_arts/go_through/Di Zi Gui (弟子規) - Standards for being a Good Pupil.md,codex/interests/martial_arts/go_through,codex,done,
codex/interests/martial_arts/go_through/Different Martial Arts.md,codex/interests/martial_arts/go_through,codex,done,
codex/interests/martial_arts/go_through/Discipline.md,codex/interests/martial_arts/go_through,codex,done,
codex/interests/martial_arts/go_through/Familial Terms.md,codex/interests/martial_arts/go_through,codex,done,
codex/interests/martial_arts/go_through/Four Anchors + Eight Guidelines.md,codex/interests/martial_arts/go_through,codex,done,
codex/interests/martial_arts/go_through/Glossary.md,codex/interests/martial_arts/go_through,codex,done,
codex/interests/martial_arts/go_through/Guan yu.md,codex/interests/martial_arts/go_through,codex,done,
codex/interests/martial_arts/go_through/Hoksan Sar Ping (鶴山沙坪(呂派)獅藝 - Lui Pai) Lion Arts.md,codex/interests/martial_arts/go_through,codex,done,
codex/interests/martial_arts/go_through/Intermediate Advanced Shaolin Class Jibengong.md,codex/interests/martial_arts/go_through,codex,done,
codex/interests/martial_arts/go_through/Kung Fu Association Meaning.md,codex/interests/martial_arts/go_through,codex,done,
codex/interests/martial_arts/go_through/Kung Fu Salute.md,codex/interests/martial_arts/go_through,codex,done,
codex/interests/martial_arts/go_through/Lion Dance.md,codex/interests/martial_arts/go_through,codex,done,
codex/interests/martial_arts/go_through/Liu He (六合 - Six Harmonies or Six Unions).md,codex/interests/martial_arts/go_through,codex,done,
codex/interests/martial_arts/go_through/Martial Arts Benefits.md,codex/interests/martial_arts/go_through,codex,done,
codex/interests/martial_arts/go_through/Martial Arts notebook.md,codex/interests/martial_arts/go_through,codex,done,
codex/interests/martial_arts/go_through/Martial Relationships.md,codex/interests/martial_arts/go_through,codex,done,
codex/interests/martial_arts/go_through/Neils take on Martial Arts.md,codex/interests/martial_arts/go_through,codex,done,
codex/interests/martial_arts/go_through/New Student Guide.md,codex/interests/martial_arts/go_through,codex,done,
codex/interests/martial_arts/go_through/Northern Shaolin Style (北少林拳 - Běi Shàolínquán.md,codex/interests/martial_arts/go_through,codex,done,
codex/interests/martial_arts/go_through/Practice.md,codex/interests/martial_arts/go_through,codex,done,
codex/interests/martial_arts/go_through/Principles of Chinese Business.md,codex/interests/martial_arts/go_through,codex,done,
codex/interests/martial_arts/go_through/Qi Chi.md,codex/interests/martial_arts/go_through,codex,done,
codex/interests/martial_arts/go_through/Rigorous Training.md,codex/interests/martial_arts/go_through,codex,done,
codex/interests/martial_arts/go_through/Salute.md,codex/interests/martial_arts/go_through,codex,done,
codex/interests/martial_arts/go_through/Stretches.md,codex/interests/martial_arts/go_through,codex,done,
codex/interests/martial_arts/go_through/The Legacy of Grandmaster Gu Ruzhang (顾汝章).md,codex/interests/martial_arts/go_through,codex,done,
codex/interests/martial_arts/go_through/Three Main Pillars.md,codex/interests/martial_arts/go_through,codex,done,
codex/interests/martial_arts/go_through/What to look for in a martial school.md,codex/interests/martial_arts/go_through,codex,done,
codex/interests/martial_arts/go_through/Why I chose Zhong Yi.md,codex/interests/martial_arts/go_through,codex,done,
codex/interests/martial_arts/go_through/Wǔ Guǎn” (武館– literally “Martial Hall”).md,codex/interests/martial_arts/go_through,codex,done,
codex/interests/martial_arts/go_through/kung_fu_notebook.md,codex/interests/martial_arts/go_through,codex,skipped,empty file
codex/interests/martial_arts/go_through/Hoksan Sar Ping (鶴山沙坪(呂派)獅藝 - Lui Pai) Lion Arts/Dance Lion Documentary notes.md,codex/interests/martial_arts/go_through/Hoksan Sar Ping (鶴山沙坪(呂派)獅藝 - Lui Pai) Lion Arts,codex,done,
codex/interests/martial_arts/go_through/Hoksan Sar Ping (鶴山沙坪(呂派)獅藝 - Lui Pai) Lion Arts/Greeting VIPs + Crossing Bridge.md,codex/interests/martial_arts/go_through/Hoksan Sar Ping (鶴山沙坪(呂派)獅藝 - Lui Pai) Lion Arts,codex,done,
codex/interests/martial_arts/go_through/Hoksan Sar Ping (鶴山沙坪(呂派)獅藝 - Lui Pai) Lion Arts/History of Sar Ping Lion Dance.md,codex/interests/martial_arts/go_through/Hoksan Sar Ping (鶴山沙坪(呂派)獅藝 - Lui Pai) Lion Arts,codex,done,
codex/interests/martial_arts/go_through/Hoksan Sar Ping (鶴山沙坪(呂派)獅藝 - Lui Pai) Lion Arts/Jongs Performance.md,codex/interests/martial_arts/go_through/Hoksan Sar Ping (鶴山沙坪(呂派)獅藝 - Lui Pai) Lion Arts,codex,done,
codex/interests/martial_arts/go_through/Hoksan Sar Ping (鶴山沙坪(呂派)獅藝 - Lui Pai) Lion Arts/Lion Dance History.md,codex/interests/martial_arts/go_through/Hoksan Sar Ping (鶴山沙坪(呂派)獅藝 - Lui Pai) Lion Arts,codex,done,
codex/interests/martial_arts/go_through/Hoksan Sar Ping (鶴山沙坪(呂派)獅藝 - Lui Pai) Lion Arts/Lion Dance Notes.md,codex/interests/martial_arts/go_through/Hoksan Sar Ping (鶴山沙坪(呂派)獅藝 - Lui Pai) Lion Arts,codex,done,
codex/interests/martial_arts/go_through/Hoksan Sar Ping (鶴山沙坪(呂派)獅藝 - Lui Pai) Lion Arts/Sar Ping Basic Beats.md,codex/interests/martial_arts/go_through/Hoksan Sar Ping (鶴山沙坪(呂派)獅藝 - Lui Pai) Lion Arts,codex,done,
codex/interests/martial_arts/go_through/Hoksan Sar Ping (鶴山沙坪(呂派)獅藝 - Lui Pai) Lion Arts/Sar Ping Notes.md,codex/interests/martial_arts/go_through/Hoksan Sar Ping (鶴山沙坪(呂派)獅藝 - Lui Pai) Lion Arts,codex,done,
codex/interests/martial_arts/go_through/Hoksan Sar Ping (鶴山沙坪(呂派)獅藝 - Lui Pai) Lion Arts/Team Buddha Gate Performance.md,codex/interests/martial_arts/go_through/Hoksan Sar Ping (鶴山沙坪(呂派)獅藝 - Lui Pai) Lion Arts,codex,done,
codex/interests/martial_arts/go_through/Hoksan Sar Ping (鶴山沙坪(呂派)獅藝 - Lui Pai) Lion Arts/Team Twin Dragons Performace.md,codex/interests/martial_arts/go_through/Hoksan Sar Ping (鶴山沙坪(呂派)獅藝 - Lui Pai) Lion Arts,codex,done,
codex/interests/martial_arts/go_through/Hoksan Sar Ping (鶴山沙坪(呂派)獅藝 - Lui Pai) Lion Arts/World Sar Ping todo.md,codex/interests/martial_arts/go_through/Hoksan Sar Ping (鶴山沙坪(呂派)獅藝 - Lui Pai) Lion Arts,codex,done,
codex/interests/martial_arts/go_through/Hoksan Sar Ping (鶴山沙坪(呂派)獅藝 - Lui Pai) Lion Arts/received_2256869431026605.jpeg,codex/interests/martial_arts/go_through/Hoksan Sar Ping (鶴山沙坪(呂派)獅藝 - Lui Pai) Lion Arts,codex,skipped,non-text file
codex/interests/martial_arts/go_through/Hoksan Sar Ping (鶴山沙坪(呂派)獅藝 - Lui Pai) Lion Arts/Lion Dance Notes/Performance.md,codex/interests/martial_arts/go_through/Hoksan Sar Ping (鶴山沙坪(呂派)獅藝 - Lui Pai) Lion Arts/Lion Dance Notes,codex,done,
codex/interests/martial_arts/go_through/The Legacy of Grandmaster Gu Ruzhang (顾汝章)/Space.md,codex/interests/martial_arts/go_through/The Legacy of Grandmaster Gu Ruzhang (顾汝章),codex,done,
codex/interests/martial_arts/go_through/The Legacy of Grandmaster Gu Ruzhang (顾汝章)/Untitled.png,codex/interests/martial_arts/go_through/The Legacy of Grandmaster Gu Ruzhang (顾汝章),codex,skipped,non-text file
codex/interests/martial_arts/go_through/The Legacy of Grandmaster Gu Ruzhang (顾汝章)/Space/A Magnetic Wormhole That Connects Two Regions of.md,codex/interests/martial_arts/go_through/The Legacy of Grandmaster Gu Ruzhang (顾汝章)/Space,codex,done,
codex/interests/martial_arts/go_through/The Legacy of Grandmaster Gu Ruzhang (顾汝章)/Space/A gorgeous new map of the solar system.md,codex/interests/martial_arts/go_through/The Legacy of Grandmaster Gu Ruzhang (顾汝章)/Space,codex,done,
codex/interests/martial_arts/go_through/The Legacy of Grandmaster Gu Ruzhang (顾汝章)/Space/Carl Sagans 1994 Lost Lecture The Age of Explorat.md,codex/interests/martial_arts/go_through/The Legacy of Grandmaster Gu Ruzhang (顾汝章)/Space,codex,done,
codex/interests/martial_arts/go_through/The Legacy of Grandmaster Gu Ruzhang (顾汝章)/Space/Carl Sagans Solar Sail Is Finally Ready To Fly.md,codex/interests/martial_arts/go_through/The Legacy of Grandmaster Gu Ruzhang (顾汝章)/Space,codex,done,
codex/interests/martial_arts/go_through/The Legacy of Grandmaster Gu Ruzhang (顾汝章)/Space/Cosmos - Carl Sagan - 4th Dimension .md,codex/interests/martial_arts/go_through/The Legacy of Grandmaster Gu Ruzhang (顾汝章)/Space,codex,done,
codex/interests/martial_arts/go_through/The Legacy of Grandmaster Gu Ruzhang (顾汝章)/Space/Dr Quantum - Double Slit Experiment .md,codex/interests/martial_arts/go_through/The Legacy of Grandmaster Gu Ruzhang (顾汝章)/Space,codex,done,
codex/interests/martial_arts/go_through/The Legacy of Grandmaster Gu Ruzhang (顾汝章)/Space/Golden Record Greetings to the Universe.md,codex/interests/martial_arts/go_through/The Legacy of Grandmaster Gu Ruzhang (顾汝章)/Space,codex,done,
codex/interests/martial_arts/go_through/The Legacy of Grandmaster Gu Ruzhang (顾汝章)/Space/SpaceX Dragon docks into the ISS carrying a promis.md,codex/interests/martial_arts/go_through/The Legacy of Grandmaster Gu Ruzhang (顾汝章)/Space,codex,done,
codex/interests/martial_arts/go_through/The Legacy of Grandmaster Gu Ruzhang (顾汝章)/Space/Stephen Hawkings breathtaking final multiverse.md,codex/interests/martial_arts/go_through/The Legacy of Grandmaster Gu Ruzhang (顾汝章)/Space,codex,done,
codex/interests/martial_arts/go_through/The Legacy of Grandmaster Gu Ruzhang (顾汝章)/Space/The Cold Spot - Signs of Another Universe in the C.md,codex/interests/martial_arts/go_through/The Legacy of Grandmaster Gu Ruzhang (顾汝章)/Space,codex,done,
"codex/interests/martial_arts/go_through/The Legacy of Grandmaster Gu Ruzhang (顾汝章)/Space/The interstellar contributions of Kip Thorne, the.md",codex/interests/martial_arts/go_through/The Legacy of Grandmaster Gu Ruzhang (顾汝章)/Space,codex,done,
codex/interests/martial_arts/go_through/The Legacy of Grandmaster Gu Ruzhang (顾汝章)/Space/Video Astronaut Scott Kelly teaches orbital mechan.md,codex/interests/martial_arts/go_through/The Legacy of Grandmaster Gu Ruzhang (顾汝章)/Space,codex,done,
codex/interests/martial_arts/go_through/The Legacy of Grandmaster Gu Ruzhang (顾汝章)/Space/We Are NASA .md,codex/interests/martial_arts/go_through/The Legacy of Grandmaster Gu Ruzhang (顾汝章)/Space,codex,done,
codex/interests/martial_arts/go_through/The Legacy of Grandmaster Gu Ruzhang (顾汝章)/Space/What is Space Time and How it Works Documentary .md,codex/interests/martial_arts/go_through/The Legacy of Grandmaster Gu Ruzhang (顾汝章)/Space,codex,done,
codex/interests/martial_arts/go_through/The Legacy of Grandmaster Gu Ruzhang (顾汝章)/Space/What is dead may never die.md,codex/interests/martial_arts/go_through/The Legacy of Grandmaster Gu Ruzhang (顾汝章)/Space,codex,done,
codex/interests/martial_arts/go_through/The Legacy of Grandmaster Gu Ruzhang (顾汝章)/Space/Why Cosmic Horror is Hard To Make .md,codex/interests/martial_arts/go_through/The Legacy of Grandmaster Gu Ruzhang (顾汝章)/Space,codex,done,
codex/interests/martial_arts/go_through/The Legacy of Grandmaster Gu Ruzhang (顾汝章)/Space/r AskReddit - What is the craziest fact you know a.md,codex/interests/martial_arts/go_through/The Legacy of Grandmaster Gu Ruzhang (顾汝章)/Space,codex,done,
codex/interests/martial_arts/go_through/Climbing the Mountain performance/Untitled.md,codex/interests/martial_arts/go_through/Climbing the Mountain performance,codex,done,
codex/interests/martial_arts/go_through/Glossary/Terms 3f3a706fc5f94992983868b21fff66d9.csv,codex/interests/martial_arts/go_through/Glossary,codex,skipped,non-text file
codex/interests/martial_arts/go_through/Glossary/Terms/Chi gong Qi gong.md,codex/interests/martial_arts/go_through/Glossary/Terms,codex,done,
codex/interests/martial_arts/go_through/Glossary/Terms/Chin Yee.md,codex/interests/martial_arts/go_through/Glossary/Terms,codex,done,
codex/interests/martial_arts/go_through/Glossary/Terms/Ching Gong.md,codex/interests/martial_arts/go_through/Glossary/Terms,codex,done,
codex/interests/martial_arts/go_through/Glossary/Terms/Cun jin.md,codex/interests/martial_arts/go_through/Glossary/Terms,codex,done,
codex/interests/martial_arts/go_through/Glossary/Terms/Fa Jin.md,codex/interests/martial_arts/go_through/Glossary/Terms,codex,done,
codex/interests/martial_arts/go_through/Glossary/Terms/Fa Jing.md,codex/interests/martial_arts/go_through/Glossary/Terms,codex,done,
codex/interests/martial_arts/go_through/Glossary/Terms/Qi or Chi.md,codex/interests/martial_arts/go_through/Glossary/Terms,codex,done,
codex/interests/martial_arts/go_through/Glossary/Terms/Wulin.md,codex/interests/martial_arts/go_through/Glossary/Terms,codex,done,
codex/interests/martial_arts/go_through/Glossary/Terms/Wuxias.md,codex/interests/martial_arts/go_through/Glossary/Terms,codex,done,
codex/interests/martial_arts/go_through/Qi Chi/Untitled 1.png,codex/interests/martial_arts/go_through/Qi Chi,codex,skipped,non-text file
codex/interests/martial_arts/go_through/Qi Chi/Untitled.png,codex/interests/martial_arts/go_through/Qi Chi,codex,skipped,non-text file
codex/interests/martial_arts/go_through/Stretches/Stretches 9fadb17929784e1db580059b9dacceb6.csv,codex/interests/martial_arts/go_through/Stretches,codex,skipped,non-text file
codex/interests/martial_arts/go_through/Stretches/Stretches/Ce Ban Tui Stretch.md,codex/interests/martial_arts/go_through/Stretches/Stretches,codex,done,
codex/interests/martial_arts/go_through/Stretches/Stretches/Ce Ya Tui Stretch.md,codex/interests/martial_arts/go_through/Stretches/Stretches,codex,done,
codex/interests/martial_arts/go_through/Stretches/Stretches/Dan Jian Rao Huan Stretch.md,codex/interests/martial_arts/go_through/Stretches/Stretches,codex,done,
codex/interests/martial_arts/go_through/Stretches/Stretches/Fu Hu Bu Ya Tui Stretch.md,codex/interests/martial_arts/go_through/Stretches/Stretches,codex,done,
codex/interests/martial_arts/go_through/Stretches/Stretches/Hou Ya Tui Stretch.md,codex/interests/martial_arts/go_through/Stretches/Stretches,codex,done,
codex/interests/martial_arts/go_through/Stretches/Stretches/Pi Huang Cha Stretch.md,codex/interests/martial_arts/go_through/Stretches/Stretches,codex,done,
codex/interests/martial_arts/go_through/Stretches/Stretches/Qian Fu Yao Stretch.md,codex/interests/martial_arts/go_through/Stretches/Stretches,codex,done,
codex/interests/martial_arts/go_through/Stretches/Stretches/Shu Cha Stretch.md,codex/interests/martial_arts/go_through/Stretches/Stretches,codex,done,
codex/interests/martial_arts/go_through/Stretches/Stretches/Ya Jian Stretch.md,codex/interests/martial_arts/go_through/Stretches/Stretches,codex,done,
codex/interests/martial_arts/go_through/Stretches/Stretches/Zheng Ban Tui Stretch.md,codex/interests/martial_arts/go_through/Stretches/Stretches,codex,done,
codex/interests/martial_arts/go_through/Stretches/Stretches/Zheng Ya Tui Stretch.md,codex/interests/martial_arts/go_through/Stretches/Stretches,codex,done,
codex/interests/martial_arts/go_through/Stretches/Stretches/Hou Ya Tui Stretch/Hou_Ya_Tui_Stretch.jpg,codex/interests/martial_arts/go_through/Stretches/Stretches/Hou Ya Tui Stretch,codex,skipped,non-text file
codex/interests/martial_arts/go_through/Stretches/Stretches/Fu Hu Bu Ya Tui Stretch/Fu_Hu_Bu_Ya_Tui_Stretch.jpg,codex/interests/martial_arts/go_through/Stretches/Stretches/Fu Hu Bu Ya Tui Stretch,codex,skipped,non-text file
codex/interests/martial_arts/go_through/Stretches/Stretches/Shu Cha Stretch/Shu_Cha_Stretch.jpg,codex/interests/martial_arts/go_through/Stretches/Stretches/Shu Cha Stretch,codex,skipped,non-text file
codex/interests/martial_arts/go_through/Stretches/Stretches/Zheng Ya Tui Stretch/Zheng_Ya_Tui_Stretch.jpg,codex/interests/martial_arts/go_through/Stretches/Stretches/Zheng Ya Tui Stretch,codex,skipped,non-text file
codex/interests/martial_arts/go_through/Stretches/Stretches/Pi Huang Cha Stretch/Pi_Huang_Cha_Stretch.jpg,codex/interests/martial_arts/go_through/Stretches/Stretches/Pi Huang Cha Stretch,codex,skipped,non-text file
codex/interests/martial_arts/go_through/Stretches/Stretches/Ce Ya Tui Stretch/Ce_Ya_Tui_Stretch.jpg,codex/interests/martial_arts/go_through/Stretches/Stretches/Ce Ya Tui Stretch,codex,skipped,non-text file
codex/interests/martial_arts/go_through/Stretches/Stretches/Zheng Ban Tui Stretch/Zheng_Ban_Tui_Stretch.jpg,codex/interests/martial_arts/go_through/Stretches/Stretches/Zheng Ban Tui Stretch,codex,skipped,non-text file
codex/interests/martial_arts/go_through/Stretches/Stretches/Ce Ban Tui Stretch/Ce_Ban_Tui_Stretch.jpg,codex/interests/martial_arts/go_through/Stretches/Stretches/Ce Ban Tui Stretch,codex,skipped,non-text file
codex/interests/martial_arts/go_through/Stretches/Stretches/Ya Jian Stretch/Ya_Jian_Stretch.jpg,codex/interests/martial_arts/go_through/Stretches/Stretches/Ya Jian Stretch,codex,skipped,non-text file
codex/interests/martial_arts/go_through/Stretches/Stretches/Dan Jian Rao Huan Stretch/Dan_Jian_Rao_Huan_Stretch.jpg,codex/interests/martial_arts/go_through/Stretches/Stretches/Dan Jian Rao Huan Stretch,codex,skipped,non-text file
codex/interests/martial_arts/go_through/Stretches/Stretches/Qian Fu Yao Stretch/Qian_Fu_Yao_Stretch.jpg,codex/interests/martial_arts/go_through/Stretches/Stretches/Qian Fu Yao Stretch,codex,skipped,non-text file
codex/interests/martial_arts/go_through/Kung Fu Salute/Untitled.png,codex/interests/martial_arts/go_through/Kung Fu Salute,codex,skipped,non-text file
codex/interests/martial_arts/go_through/Different Martial Arts/Screenshot_20190501-110138.png,codex/interests/martial_arts/go_through/Different Martial Arts,codex,skipped,non-text file
codex/interests/martial_arts/go_through/Martial Relationships/Untitled.md,codex/interests/martial_arts/go_through/Martial Relationships,codex,done,
codex/interests/martial_arts/go_through/Martial Relationships/Untitled/69088547_2492552207454288_4138174846230069248_n.jpg,codex/interests/martial_arts/go_through/Martial Relationships/Untitled,codex,skipped,non-text file
codex/interests/martial_arts/go_through/Northern Shaolin Style (北少林拳 - Běi Shàolínquán/Grandmaster Gu Ruzhang.md,codex/interests/martial_arts/go_through/Northern Shaolin Style (北少林拳 - Běi Shàolínquán,codex,done,
codex/interests/martial_arts/go_through/Northern Shaolin Style (北少林拳 - Běi Shàolínquán/Kicks.md,codex/interests/martial_arts/go_through/Northern Shaolin Style (北少林拳 - Běi Shàolínquán,codex,done,
codex/interests/martial_arts/go_through/Northern Shaolin Style (北少林拳 - Běi Shàolínquán/Master Yú Zhènshēng and Master Ma Jinbião.md,codex/interests/martial_arts/go_through/Northern Shaolin Style (北少林拳 - Běi Shàolínquán,codex,done,
codex/interests/martial_arts/go_through/Northern Shaolin Style (北少林拳 - Běi Shàolínquán/Punches.md,codex/interests/martial_arts/go_through/Northern Shaolin Style (北少林拳 - Běi Shàolínquán,codex,done,
codex/interests/martial_arts/go_through/Northern Shaolin Style (北少林拳 - Běi Shàolínquán/Qínná (擒拿) - Seizing and Capturing.md,codex/interests/martial_arts/go_through/Northern Shaolin Style (北少林拳 - Běi Shàolínquán,codex,done,
codex/interests/martial_arts/go_through/Northern Shaolin Style (北少林拳 - Běi Shàolínquán/Stances.md,codex/interests/martial_arts/go_through/Northern Shaolin Style (北少林拳 - Běi Shàolínquán,codex,done,
codex/interests/martial_arts/go_through/Northern Shaolin Style (北少林拳 - Běi Shàolínquán/Taulu (套路).md,codex/interests/martial_arts/go_through/Northern Shaolin Style (北少林拳 - Běi Shàolínquán,codex,done,
codex/interests/martial_arts/go_through/Northern Shaolin Style (北少林拳 - Běi Shàolínquán/Wǔ Cháoxiāng (武朝相 also Wu Chao-hsiang).md,codex/interests/martial_arts/go_through/Northern Shaolin Style (北少林拳 - Běi Shàolínquán,codex,done,
codex/interests/martial_arts/go_through/Northern Shaolin Style (北少林拳 - Běi Shàolínquán/Zhong Yi Kung Fu Association (忠義國術館).md,codex/interests/martial_arts/go_through/Northern Shaolin Style (北少林拳 - Běi Shàolínquán,codex,done,
codex/interests/martial_arts/go_through/Northern Shaolin Style (北少林拳 - Běi Shàolínquán/Taulu (套路)/Broad Sword History.md,codex/interests/martial_arts/go_through/Northern Shaolin Style (北少林拳 - Běi Shàolínquán/Taulu (套路),codex,done,
codex/interests/martial_arts/go_through/Northern Shaolin Style (北少林拳 - Běi Shàolínquán/Taulu (套路)/IMG_20180731_214846646.jpg,codex/interests/martial_arts/go_through/Northern Shaolin Style (北少林拳 - Běi Shàolínquán/Taulu (套路),codex,skipped,non-text file
codex/interests/martial_arts/go_through/Northern Shaolin Style (北少林拳 - Běi Shàolínquán/Taulu (套路)/Shi Er Lu Tan Tui (十二路彈腿).md,codex/interests/martial_arts/go_through/Northern Shaolin Style (北少林拳 - Běi Shàolínquán/Taulu (套路),codex,done,
codex/interests/martial_arts/go_through/Northern Shaolin Style (北少林拳 - Běi Shàolínquán/Taulu (套路)/Xiǎo Huā Gùn (小花棍) 816c2a5fa56f489bb3452ee9f49d8535.csv,codex/interests/martial_arts/go_through/Northern Shaolin Style (北少林拳 - Běi Shàolínquán/Taulu (套路),codex,skipped,non-text file
codex/interests/martial_arts/go_through/Northern Shaolin Style (北少林拳 - Běi Shàolínquán/Taulu (套路)/Shi Er Lu Tan Tui (十二路彈腿)/Line 1 bec6c1fe114d43de9c2cdbd95ea71aa7.csv,codex/interests/martial_arts/go_through/Northern Shaolin Style (北少林拳 - Běi Shàolínquán/Taulu (套路)/Shi Er Lu Tan Tui (十二路彈腿),codex,skipped,non-text file
codex/interests/martial_arts/go_through/Northern Shaolin Style (北少林拳 - Běi Shàolínquán/Taulu (套路)/Shi Er Lu Tan Tui (十二路彈腿)/Line 10 9dc38004f0d14f4b9065a3a9951e03eb.csv,codex/interests/martial_arts/go_through/Northern Shaolin Style (北少林拳 - Běi Shàolínquán/Taulu (套路)/Shi Er Lu Tan Tui (十二路彈腿),codex,skipped,non-text file
codex/interests/martial_arts/go_through/Northern Shaolin Style (北少林拳 - Běi Shàolínquán/Taulu (套路)/Shi Er Lu Tan Tui (十二路彈腿)/Line 11 f47696a6e11a450b8ca3185b8aedb29b.csv,codex/interests/martial_arts/go_through/Northern Shaolin Style (北少林拳 - Běi Shàolínquán/Taulu (套路)/Shi Er Lu Tan Tui (十二路彈腿),codex,skipped,non-text file
codex/interests/martial_arts/go_through/Northern Shaolin Style (北少林拳 - Běi Shàolínquán/Taulu (套路)/Shi Er Lu Tan Tui (十二路彈腿)/Line 12 ea66784218514883bd0be4c040f4359b.csv,codex/interests/martial_arts/go_through/Northern Shaolin Style (北少林拳 - Běi Shàolínquán/Taulu (套路)/Shi Er Lu Tan Tui (十二路彈腿),codex,skipped,non-text file
codex/interests/martial_arts/go_through/Northern Shaolin Style (北少林拳 - Běi Shàolínquán/Taulu (套路)/Shi Er Lu Tan Tui (十二路彈腿)/Line 2 b1e011ddc0c44e7a85e0aeed17f7aad3.csv,codex/interests/martial_arts/go_through/Northern Shaolin Style (北少林拳 - Běi Shàolínquán/Taulu (套路)/Shi Er Lu Tan Tui (十二路彈腿),codex,skipped,non-text file
codex/interests/martial_arts/go_through/Northern Shaolin Style (北少林拳 - Běi Shàolínquán/Taulu (套路)/Shi Er Lu Tan Tui (十二路彈腿)/Line 3 36f0c8e02d884c42b4e450a2fc862f3b.csv,codex/interests/martial_arts/go_through/Northern Shaolin Style (北少林拳 - Běi Shàolínquán/Taulu (套路)/Shi Er Lu Tan Tui (十二路彈腿),codex,skipped,non-text file
codex/interests/martial_arts/go_through/Northern Shaolin Style (北少林拳 - Běi Shàolínquán/Taulu (套路)/Shi Er Lu Tan Tui (十二路彈腿)/Line 4 e7487bc35dfe4c259529c60d6e3ae2d1.csv,codex/interests/martial_arts/go_through/Northern Shaolin Style (北少林拳 - Běi Shàolínquán/Taulu (套路)/Shi Er Lu Tan Tui (十二路彈腿),codex,skipped,non-text file
codex/interests/martial_arts/go_through/Northern Shaolin Style (北少林拳 - Běi Shàolínquán/Taulu (套路)/Shi Er Lu Tan Tui (十二路彈腿)/Line 5 4478c41446734ad19ef156ef14833eb4.csv,codex/interests/martial_arts/go_through/Northern Shaolin Style (北少林拳 - Běi Shàolínquán/Taulu (套路)/Shi Er Lu Tan Tui (十二路彈腿),codex,skipped,non-text file
codex/interests/martial_arts/go_through/Northern Shaolin Style (北少林拳 - Běi Shàolínquán/Taulu (套路)/Shi Er Lu Tan Tui (十二路彈腿)/Line 6 eb8f506c4e994d879b0677309050971d.csv,codex/interests/martial_arts/go_through/Northern Shaolin Style (北少林拳 - Běi Shàolínquán/Taulu (套路)/Shi Er Lu Tan Tui (十二路彈腿),codex,skipped,non-text file
codex/interests/martial_arts/go_through/Northern Shaolin Style (北少林拳 - Běi Shàolínquán/Taulu (套路)/Shi Er Lu Tan Tui (十二路彈腿)/Line 7 531645c96ddf4e0da5438a156fc262fc.csv,codex/interests/martial_arts/go_through/Northern Shaolin Style (北少林拳 - Běi Shàolínquán/Taulu (套路)/Shi Er Lu Tan Tui (十二路彈腿),codex,skipped,non-text file
codex/interests/martial_arts/go_through/Northern Shaolin Style (北少林拳 - Běi Shàolínquán/Taulu (套路)/Shi Er Lu Tan Tui (十二路彈腿)/Line 8 5b9de21caad74f938f8c6c309dc2bf8e.csv,codex/interests/martial_arts/go_through/Northern Shaolin Style (北少林拳 - Běi Shàolínquán/Taulu (套路)/Shi Er Lu Tan Tui (十二路彈腿),codex,skipped,non-text file
codex/interests/martial_arts/go_through/Northern Shaolin Style (北少林拳 - Běi Shàolínquán/Taulu (套路)/Shi Er Lu Tan Tui (十二路彈腿)/Line 9 8fd0f8c99ef046a5b5d8f12ce5af1e55.csv,codex/interests/martial_arts/go_through/Northern Shaolin Style (北少林拳 - Běi Shàolínquán/Taulu (套路)/Shi Er Lu Tan Tui (十二路彈腿),codex,skipped,non-text file
codex/interests/martial_arts/go_through/Northern Shaolin Style (北少林拳 - Běi Shàolínquán/Taulu (套路)/Shi Er Lu Tan Tui (十二路彈腿)/Line 4/1.md,codex/interests/martial_arts/go_through/Northern Shaolin Style (北少林拳 - Běi Shàolínquán/Taulu (套路)/Shi Er Lu Tan Tui (十二路彈腿)/Line 4,codex,done,
codex/interests/martial_arts/go_through/Northern Shaolin Style (北少林拳 - Běi Shàolínquán/Taulu (套路)/Shi Er Lu Tan Tui (十二路彈腿)/Line 4/2.md,codex/interests/martial_arts/go_through/Northern Shaolin Style (北少林拳 - Běi Shàolínquán/Taulu (套路)/Shi Er Lu Tan Tui (十二路彈腿)/Line 4,codex,done,
codex/interests/martial_arts/go_through/Northern Shaolin Style (北少林拳 - Běi Shàolínquán/Taulu (套路)/Shi Er Lu Tan Tui (十二路彈腿)/Line 4/3.md,codex/interests/martial_arts/go_through/Northern Shaolin Style (北少林拳 - Běi Shàolínquán/Taulu (套路)/Shi Er Lu Tan Tui (十二路彈腿)/Line 4,codex,done,
codex/interests/martial_arts/go_through/Northern Shaolin Style (北少林拳 - Běi Shàolínquán/Taulu (套路)/Shi Er Lu Tan Tui (十二路彈腿)/Line 4/4.md,codex/interests/martial_arts/go_through/Northern Shaolin Style (北少林拳 - Běi Shàolínquán/Taulu (套路)/Shi Er Lu Tan Tui (十二路彈腿)/Line 4,codex,done,
codex/interests/martial_arts/go_through/Northern Shaolin Style (北少林拳 - Běi Shàolínquán/Taulu (套路)/Shi Er Lu Tan Tui (十二路彈腿)/Line 4/5.md,codex/interests/martial_arts/go_through/Northern Shaolin Style (北少林拳 - Běi Shàolínquán/Taulu (套路)/Shi Er Lu Tan Tui (十二路彈腿)/Line 4,codex,done,
codex/interests/martial_arts/go_through/Northern Shaolin Style (北少林拳 - Běi Shàolínquán/Taulu (套路)/Shi Er Lu Tan Tui (十二路彈腿)/Line 4/6.md,codex/interests/martial_arts/go_through/Northern Shaolin Style (北少林拳 - Běi Shàolínquán/Taulu (套路)/Shi Er Lu Tan Tui (十二路彈腿)/Line 4,codex,done,
codex/interests/martial_arts/go_through/Northern Shaolin Style (北少林拳 - Běi Shàolínquán/Taulu (套路)/Shi Er Lu Tan Tui (十二路彈腿)/Line 4/7.md,codex/interests/martial_arts/go_through/Northern Shaolin Style (北少林拳 - Běi Shàolínquán/Taulu (套路)/Shi Er Lu Tan Tui (十二路彈腿)/Line 4,codex,done,
codex/interests/martial_arts/go_through/Northern Shaolin Style (北少林拳 - Běi Shàolínquán/Taulu (套路)/Shi Er Lu Tan Tui (十二路彈腿)/Line 4/8a.md,codex/interests/martial_arts/go_through/Northern Shaolin Style (北少林拳 - Běi Shàolínquán/Taulu (套路)/Shi Er Lu Tan Tui (十二路彈腿)/Line 4,codex,done,
codex/interests/martial_arts/go_through/Northern Shaolin Style (北少林拳 - Běi Shàolínquán/Taulu (套路)/Shi Er Lu Tan Tui (十二路彈腿)/Line 4/8b.md,codex/interests/martial_arts/go_through/Northern Shaolin Style (北少林拳 - Běi Shàolínquán/Taulu (套路)/Shi Er Lu Tan Tui (十二路彈腿)/Line 4,codex,done,
codex/interests/martial_arts/go_through/Northern Shaolin Style (北少林拳 - Běi Shàolínquán/Taulu (套路)/Shi Er Lu Tan Tui (十二路彈腿)/Line 4/9.md,codex/interests/martial_arts/go_through/Northern Shaolin Style (北少林拳 - Běi Shàolínquán/Taulu (套路)/Shi Er Lu Tan Tui (十二路彈腿)/Line 4,codex,done,
codex/interests/martial_arts/go_through/Northern Shaolin Style (北少林拳 - Běi Shàolínquán/Taulu (套路)/Shi Er Lu Tan Tui (十二路彈腿)/Line 4/5 dffe1dbacfea497e82b8bd0f1c019b8f/5.jpg,codex/interests/martial_arts/go_through/Northern Shaolin Style (北少林拳 - Běi Shàolínquán/Taulu (套路)/Shi Er Lu Tan Tui (十二路彈腿)/Line 4/5 dffe1dbacfea497e82b8bd0f1c019b8f,codex,skipped,non-text file
codex/interests/martial_arts/go_through/Northern Shaolin Style (北少林拳 - Běi Shàolínquán/Taulu (套路)/Shi Er Lu Tan Tui (十二路彈腿)/Line 4/4 4be5c1fe1114468cb68ee739e432eee6/4.jpg,codex/interests/martial_arts/go_through/Northern Shaolin Style (北少林拳 - Běi Shàolínquán/Taulu (套路)/Shi Er Lu Tan Tui (十二路彈腿)/Line 4/4 4be5c1fe1114468cb68ee739e432eee6,codex,skipped,non-text file
codex/interests/martial_arts/go_through/Northern Shaolin Style (北少林拳 - Běi Shàolínquán/Taulu (套路)/Shi Er Lu Tan Tui (十二路彈腿)/Line 4/6 010c51e8067f4852994824dac575882c/6.jpg,codex/interests/martial_arts/go_through/Northern Shaolin Style (北少林拳 - Běi Shàolínquán/Taulu (套路)/Shi Er Lu Tan Tui (十二路彈腿)/Line 4/6 010c51e8067f4852994824dac575882c,codex,skipped,non-text file
codex/interests/martial_arts/go_through/Northern Shaolin Style (北少林拳 - Běi Shàolínquán/Taulu (套路)/Shi Er Lu Tan Tui (十二路彈腿)/Line 4/8b f67ca9db6a994a3c932e7b352e020010/8b.jpg,codex/interests/martial_arts/go_through/Northern Shaolin Style (北少林拳 - Běi Shàolínquán/Taulu (套路)/Shi Er Lu Tan Tui (十二路彈腿)/Line 4/8b f67ca9db6a994a3c932e7b352e020010,codex,skipped,non-text file
codex/interests/martial_arts/go_through/Northern Shaolin Style (北少林拳 - Běi Shàolínquán/Taulu (套路)/Shi Er Lu Tan Tui (十二路彈腿)/Line 4/8a c86d02e444a74281a9f469676611ab5b/8a.jpg,codex/interests/martial_arts/go_through/Northern Shaolin Style (北少林拳 - Běi Shàolínquán/Taulu (套路)/Shi Er Lu Tan Tui (十二路彈腿)/Line 4/8a c86d02e444a74281a9f469676611ab5b,codex,skipped,non-text file
codex/interests/martial_arts/go_through/Northern Shaolin Style (北少林拳 - Běi Shàolínquán/Taulu (套路)/Shi Er Lu Tan Tui (十二路彈腿)/Line 4/9 137ba4f043ba47e3bc3a546e4472c962/9.jpg,codex/interests/martial_arts/go_through/Northern Shaolin Style (北少林拳 - Běi Shàolínquán/Taulu (套路)/Shi Er Lu Tan Tui (十二路彈腿)/Line 4/9 137ba4f043ba47e3bc3a546e4472c962,codex,skipped,non-text file
codex/interests/martial_arts/go_through/Northern Shaolin Style (北少林拳 - Běi Shàolínquán/Taulu (套路)/Shi Er Lu Tan Tui (十二路彈腿)/Line 4/2 57bbde1a237745baa2c7b8f22a484e56/2.jpg,codex/interests/martial_arts/go_through/Northern Shaolin Style (北少林拳 - Běi Shàolínquán/Taulu (套路)/Shi Er Lu Tan Tui (十二路彈腿)/Line 4/2 57bbde1a237745baa2c7b8f22a484e56,codex,skipped,non-text file
codex/interests/martial_arts/go_through/Northern Shaolin Style (北少林拳 - Běi Shàolínquán/Taulu (套路)/Shi Er Lu Tan Tui (十二路彈腿)/Line 4/7 fab4fec1cfff43eb81b503f090bee1ed/7.jpg,codex/interests/martial_arts/go_through/Northern Shaolin Style (北少林拳 - Běi Shàolínquán/Taulu (套路)/Shi Er Lu Tan Tui (十二路彈腿)/Line 4/7 fab4fec1cfff43eb81b503f090bee1ed,codex,skipped,non-text file
codex/interests/martial_arts/go_through/Northern Shaolin Style (北少林拳 - Běi Shàolínquán/Taulu (套路)/Shi Er Lu Tan Tui (十二路彈腿)/Line 4/3 f8e3d87350164c049d1188e17f3761d4/3.jpg,codex/interests/martial_arts/go_through/Northern Shaolin Style (北少林拳 - Běi Shàolínquán/Taulu (套路)/Shi Er Lu Tan Tui (十二路彈腿)/Line 4/3 f8e3d87350164c049d1188e17f3761d4,codex,skipped,non-text file
codex/interests/martial_arts/go_through/Northern Shaolin Style (北少林拳 - Běi Shàolínquán/Taulu (套路)/Shi Er Lu Tan Tui (十二路彈腿)/Line 3/1.md,codex/interests/martial_arts/go_through/Northern Shaolin Style (北少林拳 - Běi Shàolínquán/Taulu (套路)/Shi Er Lu Tan Tui (十二路彈腿)/Line 3,codex,done,
codex/interests/martial_arts/go_through/Northern Shaolin Style (北少林拳 - Běi Shàolínquán/Taulu (套路)/Shi Er Lu Tan Tui (十二路彈腿)/Line 3/2.md,codex/interests/martial_arts/go_through/Northern Shaolin Style (北少林拳 - Běi Shàolínquán/Taulu (套路)/Shi Er Lu Tan Tui (十二路彈腿)/Line 3,codex,done,
codex/interests/martial_arts/go_through/Northern Shaolin Style (北少林拳 - Běi Shàolínquán/Taulu (套路)/Shi Er Lu Tan Tui (十二路彈腿)/Line 3/3.md,codex/interests/martial_arts/go_through/Northern Shaolin Style (北少林拳 - Běi Shàolínquán/Taulu (套路)/Shi Er Lu Tan Tui (十二路彈腿)/Line 3,codex,done,
codex/interests/martial_arts/go_through/Northern Shaolin Style (北少林拳 - Běi Shàolínquán/Taulu (套路)/Shi Er Lu Tan Tui (十二路彈腿)/Line 3/4.md,codex/interests/martial_arts/go_through/Northern Shaolin Style (北少林拳 - Běi Shàolínquán/Taulu (套路)/Shi Er Lu Tan Tui (十二路彈腿)/Line 3,codex,done,
codex/interests/martial_arts/go_through/Northern Shaolin Style (北少林拳 - Běi Shàolínquán/Taulu (套路)/Shi Er Lu Tan Tui (十二路彈腿)/Line 3/5.md,codex/interests/martial_arts/go_through/Northern Shaolin Style (北少林拳 - Běi Shàolínquán/Taulu (套路)/Shi Er Lu Tan Tui (十二路彈腿)/Line 3,codex,done,
codex/interests/martial_arts/go_through/Northern Shaolin Style (北少林拳 - Běi Shàolínquán/Taulu (套路)/Shi Er Lu Tan Tui (十二路彈腿)/Line 3/6.md,codex/interests/martial_arts/go_through/Northern Shaolin Style (北少林拳 - Běi Shàolínquán/Taulu (套路)/Shi Er Lu Tan Tui (十二路彈腿)/Line 3,codex,done,
codex/interests/martial_arts/go_through/Northern Shaolin Style (北少林拳 - Běi Shàolínquán/Taulu (套路)/Shi Er Lu Tan Tui (十二路彈腿)/Line 3/7.md,codex/interests/martial_arts/go_through/Northern Shaolin Style (北少林拳 - Běi Shàolínquán/Taulu (套路)/Shi Er Lu Tan Tui (十二路彈腿)/Line 3,codex,done,
codex/interests/martial_arts/go_through/Northern Shaolin Style (北少林拳 - Běi Shàolínquán/Taulu (套路)/Shi Er Lu Tan Tui (十二路彈腿)/Line 3/8.md,codex/interests/martial_arts/go_through/Northern Shaolin Style (北少林拳 - Běi Shàolínquán/Taulu (套路)/Shi Er Lu Tan Tui (十二路彈腿)/Line 3,codex,done,
codex/interests/martial_arts/go_through/Northern Shaolin Style (北少林拳 - Běi Shàolínquán/Taulu (套路)/Shi Er Lu Tan Tui (十二路彈腿)/Line 3/9.md,codex/interests/martial_arts/go_through/Northern Shaolin Style (北少林拳 - Běi Shàolínquán/Taulu (套路)/Shi Er Lu Tan Tui (十二路彈腿)/Line 3,codex,done,
codex/interests/martial_arts/go_through/Northern Shaolin Style (北少林拳 - Běi Shàolínquán/Taulu (套路)/Shi Er Lu Tan Tui (十二路彈腿)/Line 3/9 9e13012321314dcaaaf2b9b9bf0e903e/9.jpg,codex/interests/martial_arts/go_through/Northern Shaolin Style (北少林拳 - Běi Shàolínquán/Taulu (套路)/Shi Er Lu Tan Tui (十二路彈腿)/Line 3/9 9e13012321314dcaaaf2b9b9bf0e903e,codex,skipped,non-text file
codex/interests/martial_arts/go_through/Northern Shaolin Style (北少林拳 - Běi Shàolínquán/Taulu (套路)/Shi Er Lu Tan Tui (十二路彈腿)/Line 3/6 fa7a782574a648df9ace6f450b28e68e/6.jpg,codex/interests/martial_arts/go_through/Northern Shaolin Style (北少林拳 - Běi Shàolínquán/Taulu (套路)/Shi Er Lu Tan Tui (十二路彈腿)/Line 3/6 fa7a782574a648df9ace6f450b28e68e,codex,skipped,non-text file
codex/interests/martial_arts/go_through/Northern Shaolin Style (北少林拳 - Běi Shàolínquán/Taulu (套路)/Shi Er Lu Tan Tui (十二路彈腿)/Line 3/3 c7b04cf368154beaa6506090bb97c912/3.jpg,codex/interests/martial_arts/go_through/Northern Shaolin Style (北少林拳 - Běi Shàolínquán/Taulu (套路)/Shi Er Lu Tan Tui (十二路彈腿)/Line 3/3 c7b04cf368154beaa6506090bb97c912,codex,skipped,non-text file
codex/interests/martial_arts/go_through/Northern Shaolin Style (北少林拳 - Běi Shàolínquán/Taulu (套路)/Shi Er Lu Tan Tui (十二路彈腿)/Line 3/7 991f46b7f2ab4e8d98bba59b979ddcf3/7.jpg,codex/interests/martial_arts/go_through/Northern Shaolin Style (北少林拳 - Běi Shàolínquán/Taulu (套路)/Shi Er Lu Tan Tui (十二路彈腿)/Line 3/7 991f46b7f2ab4e8d98bba59b979ddcf3,codex,skipped,non-text file
codex/interests/martial_arts/go_through/Northern Shaolin Style (北少林拳 - Běi Shàolínquán/Taulu (套路)/Shi Er Lu Tan Tui (十二路彈腿)/Line 3/2 ddfba3b4c50840678e2b73a0846a17a3/2.jpg,codex/interests/martial_arts/go_through/Northern Shaolin Style (北少林拳 - Běi Shàolínquán/Taulu (套路)/Shi Er Lu Tan Tui (十二路彈腿)/Line 3/2 ddfba3b4c50840678e2b73a0846a17a3,codex,skipped,non-text file
codex/interests/martial_arts/go_through/Northern Shaolin Style (北少林拳 - Běi Shàolínquán/Taulu (套路)/Shi Er Lu Tan Tui (十二路彈腿)/Line 3/8 46ffd359688d4180b134d1e6a108e659/8.jpg,codex/interests/martial_arts/go_through/Northern Shaolin Style (北少林拳 - Běi Shàolínquán/Taulu (套路)/Shi Er Lu Tan Tui (十二路彈腿)/Line 3/8 46ffd359688d4180b134d1e6a108e659,codex,skipped,non-text file
codex/interests/martial_arts/go_through/Northern Shaolin Style (北少林拳 - Běi Shàolínquán/Taulu (套路)/Shi Er Lu Tan Tui (十二路彈腿)/Line 3/1 fc7e761b7d9a4c29a0c89aab04a58b57/1.jpg,codex/interests/martial_arts/go_through/Northern Shaolin Style (北少林拳 - Běi Shàolínquán/Taulu (套路)/Shi Er Lu Tan Tui (十二路彈腿)/Line 3/1 fc7e761b7d9a4c29a0c89aab04a58b57,codex,skipped,non-text file
codex/interests/martial_arts/go_through/Northern Shaolin Style (北少林拳 - Běi Shàolínquán/Taulu (套路)/Shi Er Lu Tan Tui (十二路彈腿)/Line 3/4 23cf54dbfb7f4bb19168978267438607/4.jpg,codex/interests/martial_arts/go_through/Northern Shaolin Style (北少林拳 - Běi Shàolínquán/Taulu (套路)/Shi Er Lu Tan Tui (十二路彈腿)/Line 3/4 23cf54dbfb7f4bb19168978267438607,codex,skipped,non-text file
codex/interests/martial_arts/go_through/Northern Shaolin Style (北少林拳 - Běi Shàolínquán/Taulu (套路)/Shi Er Lu Tan Tui (十二路彈腿)/Line 3/5 ed4080f4354f4c95b291f49663dfcef4/5.jpg,codex/interests/martial_arts/go_through/Northern Shaolin Style (北少林拳 - Běi Shàolínquán/Taulu (套路)/Shi Er Lu Tan Tui (十二路彈腿)/Line 3/5 ed4080f4354f4c95b291f49663dfcef4,codex,skipped,non-text file
codex/interests/martial_arts/go_through/Northern Shaolin Style (北少林拳 - Běi Shàolínquán/Taulu (套路)/Shi Er Lu Tan Tui (十二路彈腿)/Line 7/1.md,codex/interests/martial_arts/go_through/Northern Shaolin Style (北少林拳 - Běi Shàolínquán/Taulu (套路)/Shi Er Lu Tan Tui (十二路彈腿)/Line 7,codex,done,
codex/interests/martial_arts/go_through/Northern Shaolin Style (北少林拳 - Běi Shàolínquán/Taulu (套路)/Shi Er Lu Tan Tui (十二路彈腿)/Line 7/2.md,codex/interests/martial_arts/go_through/Northern Shaolin Style (北少林拳 - Běi Shàolínquán/Taulu (套路)/Shi Er Lu Tan Tui (十二路彈腿)/Line 7,codex,done,
codex/interests/martial_arts/go_through/Northern Shaolin Style (北少林拳 - Běi Shàolínquán/Taulu (套路)/Shi Er Lu Tan Tui (十二路彈腿)/Line 7/3.md,codex/interests/martial_arts/go_through/Northern Shaolin Style (北少林拳 - Běi Shàolínquán/Taulu (套路)/Shi Er Lu Tan Tui (十二路彈腿)/Line 7,codex,done,
codex/interests/martial_arts/go_through/Northern Shaolin Style (北少林拳 - Běi Shàolínquán/Taulu (套路)/Shi Er Lu Tan Tui (十二路彈腿)/Line 7/4a.md,codex/interests/martial_arts/go_through/Northern Shaolin Style (北少林拳 - Běi Shàolínquán/Taulu (套路)/Shi Er Lu Tan Tui (十二路彈腿)/Line 7,codex,done,
codex/interests/martial_arts/go_through/Northern Shaolin Style (北少林拳 - Běi Shàolínquán/Taulu (套路)/Shi Er Lu Tan Tui (十二路彈腿)/Line 7/4b.md,codex/interests/martial_arts/go_through/Northern Shaolin Style (北少林拳 - Běi Shàolínquán/Taulu (套路)/Shi Er Lu Tan Tui (十二路彈腿)/Line 7,codex,done,
codex/interests/martial_arts/go_through/Northern Shaolin Style (北少林拳 - Běi Shàolínquán/Taulu (套路)/Shi Er Lu Tan Tui (十二路彈腿)/Line 7/5.md,codex/interests/martial_arts/go_through/Northern Shaolin Style (北少林拳 - Běi Shàolínquán/Taulu (套路)/Shi Er Lu Tan Tui (十二路彈腿)/Line 7,codex,done,
codex/interests/martial_arts/go_through/Northern Shaolin Style (北少林拳 - Běi Shàolínquán/Taulu (套路)/Shi Er Lu Tan Tui (十二路彈腿)/Line 7/6.md,codex/interests/martial_arts/go_through/Northern Shaolin Style (北少林拳 - Běi Shàolínquán/Taulu (套路)/Shi Er Lu Tan Tui (十二路彈腿)/Line 7,codex,done,
codex/interests/martial_arts/go_through/Northern Shaolin Style (北少林拳 - Běi Shàolínquán/Taulu (套路)/Shi Er Lu Tan Tui (十二路彈腿)/Line 7/7.md,codex/interests/martial_arts/go_through/Northern Shaolin Style (北少林拳 - Běi Shàolínquán/Taulu (套路)/Shi Er Lu Tan Tui (十二路彈腿)/Line 7,codex,done,
codex/interests/martial_arts/go_through/Northern Shaolin Style (北少林拳 - Běi Shàolínquán/Taulu (套路)/Shi Er Lu Tan Tui (十二路彈腿)/Line 7/8.md,codex/interests/martial_arts/go_through/Northern Shaolin Style (北少林拳 - Běi Shàolínquán/Taulu (套路)/Shi Er Lu Tan Tui (十二路彈腿)/Line 7,codex,done,
codex/interests/martial_arts/go_through/Northern Shaolin Style (北少林拳 - Běi Shàolínquán/Taulu (套路)/Shi Er Lu Tan Tui (十二路彈腿)/Line 7/2 4de8883943a74a37b84c3881e7566233/2.jpg,codex/interests/martial_arts/go_through/Northern Shaolin Style (北少林拳 - Běi Shàolínquán/Taulu (套路)/Shi Er Lu Tan Tui (十二路彈腿)/Line 7/2 4de8883943a74a37b84c3881e7566233,codex,skipped,non-text file
codex/interests/martial_arts/go_through/Northern Shaolin Style (北少林拳 - Běi Shàolínquán/Taulu (套路)/Shi Er Lu Tan Tui (十二路彈腿)/Line 7/8 b05f32aca0ff4f9ba089bbbfdd024435/8.jpg,codex/interests/martial_arts/go_through/Northern Shaolin Style (北少林拳 - Běi Shàolínquán/Taulu (套路)/Shi Er Lu Tan Tui (十二路彈腿)/Line 7/8 b05f32aca0ff4f9ba089bbbfdd024435,codex,skipped,non-text file
codex/interests/martial_arts/go_through/Northern Shaolin Style (北少林拳 - Běi Shàolínquán/Taulu (套路)/Shi Er Lu Tan Tui (十二路彈腿)/Line 7/5 be3a9752d2764a1e903d6059693973cc/5.jpg,codex/interests/martial_arts/go_through/Northern Shaolin Style (北少林拳 - Běi Shàolínquán/Taulu (套路)/Shi Er Lu Tan Tui (十二路彈腿)/Line 7/5 be3a9752d2764a1e903d6059693973cc,codex,skipped,non-text file
codex/interests/martial_arts/go_through/Northern Shaolin Style (北少林拳 - Běi Shàolínquán/Taulu (套路)/Shi Er Lu Tan Tui (十二路彈腿)/Line 7/6 c4a01b999faf48afb468835469e6c7ac/6.jpg,codex/interests/martial_arts/go_through/Northern Shaolin Style (北少林拳 - Běi Shàolínquán/Taulu (套路)/Shi Er Lu Tan Tui (十二路彈腿)/Line 7/6 c4a01b999faf48afb468835469e6c7ac,codex,skipped,non-text file
codex/interests/martial_arts/go_through/Northern Shaolin Style (北少林拳 - Běi Shàolínquán/Taulu (套路)/Shi Er Lu Tan Tui (十二路彈腿)/Line 7/4a 633e3d46fd4d47af857c27ab40c0d985/4a.jpg,codex/interests/martial_arts/go_through/Northern Shaolin Style (北少林拳 - Běi Shàolínquán/Taulu (套路)/Shi Er Lu Tan Tui (十二路彈腿)/Line 7/4a 633e3d46fd4d47af857c27ab40c0d985,codex,skipped,non-text file
codex/interests/martial_arts/go_through/Northern Shaolin Style (北少林拳 - Běi Shàolínquán/Taulu (套路)/Shi Er Lu Tan Tui (十二路彈腿)/Line 7/7 49123aa08d3f47638a5679e72a2cb876/7.jpg,codex/interests/martial_arts/go_through/Northern Shaolin Style (北少林拳 - Běi Shàolínquán/Taulu (套路)/Shi Er Lu Tan Tui (十二路彈腿)/Line 7/7 49123aa08d3f47638a5679e72a2cb876,codex,skipped,non-text file
codex/interests/martial_arts/go_through/Northern Shaolin Style (北少林拳 - Běi Shàolínquán/Taulu (套路)/Shi Er Lu Tan Tui (十二路彈腿)/Line 7/3 ca530788b1d542e087500e5e298205e9/3.jpg,codex/interests/martial_arts/go_through/Northern Shaolin Style (北少林拳 - Běi Shàolínquán/Taulu (套路)/Shi Er Lu Tan Tui (十二路彈腿)/Line 7/3 ca530788b1d542e087500e5e298205e9,codex,skipped,non-text file
codex/interests/martial_arts/go_through/Northern Shaolin Style (北少林拳 - Běi Shàolínquán/Taulu (套路)/Shi Er Lu Tan Tui (十二路彈腿)/Line 7/4b 5993e08b148c415d8e4e6c55228fbd2b/4b.jpg,codex/interests/martial_arts/go_through/Northern Shaolin Style (北少林拳 - Běi Shàolínquán/Taulu (套路)/Shi Er Lu Tan Tui (十二路彈腿)/Line 7/4b 5993e08b148c415d8e4e6c55228fbd2b,codex,skipped,non-text file
codex/interests/martial_arts/go_through/Northern Shaolin Style (北少林拳 - Běi Shàolínquán/Taulu (套路)/Shi Er Lu Tan Tui (十二路彈腿)/Line 7/1 7e194c8d12fa456bbe0f14636592ac5a/1.jpg,codex/interests/martial_arts/go_through/Northern Shaolin Style (北少林拳 - Běi Shàolínquán/Taulu (套路)/Shi Er Lu Tan Tui (十二路彈腿)/Line 7/1 7e194c8d12fa456bbe0f14636592ac5a,codex,skipped,non-text file
codex/interests/martial_arts/go_through/Northern Shaolin Style (北少林拳 - Běi Shàolínquán/Taulu (套路)/Shi Er Lu Tan Tui (十二路彈腿)/Line 6/1.md,codex/interests/martial_arts/go_through/Northern Shaolin Style (北少林拳 - Běi Shàolínquán/Taulu (套路)/Shi Er Lu Tan Tui (十二路彈腿)/Line 6,codex,done,
codex/interests/martial_arts/go_through/Northern Shaolin Style (北少林拳 - Běi Shàolínquán/Taulu (套路)/Shi Er Lu Tan Tui (十二路彈腿)/Line 6/2.md,codex/interests/martial_arts/go_through/Northern Shaolin Style (北少林拳 - Běi Shàolínquán/Taulu (套路)/Shi Er Lu Tan Tui (十二路彈腿)/Line 6,codex,done,
codex/interests/martial_arts/go_through/Northern Shaolin Style (北少林拳 - Běi Shàolínquán/Taulu (套路)/Shi Er Lu Tan Tui (十二路彈腿)/Line 6/3.md,codex/interests/martial_arts/go_through/Northern Shaolin Style (北少林拳 - Běi Shàolínquán/Taulu (套路)/Shi Er Lu Tan Tui (十二路彈腿)/Line 6,codex,done,
codex/interests/martial_arts/go_through/Northern Shaolin Style (北少林拳 - Běi Shàolínquán/Taulu (套路)/Shi Er Lu Tan Tui (十二路彈腿)/Line 6/4.md,codex/interests/martial_arts/go_through/Northern Shaolin Style (北少林拳 - Běi Shàolínquán/Taulu (套路)/Shi Er Lu Tan Tui (十二路彈腿)/Line 6,codex,done,
codex/interests/martial_arts/go_through/Northern Shaolin Style (北少林拳 - Běi Shàolínquán/Taulu (套路)/Shi Er Lu Tan Tui (十二路彈腿)/Line 6/5.md,codex/interests/martial_arts/go_through/Northern Shaolin Style (北少林拳 - Běi Shàolínquán/Taulu (套路)/Shi Er Lu Tan Tui (十二路彈腿)/Line 6,codex,done,
codex/interests/martial_arts/go_through/Northern Shaolin Style (北少林拳 - Běi Shàolínquán/Taulu (套路)/Shi Er Lu Tan Tui (十二路彈腿)/Line 6/6.md,codex/interests/martial_arts/go_through/Northern Shaolin Style (北少林拳 - Běi Shàolínquán/Taulu (套路)/Shi Er Lu Tan Tui (十二路彈腿)/Line 6,codex,done,
codex/interests/martial_arts/go_through/Northern Shaolin Style (北少林拳 - Běi Shàolínquán/Taulu (套路)/Shi Er Lu Tan Tui (十二路彈腿)/Line 6/7a.md,codex/interests/martial_arts/go_through/Northern Shaolin Style (北少林拳 - Běi Shàolínquán/Taulu (套路)/Shi Er Lu Tan Tui (十二路彈腿)/Line 6,codex,done,
codex/interests/martial_arts/go_through/Northern Shaolin Style (北少林拳 - Běi Shàolínquán/Taulu (套路)/Shi Er Lu Tan Tui (十二路彈腿)/Line 6/7b.md,codex/interests/martial_arts/go_through/Northern Shaolin Style (北少林拳 - Běi Shàolínquán/Taulu (套路)/Shi Er Lu Tan Tui (十二路彈腿)/Line 6,codex,done,
codex/interests/martial_arts/go_through/Northern Shaolin Style (北少林拳 - Běi Shàolínquán/Taulu (套路)/Shi Er Lu Tan Tui (十二路彈腿)/Line 6/8.md,codex/interests/martial_arts/go_through/Northern Shaolin Style (北少林拳 - Běi Shàolínquán/Taulu (套路)/Shi Er Lu Tan Tui (十二路彈腿)/Line 6,codex,done,
codex/interests/martial_arts/go_through/Northern Shaolin Style (北少林拳 - Běi Shàolínquán/Taulu (套路)/Shi Er Lu Tan Tui (十二路彈腿)/Line 6/9.md,codex/interests/martial_arts/go_through/Northern Shaolin Style (北少林拳 - Běi Shàolínquán/Taulu (套路)/Shi Er Lu Tan Tui (十二路彈腿)/Line 6,codex,done,
codex/interests/martial_arts/go_through/Northern Shaolin Style (北少林拳 - Běi Shàolínquán/Taulu (套路)/Shi Er Lu Tan Tui (十二路彈腿)/Line 6/8 34060eb639a44c2aaef118de3441e3a9/8.jpg,codex/interests/martial_arts/go_through/Northern Shaolin Style (北少林拳 - Běi Shàolínquán/Taulu (套路)/Shi Er Lu Tan Tui (十二路彈腿)/Line 6/8 34060eb639a44c2aaef118de3441e3a9,codex,skipped,non-text file
codex/interests/martial_arts/go_through/Northern Shaolin Style (北少林拳 - Běi Shàolínquán/Taulu (套路)/Shi Er Lu Tan Tui (十二路彈腿)/Line 6/2 001af5865c3140f7bbda6920c4f75a53/2.jpg,codex/interests/martial_arts/go_through/Northern Shaolin Style (北少林拳 - Běi Shàolínquán/Taulu (套路)/Shi Er Lu Tan Tui (十二路彈腿)/Line 6/2 001af5865c3140f7bbda6920c4f75a53,codex,skipped,non-text file
codex/interests/martial_arts/go_through/Northern Shaolin Style (北少林拳 - Běi Shàolínquán/Taulu (套路)/Shi Er Lu Tan Tui (十二路彈腿)/Line 6/3 ef9470c9c003444e98b1f4bea9feff2a/3.jpg,codex/interests/martial_arts/go_through/Northern Shaolin Style (北少林拳 - Běi Shàolínquán/Taulu (套路)/Shi Er Lu Tan Tui (十二路彈腿)/Line 6/3 ef9470c9c003444e98b1f4bea9feff2a,codex,skipped,non-text file
codex/interests/martial_arts/go_through/Northern Shaolin Style (北少林拳 - Běi Shàolínquán/Taulu (套路)/Shi Er Lu Tan Tui (十二路彈腿)/Line 6/7b 1ce8bb5f93a84c27a2bb35b626762691/7b.jpg,codex/interests/martial_arts/go_through/Northern Shaolin Style (北少林拳 - Běi Shàolínquán/Taulu (套路)/Shi Er Lu Tan Tui (十二路彈腿)/Line 6/7b 1ce8bb5f93a84c27a2bb35b626762691,codex,skipped,non-text file
codex/interests/martial_arts/go_through/Northern Shaolin Style (北少林拳 - Běi Shàolínquán/Taulu (套路)/Shi Er Lu Tan Tui (十二路彈腿)/Line 6/7a 0ff13111073048c68f8549e72a6cd217/7a.jpg,codex/interests/martial_arts/go_through/Northern Shaolin Style (北少林拳 - Běi Shàolínquán/Taulu (套路)/Shi Er Lu Tan Tui (十二路彈腿)/Line 6/7a 0ff13111073048c68f8549e72a6cd217,codex,skipped,non-text file
codex/interests/martial_arts/go_through/Northern Shaolin Style (北少林拳 - Běi Shàolínquán/Taulu (套路)/Shi Er Lu Tan Tui (十二路彈腿)/Line 6/5 43b6d1a4d6174db798b4330c35dd5ca8/5.jpg,codex/interests/martial_arts/go_through/Northern Shaolin Style (北少林拳 - Běi Shàolínquán/Taulu (套路)/Shi Er Lu Tan Tui (十二路彈腿)/Line 6/5 43b6d1a4d6174db798b4330c35dd5ca8,codex,skipped,non-text file
codex/interests/martial_arts/go_through/Northern Shaolin Style (北少林拳 - Běi Shàolínquán/Taulu (套路)/Shi Er Lu Tan Tui (十二路彈腿)/Line 6/4 1141ef8baf1e4cce8dfc5b29e9140dd0/4.jpg,codex/interests/martial_arts/go_through/Northern Shaolin Style (北少林拳 - Běi Shàolínquán/Taulu (套路)/Shi Er Lu Tan Tui (十二路彈腿)/Line 6/4 1141ef8baf1e4cce8dfc5b29e9140dd0,codex,skipped,non-text file
codex/interests/martial_arts/go_through/Northern Shaolin Style (北少林拳 - Běi Shàolínquán/Taulu (套路)/Shi Er Lu Tan Tui (十二路彈腿)/Line 6/6 db76339455e848049159da8b261b63d8/6.jpg,codex/interests/martial_arts/go_through/Northern Shaolin Style (北少林拳 - Běi Shàolínquán/Taulu (套路)/Shi Er Lu Tan Tui (十二路彈腿)/Line 6/6 db76339455e848049159da8b261b63d8,codex,skipped,non-text file
codex/interests/martial_arts/go_through/Northern Shaolin Style (北少林拳 - Běi Shàolínquán/Taulu (套路)/Shi Er Lu Tan Tui (十二路彈腿)/Line 6/9 c9f59c5f2099487e9b99cdcbb9e6b8ba/9.jpg,codex/interests/martial_arts/go_through/Northern Shaolin Style (北少林拳 - Běi Shàolínquán/Taulu (套路)/Shi Er Lu Tan Tui (十二路彈腿)/Line 6/9 c9f59c5f2099487e9b99cdcbb9e6b8ba,codex,skipped,non-text file
codex/interests/martial_arts/go_through/Northern Shaolin Style (北少林拳 - Běi Shàolínquán/Taulu (套路)/Shi Er Lu Tan Tui (十二路彈腿)/Line 1/1.md,codex/interests/martial_arts/go_through/Northern Shaolin Style (北少林拳 - Běi Shàolínquán/Taulu (套路)/Shi Er Lu Tan Tui (十二路彈腿)/Line 1,codex,done,
codex/interests/martial_arts/go_through/Northern Shaolin Style (北少林拳 - Běi Shàolínquán/Taulu (套路)/Shi Er Lu Tan Tui (十二路彈腿)/Line 1/10.md,codex/interests/martial_arts/go_through/Northern Shaolin Style (北少林拳 - Běi Shàolínquán/Taulu (套路)/Shi Er Lu Tan Tui (十二路彈腿)/Line 1,codex,done,
codex/interests/martial_arts/go_through/Northern Shaolin Style (北少林拳 - Běi Shàolínquán/Taulu (套路)/Shi Er Lu Tan Tui (十二路彈腿)/Line 1/11.md,codex/interests/martial_arts/go_through/Northern Shaolin Style (北少林拳 - Běi Shàolínquán/Taulu (套路)/Shi Er Lu Tan Tui (十二路彈腿)/Line 1,codex,done,
codex/interests/martial_arts/go_through/Northern Shaolin Style (北少林拳 - Běi Shàolínquán/Taulu (套路)/Shi Er Lu Tan Tui (十二路彈腿)/Line 1/12.md,codex/interests/martial_arts/go_through/Northern Shaolin Style (北少林拳 - Běi Shàolínquán/Taulu (套路)/Shi Er Lu Tan Tui (十二路彈腿)/Line 1,codex,done,
codex/interests/martial_arts/go_through/Northern Shaolin Style (北少林拳 - Běi Shàolínquán/Taulu (套路)/Shi Er Lu Tan Tui (十二路彈腿)/Line 1/13.md,codex/interests/martial_arts/go_through/Northern Shaolin Style (北少林拳 - Běi Shàolínquán/Taulu (套路)/Shi Er Lu Tan Tui (十二路彈腿)/Line 1,codex,done,
codex/interests/martial_arts/go_through/Northern Shaolin Style (北少林拳 - Běi Shàolínquán/Taulu (套路)/Shi Er Lu Tan Tui (十二路彈腿)/Line 1/2.md,codex/interests/martial_arts/go_through/Northern Shaolin Style (北少林拳 - Běi Shàolínquán/Taulu (套路)/Shi Er Lu Tan Tui (十二路彈腿)/Line 1,codex,done,
codex/interests/martial_arts/go_through/Northern Shaolin Style (北少林拳 - Běi Shàolínquán/Taulu (套路)/Shi Er Lu Tan Tui (十二路彈腿)/Line 1/3.md,codex/interests/martial_arts/go_through/Northern Shaolin Style (北少林拳 - Běi Shàolínquán/Taulu (套路)/Shi Er Lu Tan Tui (十二路彈腿)/Line 1,codex,done,
codex/interests/martial_arts/go_through/Northern Shaolin Style (北少林拳 - Běi Shàolínquán/Taulu (套路)/Shi Er Lu Tan Tui (十二路彈腿)/Line 1/4.md,codex/interests/martial_arts/go_through/Northern Shaolin Style (北少林拳 - Běi Shàolínquán/Taulu (套路)/Shi Er Lu Tan Tui (十二路彈腿)/Line 1,codex,done,
codex/interests/martial_arts/go_through/Northern Shaolin Style (北少林拳 - Běi Shàolínquán/Taulu (套路)/Shi Er Lu Tan Tui (十二路彈腿)/Line 1/5.md,codex/interests/martial_arts/go_through/Northern Shaolin Style (北少林拳 - Běi Shàolínquán/Taulu (套路)/Shi Er Lu Tan Tui (十二路彈腿)/Line 1,codex,done,
codex/interests/martial_arts/go_through/Northern Shaolin Style (北少林拳 - Běi Shàolínquán/Taulu (套路)/Shi Er Lu Tan Tui (十二路彈腿)/Line 1/6.md,codex/interests/martial_arts/go_through/Northern Shaolin Style (北少林拳 - Běi Shàolínquán/Taulu (套路)/Shi Er Lu Tan Tui (十二路彈腿)/Line 1,codex,done,
codex/interests/martial_arts/go_through/Northern Shaolin Style (北少林拳 - Běi Shàolínquán/Taulu (套路)/Shi Er Lu Tan Tui (十二路彈腿)/Line 1/7.md,codex/interests/martial_arts/go_through/Northern Shaolin Style (北少林拳 - Běi Shàolínquán/Taulu (套路)/Shi Er Lu Tan Tui (十二路彈腿)/Line 1,codex,done,
codex/interests/martial_arts/go_through/Northern Shaolin Style (北少林拳 - Běi Shàolínquán/Taulu (套路)/Shi Er Lu Tan Tui (十二路彈腿)/Line 1/8.md,codex/interests/martial_arts/go_through/Northern Shaolin Style (北少林拳 - Běi Shàolínquán/Taulu (套路)/Shi Er Lu Tan Tui (十二路彈腿)/Line 1,codex,done,
codex/interests/martial_arts/go_through/Northern Shaolin Style (北少林拳 - Běi Shàolínquán/Taulu (套路)/Shi Er Lu Tan Tui (十二路彈腿)/Line 1/9a.md,codex/interests/martial_arts/go_through/Northern Shaolin Style (北少林拳 - Běi Shàolínquán/Taulu (套路)/Shi Er Lu Tan Tui (十二路彈腿)/Line 1,codex,done,
codex/interests/martial_arts/go_through/Northern Shaolin Style (北少林拳 - Běi Shàolínquán/Taulu (套路)/Shi Er Lu Tan Tui (十二路彈腿)/Line 1/9b.md,codex/interests/martial_arts/go_through/Northern Shaolin Style (北少林拳 - Běi Shàolínquán/Taulu (套路)/Shi Er Lu Tan Tui (十二路彈腿)/Line 1,codex,done,
codex/interests/martial_arts/go_through/Northern Shaolin Style (北少林拳 - Běi Shàolínquán/Taulu (套路)/Shi Er Lu Tan Tui (十二路彈腿)/Line 1/2 1011f08ed3ec45eba5ef73b855242029/2.jpg,codex/interests/martial_arts/go_through/Northern Shaolin Style (北少林拳 - Běi Shàolínquán/Taulu (套路)/Shi Er Lu Tan Tui (十二路彈腿)/Line 1/2 1011f08ed3ec45eba5ef73b855242029,codex,skipped,non-text file
codex/interests/martial_arts/go_through/Northern Shaolin Style (北少林拳 - Běi Shàolínquán/Taulu (套路)/Shi Er Lu Tan Tui (十二路彈腿)/Line 1/12 5d6dfa572b8e4056910e0d5af86aab06/12.jpg,codex/interests/martial_arts/go_through/Northern Shaolin Style (北少林拳 - Běi Shàolínquán/Taulu (套路)/Shi Er Lu Tan Tui (十二路彈腿)/Line 1/12 5d6dfa572b8e4056910e0d5af86aab06,codex,skipped,non-text file
codex/interests/martial_arts/go_through/Northern Shaolin Style (北少林拳 - Běi Shàolínquán/Taulu (套路)/Shi Er Lu Tan Tui (十二路彈腿)/Line 1/7 6a95db57142c4faa991cd625e9c92b11/7.jpg,codex/interests/martial_arts/go_through/Northern Shaolin Style (北少林拳 - Běi Shàolínquán/Taulu (套路)/Shi Er Lu Tan Tui (十二路彈腿)/Line 1/7 6a95db57142c4faa991cd625e9c92b11,codex,skipped,non-text file
codex/interests/martial_arts/go_through/Northern Shaolin Style (北少林拳 - Běi Shàolínquán/Taulu (套路)/Shi Er Lu Tan Tui (十二路彈腿)/Line 1/11 13e47acf970744f7b2d8e8d1d5c75dea/11.jpg,codex/interests/martial_arts/go_through/Northern Shaolin Style (北少林拳 - Běi Shàolínquán/Taulu (套路)/Shi Er Lu Tan Tui (十二路彈腿)/Line 1/11 13e47acf970744f7b2d8e8d1d5c75dea,codex,skipped,non-text file
codex/interests/martial_arts/go_through/Northern Shaolin Style (北少林拳 - Běi Shàolínquán/Taulu (套路)/Shi Er Lu Tan Tui (十二路彈腿)/Line 1/3 f0c16b7103804186a79c23e5e3ceec32/3.jpg,codex/interests/martial_arts/go_through/Northern Shaolin Style (北少林拳 - Běi Shàolínquán/Taulu (套路)/Shi Er Lu Tan Tui (十二路彈腿)/Line 1/3 f0c16b7103804186a79c23e5e3ceec32,codex,skipped,non-text file
codex/interests/martial_arts/go_through/Northern Shaolin Style (北少林拳 - Běi Shàolínquán/Taulu (套路)/Shi Er Lu Tan Tui (十二路彈腿)/Line 1/9a 7ff90e249b9447a28a4a8ac4f75bdf4f/9a.jpg,codex/interests/martial_arts/go_through/Northern Shaolin Style (北少林拳 - Běi Shàolínquán/Taulu (套路)/Shi Er Lu Tan Tui (十二路彈腿)/Line 1/9a 7ff90e249b9447a28a4a8ac4f75bdf4f,codex,skipped,non-text file
codex/interests/martial_arts/go_through/Northern Shaolin Style (北少林拳 - Běi Shàolínquán/Taulu (套路)/Shi Er Lu Tan Tui (十二路彈腿)/Line 1/13 33b6c249f3e34b8caee75474999f9f83/13.jpg,codex/interests/martial_arts/go_through/Northern Shaolin Style (北少林拳 - Běi Shàolínquán/Taulu (套路)/Shi Er Lu Tan Tui (十二路彈腿)/Line 1/13 33b6c249f3e34b8caee75474999f9f83,codex,skipped,non-text file
codex/interests/martial_arts/go_through/Northern Shaolin Style (北少林拳 - Běi Shàolínquán/Taulu (套路)/Shi Er Lu Tan Tui (十二路彈腿)/Line 1/4 beb16dbe799f4bc4824582fc9d14e3e7/4.jpg,codex/interests/martial_arts/go_through/Northern Shaolin Style (北少林拳 - Běi Shàolínquán/Taulu (套路)/Shi Er Lu Tan Tui (十二路彈腿)/Line 1/4 beb16dbe799f4bc4824582fc9d14e3e7,codex,skipped,non-text file
codex/interests/martial_arts/go_through/Northern Shaolin Style (北少林拳 - Běi Shàolínquán/Taulu (套路)/Shi Er Lu Tan Tui (十二路彈腿)/Line 1/6 800912f356d9488f8b9c80f73194832b/6.jpg,codex/interests/martial_arts/go_through/Northern Shaolin Style (北少林拳 - Běi Shàolínquán/Taulu (套路)/Shi Er Lu Tan Tui (十二路彈腿)/Line 1/6 800912f356d9488f8b9c80f73194832b,codex,skipped,non-text file
codex/interests/martial_arts/go_through/Northern Shaolin Style (北少林拳 - Běi Shàolínquán/Taulu (套路)/Shi Er Lu Tan Tui (十二路彈腿)/Line 1/8 09c012e99ff74a5aa68bc5154167dfc7/8.jpg,codex/interests/martial_arts/go_through/Northern Shaolin Style (北少林拳 - Běi Shàolínquán/Taulu (套路)/Shi Er Lu Tan Tui (十二路彈腿)/Line 1/8 09c012e99ff74a5aa68bc5154167dfc7,codex,skipped,non-text file
codex/interests/martial_arts/go_through/Northern Shaolin Style (北少林拳 - Běi Shàolínquán/Taulu (套路)/Shi Er Lu Tan Tui (十二路彈腿)/Line 1/10 43944470da264a6e8ee65d8f891a779c/10.jpg,codex/interests/martial_arts/go_through/Northern Shaolin Style (北少林拳 - Běi Shàolínquán/Taulu (套路)/Shi Er Lu Tan Tui (十二路彈腿)/Line 1/10 43944470da264a6e8ee65d8f891a779c,codex,skipped,non-text file
codex/interests/martial_arts/go_through/Northern Shaolin Style (北少林拳 - Běi Shàolínquán/Taulu (套路)/Shi Er Lu Tan Tui (十二路彈腿)/Line 1/5 2d7c5876570b4caaa8c135dcdb5f3848/5.jpg,codex/interests/martial_arts/go_through/Northern Shaolin Style (北少林拳 - Běi Shàolínquán/Taulu (套路)/Shi Er Lu Tan Tui (十二路彈腿)/Line 1/5 2d7c5876570b4caaa8c135dcdb5f3848,codex,skipped,non-text file
codex/interests/martial_arts/go_through/Northern Shaolin Style (北少林拳 - Běi Shàolínquán/Taulu (套路)/Shi Er Lu Tan Tui (十二路彈腿)/Line 1/9b 17094e2f35174210bffc3983615f36a4/9b.jpg,codex/interests/martial_arts/go_through/Northern Shaolin Style (北少林拳 - Běi Shàolínquán/Taulu (套路)/Shi Er Lu Tan Tui (十二路彈腿)/Line 1/9b 17094e2f35174210bffc3983615f36a4,codex,skipped,non-text file
codex/interests/martial_arts/go_through/Northern Shaolin Style (北少林拳 - Běi Shàolínquán/Taulu (套路)/Shi Er Lu Tan Tui (十二路彈腿)/Line 8/1.md,codex/interests/martial_arts/go_through/Northern Shaolin Style (北少林拳 - Běi Shàolínquán/Taulu (套路)/Shi Er Lu Tan Tui (十二路彈腿)/Line 8,codex,done,
codex/interests/martial_arts/go_through/Northern Shaolin Style (北少林拳 - Běi Shàolínquán/Taulu (套路)/Shi Er Lu Tan Tui (十二路彈腿)/Line 8/10.md,codex/interests/martial_arts/go_through/Northern Shaolin Style (北少林拳 - Běi Shàolínquán/Taulu (套路)/Shi Er Lu Tan Tui (十二路彈腿)/Line 8,codex,done,
codex/interests/martial_arts/go_through/Northern Shaolin Style (北少林拳 - Běi Shàolínquán/Taulu (套路)/Shi Er Lu Tan Tui (十二路彈腿)/Line 8/11.md,codex/interests/martial_arts/go_through/Northern Shaolin Style (北少林拳 - Běi Shàolínquán/Taulu (套路)/Shi Er Lu Tan Tui (十二路彈腿)/Line 8,codex,done,
codex/interests/martial_arts/go_through/Northern Shaolin Style (北少林拳 - Běi Shàolínquán/Taulu (套路)/Shi Er Lu Tan Tui (十二路彈腿)/Line 8/12.md,codex/interests/martial_arts/go_through/Northern Shaolin Style (北少林拳 - Běi Shàolínquán/Taulu (套路)/Shi Er Lu Tan Tui (十二路彈腿)/Line 8,codex,done,
codex/interests/martial_arts/go_through/Northern Shaolin Style (北少林拳 - Běi Shàolínquán/Taulu (套路)/Shi Er Lu Tan Tui (十二路彈腿)/Line 8/13.md,codex/interests/martial_arts/go_through/Northern Shaolin Style (北少林拳 - Běi Shàolínquán/Taulu (套路)/Shi Er Lu Tan Tui (十二路彈腿)/Line 8,codex,done,
codex/interests/martial_arts/go_through/Northern Shaolin Style (北少林拳 - Běi Shàolínquán/Taulu (套路)/Shi Er Lu Tan Tui (十二路彈腿)/Line 8/14.md,codex/interests/martial_arts/go_through/Northern Shaolin Style (北少林拳 - Běi Shàolínquán/Taulu (套路)/Shi Er Lu Tan Tui (十二路彈腿)/Line 8,codex,done,
codex/interests/martial_arts/go_through/Northern Shaolin Style (北少林拳 - Běi Shàolínquán/Taulu (套路)/Shi Er Lu Tan Tui (十二路彈腿)/Line 8/15.md,codex/interests/martial_arts/go_through/Northern Shaolin Style (北少林拳 - Běi Shàolínquán/Taulu (套路)/Shi Er Lu Tan Tui (十二路彈腿)/Line 8,codex,done,
codex/interests/martial_arts/go_through/Northern Shaolin Style (北少林拳 - Běi Shàolínquán/Taulu (套路)/Shi Er Lu Tan Tui (十二路彈腿)/Line 8/16a.md,codex/interests/martial_arts/go_through/Northern Shaolin Style (北少林拳 - Běi Shàolínquán/Taulu (套路)/Shi Er Lu Tan Tui (十二路彈腿)/Line 8,codex,done,
codex/interests/martial_arts/go_through/Northern Shaolin Style (北少林拳 - Běi Shàolínquán/Taulu (套路)/Shi Er Lu Tan Tui (十二路彈腿)/Line 8/16b.md,codex/interests/martial_arts/go_through/Northern Shaolin Style (北少林拳 - Běi Shàolínquán/Taulu (套路)/Shi Er Lu Tan Tui (十二路彈腿)/Line 8,codex,done,
codex/interests/martial_arts/go_through/Northern Shaolin Style (北少林拳 - Běi Shàolínquán/Taulu (套路)/Shi Er Lu Tan Tui (十二路彈腿)/Line 8/17.md,codex/interests/martial_arts/go_through/Northern Shaolin Style (北少林拳 - Běi Shàolínquán/Taulu (套路)/Shi Er Lu Tan Tui (十二路彈腿)/Line 8,codex,done,
codex/interests/martial_arts/go_through/Northern Shaolin Style (北少林拳 - Běi Shàolínquán/Taulu (套路)/Shi Er Lu Tan Tui (十二路彈腿)/Line 8/18.md,codex/interests/martial_arts/go_through/Northern Shaolin Style (北少林拳 - Běi Shàolínquán/Taulu (套路)/Shi Er Lu Tan Tui (十二路彈腿)/Line 8,codex,done,
codex/interests/martial_arts/go_through/Northern Shaolin Style (北少林拳 - Běi Shàolínquán/Taulu (套路)/Shi Er Lu Tan Tui (十二路彈腿)/Line 8/2.md,codex/interests/martial_arts/go_through/Northern Shaolin Style (北少林拳 - Běi Shàolínquán/Taulu (套路)/Shi Er Lu Tan Tui (十二路彈腿)/Line 8,codex,done,
codex/interests/martial_arts/go_through/Northern Shaolin Style (北少林拳 - Běi Shàolínquán/Taulu (套路)/Shi Er Lu Tan Tui (十二路彈腿)/Line 8/20.md,codex/interests/martial_arts/go_through/Northern Shaolin Style (北少林拳 - Běi Shàolínquán/Taulu (套路)/Shi Er Lu Tan Tui (十二路彈腿)/Line 8,codex,done,
codex/interests/martial_arts/go_through/Northern Shaolin Style (北少林拳 - Běi Shàolínquán/Taulu (套路)/Shi Er Lu Tan Tui (十二路彈腿)/Line 8/21.md,codex/interests/martial_arts/go_through/Northern Shaolin Style (北少林拳 - Běi Shàolínquán/Taulu (套路)/Shi Er Lu Tan Tui (十二路彈腿)/Line 8,codex,done,
codex/interests/martial_arts/go_through/Northern Shaolin Style (北少林拳 - Běi Shàolínquán/Taulu (套路)/Shi Er Lu Tan Tui (十二路彈腿)/Line 8/3.md,codex/interests/martial_arts/go_through/Northern Shaolin Style (北少林拳 - Běi Shàolínquán/Taulu (套路)/Shi Er Lu Tan Tui (十二路彈腿)/Line 8,codex,done,
codex/interests/martial_arts/go_through/Northern Shaolin Style (北少林拳 - Běi Shàolínquán/Taulu (套路)/Shi Er Lu Tan Tui (十二路彈腿)/Line 8/4a.md,codex/interests/martial_arts/go_through/Northern Shaolin Style (北少林拳 - Běi Shàolínquán/Taulu (套路)/Shi Er Lu Tan Tui (十二路彈腿)/Line 8,codex,done,
codex/interests/martial_arts/go_through/Northern Shaolin Style (北少林拳 - Běi Shàolínquán/Taulu (套路)/Shi Er Lu Tan Tui (十二路彈腿)/Line 8/4b.md,codex/interests/martial_arts/go_through/Northern Shaolin Style (北少林拳 - Běi Shàolínquán/Taulu (套路)/Shi Er Lu Tan Tui (十二路彈腿)/Line 8,codex,done,
codex/interests/martial_arts/go_through/Northern Shaolin Style (北少林拳 - Běi Shàolínquán/Taulu (套路)/Shi Er Lu Tan Tui (十二路彈腿)/Line 8/5.md,codex/interests/martial_arts/go_through/Northern Shaolin Style (北少林拳 - Běi Shàolínquán/Taulu (套路)/Shi Er Lu Tan Tui (十二路彈腿)/Line 8,codex,done,
codex/interests/martial_arts/go_through/Northern Shaolin Style (北少林拳 - Běi Shàolínquán/Taulu (套路)/Shi Er Lu Tan Tui (十二路彈腿)/Line 8/6.md,codex/interests/martial_arts/go_through/Northern Shaolin Style (北少林拳 - Běi Shàolínquán/Taulu (套路)/Shi Er Lu Tan Tui (十二路彈腿)/Line 8,codex,done,
codex/interests/martial_arts/go_through/Northern Shaolin Style (北少林拳 - Běi Shàolínquán/Taulu (套路)/Shi Er Lu Tan Tui (十二路彈腿)/Line 8/8.md,codex/interests/martial_arts/go_through/Northern Shaolin Style (北少林拳 - Běi Shàolínquán/Taulu (套路)/Shi Er Lu Tan Tui (十二路彈腿)/Line 8,codex,done,
codex/interests/martial_arts/go_through/Northern Shaolin Style (北少林拳 - Běi Shàolínquán/Taulu (套路)/Shi Er Lu Tan Tui (十二路彈腿)/Line 8/9.md,codex/interests/martial_arts/go_through/Northern Shaolin Style (北少林拳 - Běi Shàolínquán/Taulu (套路)/Shi Er Lu Tan Tui (十二路彈腿)/Line 8,codex,done,
codex/interests/martial_arts/go_through/Northern Shaolin Style (北少林拳 - Běi Shàolínquán/Taulu (套路)/Shi Er Lu Tan Tui (十二路彈腿)/Line 8/4a 1d1077911ff044d68087a13fcb34b8a6/4a.jpg,codex/interests/martial_arts/go_through/Northern Shaolin Style (北少林拳 - Běi Shàolínquán/Taulu (套路)/Shi Er Lu Tan Tui (十二路彈腿)/Line 8/4a 1d1077911ff044d68087a13fcb34b8a6,codex,skipped,non-text file
codex/interests/martial_arts/go_through/Northern Shaolin Style (北少林拳 - Běi Shàolínquán/Taulu (套路)/Shi Er Lu Tan Tui (十二路彈腿)/Line 8/12 6bfed51ea2a040d5a566174a0c7680c3/12.jpg,codex/interests/martial_arts/go_through/Northern Shaolin Style (北少林拳 - Běi Shàolínquán/Taulu (套路)/Shi Er Lu Tan Tui (十二路彈腿)/Line 8/12 6bfed51ea2a040d5a566174a0c7680c3,codex,skipped,non-text file
codex/interests/martial_arts/go_through/Northern Shaolin Style (北少林拳 - Běi Shàolínquán/Taulu (套路)/Shi Er Lu Tan Tui (十二路彈腿)/Line 8/4b 95dc137a9fc344198470e7e32035406c/4b.jpg,codex/interests/martial_arts/go_through/Northern Shaolin Style (北少林拳 - Běi Shàolínquán/Taulu (套路)/Shi Er Lu Tan Tui (十二路彈腿)/Line 8/4b 95dc137a9fc344198470e7e32035406c,codex,skipped,non-text file
codex/interests/martial_arts/go_through/Northern Shaolin Style (北少林拳 - Běi Shàolínquán/Taulu (套路)/Shi Er Lu Tan Tui (十二路彈腿)/Line 8/2 ce188ca4cc1b46e39539999bd821a78f/2.jpg,codex/interests/martial_arts/go_through/Northern Shaolin Style (北少林拳 - Běi Shàolínquán/Taulu (套路)/Shi Er Lu Tan Tui (十二路彈腿)/Line 8/2 ce188ca4cc1b46e39539999bd821a78f,codex,skipped,non-text file
codex/interests/martial_arts/go_through/Northern Shaolin Style (北少林拳 - Běi Shàolínquán/Taulu (套路)/Shi Er Lu Tan Tui (十二路彈腿)/Line 8/18 b91f0f2a2d794bfb8a8acaf07d87e6ea/18.jpg,codex/interests/martial_arts/go_through/Northern Shaolin Style (北少林拳 - Běi Shàolínquán/Taulu (套路)/Shi Er Lu Tan Tui (十二路彈腿)/Line 8/18 b91f0f2a2d794bfb8a8acaf07d87e6ea,codex,skipped,non-text file
codex/interests/martial_arts/go_through/Northern Shaolin Style (北少林拳 - Běi Shàolínquán/Taulu (套路)/Shi Er Lu Tan Tui (十二路彈腿)/Line 8/16a 50a080d85f904bde8719bcb57f42b699/16a.jpg,codex/interests/martial_arts/go_through/Northern Shaolin Style (北少林拳 - Běi Shàolínquán/Taulu (套路)/Shi Er Lu Tan Tui (十二路彈腿)/Line 8/16a 50a080d85f904bde8719bcb57f42b699,codex,skipped,non-text file
codex/interests/martial_arts/go_through/Northern Shaolin Style (北少林拳 - Běi Shàolínquán/Taulu (套路)/Shi Er Lu Tan Tui (十二路彈腿)/Line 8/17 a1cb6e90f3064d4294966d49e1d6a330/17.jpg,codex/interests/martial_arts/go_through/Northern Shaolin Style (北少林拳 - Běi Shàolínquán/Taulu (套路)/Shi Er Lu Tan Tui (十二路彈腿)/Line 8/17 a1cb6e90f3064d4294966d49e1d6a330,codex,skipped,non-text file
codex/interests/martial_arts/go_through/Northern Shaolin Style (北少林拳 - Běi Shàolínquán/Taulu (套路)/Shi Er Lu Tan Tui (十二路彈腿)/Line 8/11 081c769459fd411d979ddfc4dfb8e53f/11.jpg,codex/interests/martial_arts/go_through/Northern Shaolin Style (北少林拳 - Běi Shàolínquán/Taulu (套路)/Shi Er Lu Tan Tui (十二路彈腿)/Line 8/11 081c769459fd411d979ddfc4dfb8e53f,codex,skipped,non-text file
codex/interests/martial_arts/go_through/Northern Shaolin Style (北少林拳 - Běi Shàolínquán/Taulu (套路)/Shi Er Lu Tan Tui (十二路彈腿)/Line 8/8 1e56d13b92694de8b0de0c6dc1fd1191/8.jpg,codex/interests/martial_arts/go_through/Northern Shaolin Style (北少林拳 - Běi Shàolínquán/Taulu (套路)/Shi Er Lu Tan Tui (十二路彈腿)/Line 8/8 1e56d13b92694de8b0de0c6dc1fd1191,codex,skipped,non-text file
codex/interests/martial_arts/go_through/Northern Shaolin Style (北少林拳 - Běi Shàolínquán/Taulu (套路)/Shi Er Lu Tan Tui (十二路彈腿)/Line 8/10 de709d043f614354bc8d7d84ab0346d0/10.jpg,codex/interests/martial_arts/go_through/Northern Shaolin Style (北少林拳 - Běi Shàolínquán/Taulu (套路)/Shi Er Lu Tan Tui (十二路彈腿)/Line 8/10 de709d043f614354bc8d7d84ab0346d0,codex,skipped,non-text file
codex/interests/martial_arts/go_through/Northern Shaolin Style (北少林拳 - Běi Shàolínquán/Taulu (套路)/Shi Er Lu Tan Tui (十二路彈腿)/Line 8/1 c9438f94605a40459abe7f5918765743/1.jpg,codex/interests/martial_arts/go_through/Northern Shaolin Style (北少林拳 - Běi Shàolínquán/Taulu (套路)/Shi Er Lu Tan Tui (十二路彈腿)/Line 8/1 c9438f94605a40459abe7f5918765743,codex,skipped,non-text file
codex/interests/martial_arts/go_through/Northern Shaolin Style (北少林拳 - Běi Shàolínquán/Taulu (套路)/Shi Er Lu Tan Tui (十二路彈腿)/Line 8/14 2cabc3ddcdff489eac735473555ae4cb/14.jpg,codex/interests/martial_arts/go_through/Northern Shaolin Style (北少林拳 - Běi Shàolínquán/Taulu (套路)/Shi Er Lu Tan Tui (十二路彈腿)/Line 8/14 2cabc3ddcdff489eac735473555ae4cb,codex,skipped,non-text file
codex/interests/martial_arts/go_through/Northern Shaolin Style (北少林拳 - Běi Shàolínquán/Taulu (套路)/Shi Er Lu Tan Tui (十二路彈腿)/Line 8/3 692656899c9545d9bd3c8576900355d3/3.jpg,codex/interests/martial_arts/go_through/Northern Shaolin Style (北少林拳 - Běi Shàolínquán/Taulu (套路)/Shi Er Lu Tan Tui (十二路彈腿)/Line 8/3 692656899c9545d9bd3c8576900355d3,codex,skipped,non-text file
codex/interests/martial_arts/go_through/Northern Shaolin Style (北少林拳 - Běi Shàolínquán/Taulu (套路)/Shi Er Lu Tan Tui (十二路彈腿)/Line 8/21 bc502466c3864fa282cf472c7642e70f/21.jpg,codex/interests/martial_arts/go_through/Northern Shaolin Style (北少林拳 - Běi Shàolínquán/Taulu (套路)/Shi Er Lu Tan Tui (十二路彈腿)/Line 8/21 bc502466c3864fa282cf472c7642e70f,codex,skipped,non-text file
codex/interests/martial_arts/go_through/Northern Shaolin Style (北少林拳 - Běi Shàolínquán/Taulu (套路)/Shi Er Lu Tan Tui (十二路彈腿)/Line 8/5 ce6ae098fb894cc0ba59cb958622560a/5.jpg,codex/interests/martial_arts/go_through/Northern Shaolin Style (北少林拳 - Běi Shàolínquán/Taulu (套路)/Shi Er Lu Tan Tui (十二路彈腿)/Line 8/5 ce6ae098fb894cc0ba59cb958622560a,codex,skipped,non-text file
codex/interests/martial_arts/go_through/Northern Shaolin Style (北少林拳 - Běi Shàolínquán/Taulu (套路)/Shi Er Lu Tan Tui (十二路彈腿)/Line 8/13 91ddccd0fc164a95b24e04a0488067b4/13.jpg,codex/interests/martial_arts/go_through/Northern Shaolin Style (北少林拳 - Běi Shàolínquán/Taulu (套路)/Shi Er Lu Tan Tui (十二路彈腿)/Line 8/13 91ddccd0fc164a95b24e04a0488067b4,codex,skipped,non-text file
codex/interests/martial_arts/go_through/Northern Shaolin Style (北少林拳 - Běi Shàolínquán/Taulu (套路)/Shi Er Lu Tan Tui (十二路彈腿)/Line 8/16b 93e897a2b037471a97b5521140267378/16b.jpg,codex/interests/martial_arts/go_through/Northern Shaolin Style (北少林拳 - Běi Shàolínquán/Taulu (套路)/Shi Er Lu Tan Tui (十二路彈腿)/Line 8/16b 93e897a2b037471a97b5521140267378,codex,skipped,non-text file
codex/interests/martial_arts/go_through/Northern Shaolin Style (北少林拳 - Běi Shàolínquán/Taulu (套路)/Shi Er Lu Tan Tui (十二路彈腿)/Line 8/15 d8c2d260e61c43889151044d48aa4afb/15.jpg,codex/interests/martial_arts/go_through/Northern Shaolin Style (北少林拳 - Běi Shàolínquán/Taulu (套路)/Shi Er Lu Tan Tui (十二路彈腿)/Line 8/15 d8c2d260e61c43889151044d48aa4afb,codex,skipped,non-text file
codex/interests/martial_arts/go_through/Northern Shaolin Style (北少林拳 - Běi Shàolínquán/Taulu (套路)/Shi Er Lu Tan Tui (十二路彈腿)/Line 8/20 2d1402c00178498f889497ae75dd465a/20.jpg,codex/interests/martial_arts/go_through/Northern Shaolin Style (北少林拳 - Běi Shàolínquán/Taulu (套路)/Shi Er Lu Tan Tui (十二路彈腿)/Line 8/20 2d1402c00178498f889497ae75dd465a,codex,skipped,non-text file
codex/interests/martial_arts/go_through/Northern Shaolin Style (北少林拳 - Běi Shàolínquán/Taulu (套路)/Shi Er Lu Tan Tui (十二路彈腿)/Line 8/6 18362282ee664253ad3c422730d4b04d/6.jpg,codex/interests/martial_arts/go_through/Northern Shaolin Style (北少林拳 - Běi Shàolínquán/Taulu (套路)/Shi Er Lu Tan Tui (十二路彈腿)/Line 8/6 18362282ee664253ad3c422730d4b04d,codex,skipped,non-text file
codex/interests/martial_arts/go_through/Northern Shaolin Style (北少林拳 - Běi Shàolínquán/Taulu (套路)/Shi Er Lu Tan Tui (十二路彈腿)/Line 8/9 72ae8c400a7447f0a367fc579a8430ad/9.jpg,codex/interests/martial_arts/go_through/Northern Shaolin Style (北少林拳 - Běi Shàolínquán/Taulu (套路)/Shi Er Lu Tan Tui (十二路彈腿)/Line 8/9 72ae8c400a7447f0a367fc579a8430ad,codex,skipped,non-text file
codex/interests/martial_arts/go_through/Northern Shaolin Style (北少林拳 - Běi Shàolínquán/Taulu (套路)/Shi Er Lu Tan Tui (十二路彈腿)/Line 12/1.md,codex/interests/martial_arts/go_through/Northern Shaolin Style (北少林拳 - Běi Shàolínquán/Taulu (套路)/Shi Er Lu Tan Tui (十二路彈腿)/Line 12,codex,done,
codex/interests/martial_arts/go_through/Northern Shaolin Style (北少林拳 - Běi Shàolínquán/Taulu (套路)/Shi Er Lu Tan Tui (十二路彈腿)/Line 12/2.md,codex/interests/martial_arts/go_through/Northern Shaolin Style (北少林拳 - Běi Shàolínquán/Taulu (套路)/Shi Er Lu Tan Tui (十二路彈腿)/Line 12,codex,done,
codex/interests/martial_arts/go_through/Northern Shaolin Style (北少林拳 - Běi Shàolínquán/Taulu (套路)/Shi Er Lu Tan Tui (十二路彈腿)/Line 12/3.md,codex/interests/martial_arts/go_through/Northern Shaolin Style (北少林拳 - Běi Shàolínquán/Taulu (套路)/Shi Er Lu Tan Tui (十二路彈腿)/Line 12,codex,done,
codex/interests/martial_arts/go_through/Northern Shaolin Style (北少林拳 - Běi Shàolínquán/Taulu (套路)/Shi Er Lu Tan Tui (十二路彈腿)/Line 12/4.md,codex/interests/martial_arts/go_through/Northern Shaolin Style (北少林拳 - Běi Shàolínquán/Taulu (套路)/Shi Er Lu Tan Tui (十二路彈腿)/Line 12,codex,done,
codex/interests/martial_arts/go_through/Northern Shaolin Style (北少林拳 - Běi Shàolínquán/Taulu (套路)/Shi Er Lu Tan Tui (十二路彈腿)/Line 12/5.md,codex/interests/martial_arts/go_through/Northern Shaolin Style (北少林拳 - Běi Shàolínquán/Taulu (套路)/Shi Er Lu Tan Tui (十二路彈腿)/Line 12,codex,done,
codex/interests/martial_arts/go_through/Northern Shaolin Style (北少林拳 - Běi Shàolínquán/Taulu (套路)/Shi Er Lu Tan Tui (十二路彈腿)/Line 12/6.md,codex/interests/martial_arts/go_through/Northern Shaolin Style (北少林拳 - Běi Shàolínquán/Taulu (套路)/Shi Er Lu Tan Tui (十二路彈腿)/Line 12,codex,done,
codex/interests/martial_arts/go_through/Northern Shaolin Style (北少林拳 - Běi Shàolínquán/Taulu (套路)/Shi Er Lu Tan Tui (十二路彈腿)/Line 12/7.md,codex/interests/martial_arts/go_through/Northern Shaolin Style (北少林拳 - Běi Shàolínquán/Taulu (套路)/Shi Er Lu Tan Tui (十二路彈腿)/Line 12,codex,done,
codex/interests/martial_arts/go_through/Northern Shaolin Style (北少林拳 - Běi Shàolínquán/Taulu (套路)/Shi Er Lu Tan Tui (十二路彈腿)/Line 12/4 bfce79c12d0d4992bab53aee52b1d36a/4.jpg,codex/interests/martial_arts/go_through/Northern Shaolin Style (北少林拳 - Běi Shàolínquán/Taulu (套路)/Shi Er Lu Tan Tui (十二路彈腿)/Line 12/4 bfce79c12d0d4992bab53aee52b1d36a,codex,skipped,non-text file
codex/interests/martial_arts/go_through/Northern Shaolin Style (北少林拳 - Běi Shàolínquán/Taulu (套路)/Shi Er Lu Tan Tui (十二路彈腿)/Line 12/1 16da2b9cdc8948d0b4286a74017b4510/1.jpg,codex/interests/martial_arts/go_through/Northern Shaolin Style (北少林拳 - Běi Shàolínquán/Taulu (套路)/Shi Er Lu Tan Tui (十二路彈腿)/Line 12/1 16da2b9cdc8948d0b4286a74017b4510,codex,skipped,non-text file
codex/interests/martial_arts/go_through/Northern Shaolin Style (北少林拳 - Běi Shàolínquán/Taulu (套路)/Shi Er Lu Tan Tui (十二路彈腿)/Line 12/3 6b61cd80b6a342979f380dffbbde566c/3.jpg,codex/interests/martial_arts/go_through/Northern Shaolin Style (北少林拳 - Běi Shàolínquán/Taulu (套路)/Shi Er Lu Tan Tui (十二路彈腿)/Line 12/3 6b61cd80b6a342979f380dffbbde566c,codex,skipped,non-text file
codex/interests/martial_arts/go_through/Northern Shaolin Style (北少林拳 - Běi Shàolínquán/Taulu (套路)/Shi Er Lu Tan Tui (十二路彈腿)/Line 12/2 5507d83868774eaaac84ed45d3ccf751/2.jpg,codex/interests/martial_arts/go_through/Northern Shaolin Style (北少林拳 - Běi Shàolínquán/Taulu (套路)/Shi Er Lu Tan Tui (十二路彈腿)/Line 12/2 5507d83868774eaaac84ed45d3ccf751,codex,skipped,non-text file
codex/interests/martial_arts/go_through/Northern Shaolin Style (北少林拳 - Běi Shàolínquán/Taulu (套路)/Shi Er Lu Tan Tui (十二路彈腿)/Line 12/5 5a4c2242438143a5ae7112fc51ebb1e6/5.jpg,codex/interests/martial_arts/go_through/Northern Shaolin Style (北少林拳 - Běi Shàolínquán/Taulu (套路)/Shi Er Lu Tan Tui (十二路彈腿)/Line 12/5 5a4c2242438143a5ae7112fc51ebb1e6,codex,skipped,non-text file
codex/interests/martial_arts/go_through/Northern Shaolin Style (北少林拳 - Běi Shàolínquán/Taulu (套路)/Shi Er Lu Tan Tui (十二路彈腿)/Line 12/6 db90ce475b154d3a9b0083462ac78ec1/6.jpg,codex/interests/martial_arts/go_through/Northern Shaolin Style (北少林拳 - Běi Shàolínquán/Taulu (套路)/Shi Er Lu Tan Tui (十二路彈腿)/Line 12/6 db90ce475b154d3a9b0083462ac78ec1,codex,skipped,non-text file
codex/interests/martial_arts/go_through/Northern Shaolin Style (北少林拳 - Běi Shàolínquán/Taulu (套路)/Shi Er Lu Tan Tui (十二路彈腿)/Line 12/7 e51e2013a17a4980830b7a362ffc8da1/7.jpg,codex/interests/martial_arts/go_through/Northern Shaolin Style (北少林拳 - Běi Shàolínquán/Taulu (套路)/Shi Er Lu Tan Tui (十二路彈腿)/Line 12/7 e51e2013a17a4980830b7a362ffc8da1,codex,skipped,non-text file
codex/interests/martial_arts/go_through/Northern Shaolin Style (北少林拳 - Běi Shàolínquán/Taulu (套路)/Shi Er Lu Tan Tui (十二路彈腿)/Line 9/1.md,codex/interests/martial_arts/go_through/Northern Shaolin Style (北少林拳 - Běi Shàolínquán/Taulu (套路)/Shi Er Lu Tan Tui (十二路彈腿)/Line 9,codex,done,
codex/interests/martial_arts/go_through/Northern Shaolin Style (北少林拳 - Běi Shàolínquán/Taulu (套路)/Shi Er Lu Tan Tui (十二路彈腿)/Line 9/10.md,codex/interests/martial_arts/go_through/Northern Shaolin Style (北少林拳 - Běi Shàolínquán/Taulu (套路)/Shi Er Lu Tan Tui (十二路彈腿)/Line 9,codex,done,
codex/interests/martial_arts/go_through/Northern Shaolin Style (北少林拳 - Běi Shàolínquán/Taulu (套路)/Shi Er Lu Tan Tui (十二路彈腿)/Line 9/11.md,codex/interests/martial_arts/go_through/Northern Shaolin Style (北少林拳 - Běi Shàolínquán/Taulu (套路)/Shi Er Lu Tan Tui (十二路彈腿)/Line 9,codex,done,
codex/interests/martial_arts/go_through/Northern Shaolin Style (北少林拳 - Běi Shàolínquán/Taulu (套路)/Shi Er Lu Tan Tui (十二路彈腿)/Line 9/2.md,codex/interests/martial_arts/go_through/Northern Shaolin Style (北少林拳 - Běi Shàolínquán/Taulu (套路)/Shi Er Lu Tan Tui (十二路彈腿)/Line 9,codex,done,
codex/interests/martial_arts/go_through/Northern Shaolin Style (北少林拳 - Běi Shàolínquán/Taulu (套路)/Shi Er Lu Tan Tui (十二路彈腿)/Line 9/3.md,codex/interests/martial_arts/go_through/Northern Shaolin Style (北少林拳 - Běi Shàolínquán/Taulu (套路)/Shi Er Lu Tan Tui (十二路彈腿)/Line 9,codex,done,
codex/interests/martial_arts/go_through/Northern Shaolin Style (北少林拳 - Běi Shàolínquán/Taulu (套路)/Shi Er Lu Tan Tui (十二路彈腿)/Line 9/4.md,codex/interests/martial_arts/go_through/Northern Shaolin Style (北少林拳 - Běi Shàolínquán/Taulu (套路)/Shi Er Lu Tan Tui (十二路彈腿)/Line 9,codex,done,
codex/interests/martial_arts/go_through/Northern Shaolin Style (北少林拳 - Běi Shàolínquán/Taulu (套路)/Shi Er Lu Tan Tui (十二路彈腿)/Line 9/5a.md,codex/interests/martial_arts/go_through/Northern Shaolin Style (北少林拳 - Běi Shàolínquán/Taulu (套路)/Shi Er Lu Tan Tui (十二路彈腿)/Line 9,codex,done,
codex/interests/martial_arts/go_through/Northern Shaolin Style (北少林拳 - Běi Shàolínquán/Taulu (套路)/Shi Er Lu Tan Tui (十二路彈腿)/Line 9/5b.md,codex/interests/martial_arts/go_through/Northern Shaolin Style (北少林拳 - Běi Shàolínquán/Taulu (套路)/Shi Er Lu Tan Tui (十二路彈腿)/Line 9,codex,done,
codex/interests/martial_arts/go_through/Northern Shaolin Style (北少林拳 - Běi Shàolínquán/Taulu (套路)/Shi Er Lu Tan Tui (十二路彈腿)/Line 9/6a.md,codex/interests/martial_arts/go_through/Northern Shaolin Style (北少林拳 - Běi Shàolínquán/Taulu (套路)/Shi Er Lu Tan Tui (十二路彈腿)/Line 9,codex,done,
codex/interests/martial_arts/go_through/Northern Shaolin Style (北少林拳 - Běi Shàolínquán/Taulu (套路)/Shi Er Lu Tan Tui (十二路彈腿)/Line 9/6b.md,codex/interests/martial_arts/go_through/Northern Shaolin Style (北少林拳 - Běi Shàolínquán/Taulu (套路)/Shi Er Lu Tan Tui (十二路彈腿)/Line 9,codex,done,
codex/interests/martial_arts/go_through/Northern Shaolin Style (北少林拳 - Běi Shàolínquán/Taulu (套路)/Shi Er Lu Tan Tui (十二路彈腿)/Line 9/7.md,codex/interests/martial_arts/go_through/Northern Shaolin Style (北少林拳 - Běi Shàolínquán/Taulu (套路)/Shi Er Lu Tan Tui (十二路彈腿)/Line 9,codex,done,
codex/interests/martial_arts/go_through/Northern Shaolin Style (北少林拳 - Běi Shàolínquán/Taulu (套路)/Shi Er Lu Tan Tui (十二路彈腿)/Line 9/8.md,codex/interests/martial_arts/go_through/Northern Shaolin Style (北少林拳 - Běi Shàolínquán/Taulu (套路)/Shi Er Lu Tan Tui (十二路彈腿)/Line 9,codex,done,
codex/interests/martial_arts/go_through/Northern Shaolin Style (北少林拳 - Běi Shàolínquán/Taulu (套路)/Shi Er Lu Tan Tui (十二路彈腿)/Line 9/9.md,codex/interests/martial_arts/go_through/Northern Shaolin Style (北少林拳 - Běi Shàolínquán/Taulu (套路)/Shi Er Lu Tan Tui (十二路彈腿)/Line 9,codex,done,
codex/interests/martial_arts/go_through/Northern Shaolin Style (北少林拳 - Běi Shàolínquán/Taulu (套路)/Shi Er Lu Tan Tui (十二路彈腿)/Line 9/9 11301cbbdb1d4b369faa6a063e5c8784/9.jpg,codex/interests/martial_arts/go_through/Northern Shaolin Style (北少林拳 - Běi Shàolínquán/Taulu (套路)/Shi Er Lu Tan Tui (十二路彈腿)/Line 9/9 11301cbbdb1d4b369faa6a063e5c8784,codex,skipped,non-text file
codex/interests/martial_arts/go_through/Northern Shaolin Style (北少林拳 - Běi Shàolínquán/Taulu (套路)/Shi Er Lu Tan Tui (十二路彈腿)/Line 9/6b 4cdd4ad164bf4eeda10133b3538d9da0/6b.jpg,codex/interests/martial_arts/go_through/Northern Shaolin Style (北少林拳 - Běi Shàolínquán/Taulu (套路)/Shi Er Lu Tan Tui (十二路彈腿)/Line 9/6b 4cdd4ad164bf4eeda10133b3538d9da0,codex,skipped,non-text file
codex/interests/martial_arts/go_through/Northern Shaolin Style (北少林拳 - Běi Shàolínquán/Taulu (套路)/Shi Er Lu Tan Tui (十二路彈腿)/Line 9/3 bb048b771ca94b68be7f456b6df8b809/3.jpg,codex/interests/martial_arts/go_through/Northern Shaolin Style (北少林拳 - Běi Shàolínquán/Taulu (套路)/Shi Er Lu Tan Tui (十二路彈腿)/Line 9/3 bb048b771ca94b68be7f456b6df8b809,codex,skipped,non-text file
codex/interests/martial_arts/go_through/Northern Shaolin Style (北少林拳 - Běi Shàolínquán/Taulu (套路)/Shi Er Lu Tan Tui (十二路彈腿)/Line 9/1 f0b7ae3b9b984eb2a338c57c2c2811c4/1.jpg,codex/interests/martial_arts/go_through/Northern Shaolin Style (北少林拳 - Běi Shàolínquán/Taulu (套路)/Shi Er Lu Tan Tui (十二路彈腿)/Line 9/1 f0b7ae3b9b984eb2a338c57c2c2811c4,codex,skipped,non-text file
codex/interests/martial_arts/go_through/Northern Shaolin Style (北少林拳 - Běi Shàolínquán/Taulu (套路)/Shi Er Lu Tan Tui (十二路彈腿)/Line 9/4 69201302e171436d8f9e7d6edfbfc8cd/4.jpg,codex/interests/martial_arts/go_through/Northern Shaolin Style (北少林拳 - Běi Shàolínquán/Taulu (套路)/Shi Er Lu Tan Tui (十二路彈腿)/Line 9/4 69201302e171436d8f9e7d6edfbfc8cd,codex,skipped,non-text file
codex/interests/martial_arts/go_through/Northern Shaolin Style (北少林拳 - Běi Shàolínquán/Taulu (套路)/Shi Er Lu Tan Tui (十二路彈腿)/Line 9/5a 766fd0128af040979b0a8b59f8f4aa51/5a.jpg,codex/interests/martial_arts/go_through/Northern Shaolin Style (北少林拳 - Běi Shàolínquán/Taulu (套路)/Shi Er Lu Tan Tui (十二路彈腿)/Line 9/5a 766fd0128af040979b0a8b59f8f4aa51,codex,skipped,non-text file
codex/interests/martial_arts/go_through/Northern Shaolin Style (北少林拳 - Běi Shàolínquán/Taulu (套路)/Shi Er Lu Tan Tui (十二路彈腿)/Line 9/5b 030d3b57a39141f3bbbd7e6ec68b3583/5b.jpg,codex/interests/martial_arts/go_through/Northern Shaolin Style (北少林拳 - Běi Shàolínquán/Taulu (套路)/Shi Er Lu Tan Tui (十二路彈腿)/Line 9/5b 030d3b57a39141f3bbbd7e6ec68b3583,codex,skipped,non-text file
codex/interests/martial_arts/go_through/Northern Shaolin Style (北少林拳 - Běi Shàolínquán/Taulu (套路)/Shi Er Lu Tan Tui (十二路彈腿)/Line 9/7 f3cefa8feb05460ca5bb42f10560d906/7.jpg,codex/interests/martial_arts/go_through/Northern Shaolin Style (北少林拳 - Běi Shàolínquán/Taulu (套路)/Shi Er Lu Tan Tui (十二路彈腿)/Line 9/7 f3cefa8feb05460ca5bb42f10560d906,codex,skipped,non-text file
codex/interests/martial_arts/go_through/Northern Shaolin Style (北少林拳 - Běi Shàolínquán/Taulu (套路)/Shi Er Lu Tan Tui (十二路彈腿)/Line 9/10 2d4886da4fc6463e8ff0e358e5388756/10.jpg,codex/interests/martial_arts/go_through/Northern Shaolin Style (北少林拳 - Běi Shàolínquán/Taulu (套路)/Shi Er Lu Tan Tui (十二路彈腿)/Line 9/10 2d4886da4fc6463e8ff0e358e5388756,codex,skipped,non-text file
codex/interests/martial_arts/go_through/Northern Shaolin Style (北少林拳 - Běi Shàolínquán/Taulu (套路)/Shi Er Lu Tan Tui (十二路彈腿)/Line 9/11 62b7c99b04df4ef8b60ee897fdc34ebf/11.jpg,codex/interests/martial_arts/go_through/Northern Shaolin Style (北少林拳 - Běi Shàolínquán/Taulu (套路)/Shi Er Lu Tan Tui (十二路彈腿)/Line 9/11 62b7c99b04df4ef8b60ee897fdc34ebf,codex,skipped,non-text file
codex/interests/martial_arts/go_through/Northern Shaolin Style (北少林拳 - Běi Shàolínquán/Taulu (套路)/Shi Er Lu Tan Tui (十二路彈腿)/Line 9/8 b6b31f3456324bc6b34049deaef85afa/8.jpg,codex/interests/martial_arts/go_through/Northern Shaolin Style (北少林拳 - Běi Shàolínquán/Taulu (套路)/Shi Er Lu Tan Tui (十二路彈腿)/Line 9/8 b6b31f3456324bc6b34049deaef85afa,codex,skipped,non-text file
codex/interests/martial_arts/go_through/Northern Shaolin Style (北少林拳 - Běi Shàolínquán/Taulu (套路)/Shi Er Lu Tan Tui (十二路彈腿)/Line 9/6a ae40f1e7a51d4bbab6a0a67721289d60/6a.jpg,codex/interests/martial_arts/go_through/Northern Shaolin Style (北少林拳 - Běi Shàolínquán/Taulu (套路)/Shi Er Lu Tan Tui (十二路彈腿)/Line 9/6a ae40f1e7a51d4bbab6a0a67721289d60,codex,skipped,non-text file
codex/interests/martial_arts/go_through/Northern Shaolin Style (北少林拳 - Běi Shàolínquán/Taulu (套路)/Shi Er Lu Tan Tui (十二路彈腿)/Line 9/2 b9b820f248054c1a9fc611d65c9a171b/2.jpg,codex/interests/martial_arts/go_through/Northern Shaolin Style (北少林拳 - Běi Shàolínquán/Taulu (套路)/Shi Er Lu Tan Tui (十二路彈腿)/Line 9/2 b9b820f248054c1a9fc611d65c9a171b,codex,skipped,non-text file
codex/interests/martial_arts/go_through/Northern Shaolin Style (北少林拳 - Běi Shàolínquán/Taulu (套路)/Shi Er Lu Tan Tui (十二路彈腿)/Line 2/1.md,codex/interests/martial_arts/go_through/Northern Shaolin Style (北少林拳 - Běi Shàolínquán/Taulu (套路)/Shi Er Lu Tan Tui (十二路彈腿)/Line 2,codex,done,
codex/interests/martial_arts/go_through/Northern Shaolin Style (北少林拳 - Běi Shàolínquán/Taulu (套路)/Shi Er Lu Tan Tui (十二路彈腿)/Line 2/2.md,codex/interests/martial_arts/go_through/Northern Shaolin Style (北少林拳 - Běi Shàolínquán/Taulu (套路)/Shi Er Lu Tan Tui (十二路彈腿)/Line 2,codex,done,
codex/interests/martial_arts/go_through/Northern Shaolin Style (北少林拳 - Běi Shàolínquán/Taulu (套路)/Shi Er Lu Tan Tui (十二路彈腿)/Line 2/3.md,codex/interests/martial_arts/go_through/Northern Shaolin Style (北少林拳 - Běi Shàolínquán/Taulu (套路)/Shi Er Lu Tan Tui (十二路彈腿)/Line 2,codex,done,
codex/interests/martial_arts/go_through/Northern Shaolin Style (北少林拳 - Běi Shàolínquán/Taulu (套路)/Shi Er Lu Tan Tui (十二路彈腿)/Line 2/4.md,codex/interests/martial_arts/go_through/Northern Shaolin Style (北少林拳 - Běi Shàolínquán/Taulu (套路)/Shi Er Lu Tan Tui (十二路彈腿)/Line 2,codex,done,
codex/interests/martial_arts/go_through/Northern Shaolin Style (北少林拳 - Běi Shàolínquán/Taulu (套路)/Shi Er Lu Tan Tui (十二路彈腿)/Line 2/5.md,codex/interests/martial_arts/go_through/Northern Shaolin Style (北少林拳 - Běi Shàolínquán/Taulu (套路)/Shi Er Lu Tan Tui (十二路彈腿)/Line 2,codex,done,
codex/interests/martial_arts/go_through/Northern Shaolin Style (北少林拳 - Běi Shàolínquán/Taulu (套路)/Shi Er Lu Tan Tui (十二路彈腿)/Line 2/6.md,codex/interests/martial_arts/go_through/Northern Shaolin Style (北少林拳 - Běi Shàolínquán/Taulu (套路)/Shi Er Lu Tan Tui (十二路彈腿)/Line 2,codex,done,
codex/interests/martial_arts/go_through/Northern Shaolin Style (北少林拳 - Běi Shàolínquán/Taulu (套路)/Shi Er Lu Tan Tui (十二路彈腿)/Line 2/6 9f7dc6a27dca4873bb5e5ae52e72b4a1/6.jpg,codex/interests/martial_arts/go_through/Northern Shaolin Style (北少林拳 - Běi Shàolínquán/Taulu (套路)/Shi Er Lu Tan Tui (十二路彈腿)/Line 2/6 9f7dc6a27dca4873bb5e5ae52e72b4a1,codex,skipped,non-text file
codex/interests/martial_arts/go_through/Northern Shaolin Style (北少林拳 - Běi Shàolínquán/Taulu (套路)/Shi Er Lu Tan Tui (十二路彈腿)/Line 2/1 a036078cd4214799968295904870878b/1.jpg,codex/interests/martial_arts/go_through/Northern Shaolin Style (北少林拳 - Běi Shàolínquán/Taulu (套路)/Shi Er Lu Tan Tui (十二路彈腿)/Line 2/1 a036078cd4214799968295904870878b,codex,skipped,non-text file
codex/interests/martial_arts/go_through/Northern Shaolin Style (北少林拳 - Běi Shàolínquán/Taulu (套路)/Shi Er Lu Tan Tui (十二路彈腿)/Line 2/5 d8626effdd6246508838e903dd17d780/5.jpg,codex/interests/martial_arts/go_through/Northern Shaolin Style (北少林拳 - Běi Shàolínquán/Taulu (套路)/Shi Er Lu Tan Tui (十二路彈腿)/Line 2/5 d8626effdd6246508838e903dd17d780,codex,skipped,non-text file
codex/interests/martial_arts/go_through/Northern Shaolin Style (北少林拳 - Běi Shàolínquán/Taulu (套路)/Shi Er Lu Tan Tui (十二路彈腿)/Line 2/3 97f028144ea94951b2da3d5718f22a46/3.jpg,codex/interests/martial_arts/go_through/Northern Shaolin Style (北少林拳 - Běi Shàolínquán/Taulu (套路)/Shi Er Lu Tan Tui (十二路彈腿)/Line 2/3 97f028144ea94951b2da3d5718f22a46,codex,skipped,non-text file
codex/interests/martial_arts/go_through/Northern Shaolin Style (北少林拳 - Běi Shàolínquán/Taulu (套路)/Shi Er Lu Tan Tui (十二路彈腿)/Line 2/4 9fe5650e966541dfbd4dd6d41d6dc9f0/4.jpg,codex/interests/martial_arts/go_through/Northern Shaolin Style (北少林拳 - Běi Shàolínquán/Taulu (套路)/Shi Er Lu Tan Tui (十二路彈腿)/Line 2/4 9fe5650e966541dfbd4dd6d41d6dc9f0,codex,skipped,non-text file
codex/interests/martial_arts/go_through/Northern Shaolin Style (北少林拳 - Běi Shàolínquán/Taulu (套路)/Shi Er Lu Tan Tui (十二路彈腿)/Line 2/2 167971e76f62418aad4570a814f8920c/2.jpg,codex/interests/martial_arts/go_through/Northern Shaolin Style (北少林拳 - Běi Shàolínquán/Taulu (套路)/Shi Er Lu Tan Tui (十二路彈腿)/Line 2/2 167971e76f62418aad4570a814f8920c,codex,skipped,non-text file
codex/interests/martial_arts/go_through/Northern Shaolin Style (北少林拳 - Běi Shàolínquán/Taulu (套路)/Shi Er Lu Tan Tui (十二路彈腿)/Line 10/1.md,codex/interests/martial_arts/go_through/Northern Shaolin Style (北少林拳 - Běi Shàolínquán/Taulu (套路)/Shi Er Lu Tan Tui (十二路彈腿)/Line 10,codex,done,
codex/interests/martial_arts/go_through/Northern Shaolin Style (北少林拳 - Běi Shàolínquán/Taulu (套路)/Shi Er Lu Tan Tui (十二路彈腿)/Line 10/10a.md,codex/interests/martial_arts/go_through/Northern Shaolin Style (北少林拳 - Běi Shàolínquán/Taulu (套路)/Shi Er Lu Tan Tui (十二路彈腿)/Line 10,codex,done,
codex/interests/martial_arts/go_through/Northern Shaolin Style (北少林拳 - Běi Shàolínquán/Taulu (套路)/Shi Er Lu Tan Tui (十二路彈腿)/Line 10/10b.md,codex/interests/martial_arts/go_through/Northern Shaolin Style (北少林拳 - Běi Shàolínquán/Taulu (套路)/Shi Er Lu Tan Tui (十二路彈腿)/Line 10,codex,done,
codex/interests/martial_arts/go_through/Northern Shaolin Style (北少林拳 - Běi Shàolínquán/Taulu (套路)/Shi Er Lu Tan Tui (十二路彈腿)/Line 10/11.md,codex/interests/martial_arts/go_through/Northern Shaolin Style (北少林拳 - Běi Shàolínquán/Taulu (套路)/Shi Er Lu Tan Tui (十二路彈腿)/Line 10,codex,done,
codex/interests/martial_arts/go_through/Northern Shaolin Style (北少林拳 - Běi Shàolínquán/Taulu (套路)/Shi Er Lu Tan Tui (十二路彈腿)/Line 10/12.md,codex/interests/martial_arts/go_through/Northern Shaolin Style (北少林拳 - Běi Shàolínquán/Taulu (套路)/Shi Er Lu Tan Tui (十二路彈腿)/Line 10,codex,done,
codex/interests/martial_arts/go_through/Northern Shaolin Style (北少林拳 - Běi Shàolínquán/Taulu (套路)/Shi Er Lu Tan Tui (十二路彈腿)/Line 10/2.md,codex/interests/martial_arts/go_through/Northern Shaolin Style (北少林拳 - Běi Shàolínquán/Taulu (套路)/Shi Er Lu Tan Tui (十二路彈腿)/Line 10,codex,done,
codex/interests/martial_arts/go_through/Northern Shaolin Style (北少林拳 - Běi Shàolínquán/Taulu (套路)/Shi Er Lu Tan Tui (十二路彈腿)/Line 10/3.md,codex/interests/martial_arts/go_through/Northern Shaolin Style (北少林拳 - Běi Shàolínquán/Taulu (套路)/Shi Er Lu Tan Tui (十二路彈腿)/Line 10,codex,done,
codex/interests/martial_arts/go_through/Northern Shaolin Style (北少林拳 - Běi Shàolínquán/Taulu (套路)/Shi Er Lu Tan Tui (十二路彈腿)/Line 10/3a.md,codex/interests/martial_arts/go_through/Northern Shaolin Style (北少林拳 - Běi Shàolínquán/Taulu (套路)/Shi Er Lu Tan Tui (十二路彈腿)/Line 10,codex,done,
codex/interests/martial_arts/go_through/Northern Shaolin Style (北少林拳 - Běi Shàolínquán/Taulu (套路)/Shi Er Lu Tan Tui (十二路彈腿)/Line 10/3b.md,codex/interests/martial_arts/go_through/Northern Shaolin Style (北少林拳 - Běi Shàolínquán/Taulu (套路)/Shi Er Lu Tan Tui (十二路彈腿)/Line 10,codex,done,
codex/interests/martial_arts/go_through/Northern Shaolin Style (北少林拳 - Běi Shàolínquán/Taulu (套路)/Shi Er Lu Tan Tui (十二路彈腿)/Line 10/4.md,codex/interests/martial_arts/go_through/Northern Shaolin Style (北少林拳 - Běi Shàolínquán/Taulu (套路)/Shi Er Lu Tan Tui (十二路彈腿)/Line 10,codex,done,
codex/interests/martial_arts/go_through/Northern Shaolin Style (北少林拳 - Běi Shàolínquán/Taulu (套路)/Shi Er Lu Tan Tui (十二路彈腿)/Line 10/5.md,codex/interests/martial_arts/go_through/Northern Shaolin Style (北少林拳 - Běi Shàolínquán/Taulu (套路)/Shi Er Lu Tan Tui (十二路彈腿)/Line 10,codex,done,
codex/interests/martial_arts/go_through/Northern Shaolin Style (北少林拳 - Běi Shàolínquán/Taulu (套路)/Shi Er Lu Tan Tui (十二路彈腿)/Line 10/6.md,codex/interests/martial_arts/go_through/Northern Shaolin Style (北少林拳 - Běi Shàolínquán/Taulu (套路)/Shi Er Lu Tan Tui (十二路彈腿)/Line 10,codex,done,
codex/interests/martial_arts/go_through/Northern Shaolin Style (北少林拳 - Běi Shàolínquán/Taulu (套路)/Shi Er Lu Tan Tui (十二路彈腿)/Line 10/7.md,codex/interests/martial_arts/go_through/Northern Shaolin Style (北少林拳 - Běi Shàolínquán/Taulu (套路)/Shi Er Lu Tan Tui (十二路彈腿)/Line 10,codex,done,
codex/interests/martial_arts/go_through/Northern Shaolin Style (北少林拳 - Běi Shàolínquán/Taulu (套路)/Shi Er Lu Tan Tui (十二路彈腿)/Line 10/8.md,codex/interests/martial_arts/go_through/Northern Shaolin Style (北少林拳 - Běi Shàolínquán/Taulu (套路)/Shi Er Lu Tan Tui (十二路彈腿)/Line 10,codex,done,
codex/interests/martial_arts/go_through/Northern Shaolin Style (北少林拳 - Běi Shàolínquán/Taulu (套路)/Shi Er Lu Tan Tui (十二路彈腿)/Line 10/9.md,codex/interests/martial_arts/go_through/Northern Shaolin Style (北少林拳 - Běi Shàolínquán/Taulu (套路)/Shi Er Lu Tan Tui (十二路彈腿)/Line 10,codex,done,
codex/interests/martial_arts/go_through/Northern Shaolin Style (北少林拳 - Běi Shàolínquán/Taulu (套路)/Shi Er Lu Tan Tui (十二路彈腿)/Line 10/3b 14a6dde87b85462da84ecc309cbfc1ff/3b.jpg,codex/interests/martial_arts/go_through/Northern Shaolin Style (北少林拳 - Běi Shàolínquán/Taulu (套路)/Shi Er Lu Tan Tui (十二路彈腿)/Line 10/3b 14a6dde87b85462da84ecc309cbfc1ff,codex,skipped,non-text file
codex/interests/martial_arts/go_through/Northern Shaolin Style (北少林拳 - Běi Shàolínquán/Taulu (套路)/Shi Er Lu Tan Tui (十二路彈腿)/Line 10/10a ace7f4475dfa448b9aec94201e0ae6e4/10a.jpg,codex/interests/martial_arts/go_through/Northern Shaolin Style (北少林拳 - Běi Shàolínquán/Taulu (套路)/Shi Er Lu Tan Tui (十二路彈腿)/Line 10/10a ace7f4475dfa448b9aec94201e0ae6e4,codex,skipped,non-text file
codex/interests/martial_arts/go_through/Northern Shaolin Style (北少林拳 - Běi Shàolínquán/Taulu (套路)/Shi Er Lu Tan Tui (十二路彈腿)/Line 10/6 cd9f1e6cef4c429d9f65eb75c8f7a134/6.jpg,codex/interests/martial_arts/go_through/Northern Shaolin Style (北少林拳 - Běi Shàolínquán/Taulu (套路)/Shi Er Lu Tan Tui (十二路彈腿)/Line 10/6 cd9f1e6cef4c429d9f65eb75c8f7a134,codex,skipped,non-text file
codex/interests/martial_arts/go_through/Northern Shaolin Style (北少林拳 - Běi Shàolínquán/Taulu (套路)/Shi Er Lu Tan Tui (十二路彈腿)/Line 10/8 0654a0bcad054ab08caaf01980cbd90f/8.jpg,codex/interests/martial_arts/go_through/Northern Shaolin Style (北少林拳 - Běi Shàolínquán/Taulu (套路)/Shi Er Lu Tan Tui (十二路彈腿)/Line 10/8 0654a0bcad054ab08caaf01980cbd90f,codex,skipped,non-text file
codex/interests/martial_arts/go_through/Northern Shaolin Style (北少林拳 - Běi Shàolínquán/Taulu (套路)/Shi Er Lu Tan Tui (十二路彈腿)/Line 10/11 c1873f6dc33f46ba841bae405fef76c6/11.jpg,codex/interests/martial_arts/go_through/Northern Shaolin Style (北少林拳 - Běi Shàolínquán/Taulu (套路)/Shi Er Lu Tan Tui (十二路彈腿)/Line 10/11 c1873f6dc33f46ba841bae405fef76c6,codex,skipped,non-text file
codex/interests/martial_arts/go_through/Northern Shaolin Style (北少林拳 - Běi Shàolínquán/Taulu (套路)/Shi Er Lu Tan Tui (十二路彈腿)/Line 10/7 939b16312794498fbbf9b413a87fe61f/7.jpg,codex/interests/martial_arts/go_through/Northern Shaolin Style (北少林拳 - Běi Shàolínquán/Taulu (套路)/Shi Er Lu Tan Tui (十二路彈腿)/Line 10/7 939b16312794498fbbf9b413a87fe61f,codex,skipped,non-text file
codex/interests/martial_arts/go_through/Northern Shaolin Style (北少林拳 - Běi Shàolínquán/Taulu (套路)/Shi Er Lu Tan Tui (十二路彈腿)/Line 10/10b a32ff882989e425a8d5232ba54e757ad/10b.jpg,codex/interests/martial_arts/go_through/Northern Shaolin Style (北少林拳 - Běi Shàolínquán/Taulu (套路)/Shi Er Lu Tan Tui (十二路彈腿)/Line 10/10b a32ff882989e425a8d5232ba54e757ad,codex,skipped,non-text file
codex/interests/martial_arts/go_through/Northern Shaolin Style (北少林拳 - Běi Shàolínquán/Taulu (套路)/Shi Er Lu Tan Tui (十二路彈腿)/Line 10/2 0d4c78735da545ef9d5783384da61a05/2.jpg,codex/interests/martial_arts/go_through/Northern Shaolin Style (北少林拳 - Běi Shàolínquán/Taulu (套路)/Shi Er Lu Tan Tui (十二路彈腿)/Line 10/2 0d4c78735da545ef9d5783384da61a05,codex,skipped,non-text file
codex/interests/martial_arts/go_through/Northern Shaolin Style (北少林拳 - Běi Shàolínquán/Taulu (套路)/Shi Er Lu Tan Tui (十二路彈腿)/Line 10/5 a3c876f1d62a43788c9a602f265d8478/5.jpg,codex/interests/martial_arts/go_through/Northern Shaolin Style (北少林拳 - Běi Shàolínquán/Taulu (套路)/Shi Er Lu Tan Tui (十二路彈腿)/Line 10/5 a3c876f1d62a43788c9a602f265d8478,codex,skipped,non-text file
codex/interests/martial_arts/go_through/Northern Shaolin Style (北少林拳 - Běi Shàolínquán/Taulu (套路)/Shi Er Lu Tan Tui (十二路彈腿)/Line 10/3a 3be5edf8977d450dbb0339a12113e15f/3a.jpg,codex/interests/martial_arts/go_through/Northern Shaolin Style (北少林拳 - Běi Shàolínquán/Taulu (套路)/Shi Er Lu Tan Tui (十二路彈腿)/Line 10/3a 3be5edf8977d450dbb0339a12113e15f,codex,skipped,non-text file
codex/interests/martial_arts/go_through/Northern Shaolin Style (北少林拳 - Běi Shàolínquán/Taulu (套路)/Shi Er Lu Tan Tui (十二路彈腿)/Line 10/9 db591c3f20c94228871a1d3a010f886f/9.jpg,codex/interests/martial_arts/go_through/Northern Shaolin Style (北少林拳 - Běi Shàolínquán/Taulu (套路)/Shi Er Lu Tan Tui (十二路彈腿)/Line 10/9 db591c3f20c94228871a1d3a010f886f,codex,skipped,non-text file
codex/interests/martial_arts/go_through/Northern Shaolin Style (北少林拳 - Běi Shàolínquán/Taulu (套路)/Shi Er Lu Tan Tui (十二路彈腿)/Line 10/4 729df27b505c492bb51ae5b21e4a83ec/4.jpg,codex/interests/martial_arts/go_through/Northern Shaolin Style (北少林拳 - Běi Shàolínquán/Taulu (套路)/Shi Er Lu Tan Tui (十二路彈腿)/Line 10/4 729df27b505c492bb51ae5b21e4a83ec,codex,skipped,non-text file
codex/interests/martial_arts/go_through/Northern Shaolin Style (北少林拳 - Běi Shàolínquán/Taulu (套路)/Shi Er Lu Tan Tui (十二路彈腿)/Line 10/1 b6e5d88e4300443b94aaa35ee63015f4/1.jpg,codex/interests/martial_arts/go_through/Northern Shaolin Style (北少林拳 - Běi Shàolínquán/Taulu (套路)/Shi Er Lu Tan Tui (十二路彈腿)/Line 10/1 b6e5d88e4300443b94aaa35ee63015f4,codex,skipped,non-text file
codex/interests/martial_arts/go_through/Northern Shaolin Style (北少林拳 - Běi Shàolínquán/Taulu (套路)/Shi Er Lu Tan Tui (十二路彈腿)/Line 10/12 953174d15bd445178c0e2add74953dc5/12.jpg,codex/interests/martial_arts/go_through/Northern Shaolin Style (北少林拳 - Běi Shàolínquán/Taulu (套路)/Shi Er Lu Tan Tui (十二路彈腿)/Line 10/12 953174d15bd445178c0e2add74953dc5,codex,skipped,non-text file
codex/interests/martial_arts/go_through/Northern Shaolin Style (北少林拳 - Běi Shàolínquán/Taulu (套路)/Shi Er Lu Tan Tui (十二路彈腿)/Line 10/3 4393bd6eb6c54d999b858de1fa149545/3.jpg,codex/interests/martial_arts/go_through/Northern Shaolin Style (北少林拳 - Běi Shàolínquán/Taulu (套路)/Shi Er Lu Tan Tui (十二路彈腿)/Line 10/3 4393bd6eb6c54d999b858de1fa149545,codex,skipped,non-text file
codex/interests/martial_arts/go_through/Northern Shaolin Style (北少林拳 - Běi Shàolínquán/Taulu (套路)/Shi Er Lu Tan Tui (十二路彈腿)/Line 11/1.md,codex/interests/martial_arts/go_through/Northern Shaolin Style (北少林拳 - Běi Shàolínquán/Taulu (套路)/Shi Er Lu Tan Tui (十二路彈腿)/Line 11,codex,done,
codex/interests/martial_arts/go_through/Northern Shaolin Style (北少林拳 - Běi Shàolínquán/Taulu (套路)/Shi Er Lu Tan Tui (十二路彈腿)/Line 11/2.md,codex/interests/martial_arts/go_through/Northern Shaolin Style (北少林拳 - Běi Shàolínquán/Taulu (套路)/Shi Er Lu Tan Tui (十二路彈腿)/Line 11,codex,done,
codex/interests/martial_arts/go_through/Northern Shaolin Style (北少林拳 - Běi Shàolínquán/Taulu (套路)/Shi Er Lu Tan Tui (十二路彈腿)/Line 11/3.md,codex/interests/martial_arts/go_through/Northern Shaolin Style (北少林拳 - Běi Shàolínquán/Taulu (套路)/Shi Er Lu Tan Tui (十二路彈腿)/Line 11,codex,done,
codex/interests/martial_arts/go_through/Northern Shaolin Style (北少林拳 - Běi Shàolínquán/Taulu (套路)/Shi Er Lu Tan Tui (十二路彈腿)/Line 11/4.md,codex/interests/martial_arts/go_through/Northern Shaolin Style (北少林拳 - Běi Shàolínquán/Taulu (套路)/Shi Er Lu Tan Tui (十二路彈腿)/Line 11,codex,done,
codex/interests/martial_arts/go_through/Northern Shaolin Style (北少林拳 - Běi Shàolínquán/Taulu (套路)/Shi Er Lu Tan Tui (十二路彈腿)/Line 11/5.md,codex/interests/martial_arts/go_through/Northern Shaolin Style (北少林拳 - Běi Shàolínquán/Taulu (套路)/Shi Er Lu Tan Tui (十二路彈腿)/Line 11,codex,done,
codex/interests/martial_arts/go_through/Northern Shaolin Style (北少林拳 - Běi Shàolínquán/Taulu (套路)/Shi Er Lu Tan Tui (十二路彈腿)/Line 11/6a.md,codex/interests/martial_arts/go_through/Northern Shaolin Style (北少林拳 - Běi Shàolínquán/Taulu (套路)/Shi Er Lu Tan Tui (十二路彈腿)/Line 11,codex,done,
codex/interests/martial_arts/go_through/Northern Shaolin Style (北少林拳 - Běi Shàolínquán/Taulu (套路)/Shi Er Lu Tan Tui (十二路彈腿)/Line 11/6b.md,codex/interests/martial_arts/go_through/Northern Shaolin Style (北少林拳 - Běi Shàolínquán/Taulu (套路)/Shi Er Lu Tan Tui (十二路彈腿)/Line 11,codex,done,
codex/interests/martial_arts/go_through/Northern Shaolin Style (北少林拳 - Běi Shàolínquán/Taulu (套路)/Shi Er Lu Tan Tui (十二路彈腿)/Line 11/7.md,codex/interests/martial_arts/go_through/Northern Shaolin Style (北少林拳 - Běi Shàolínquán/Taulu (套路)/Shi Er Lu Tan Tui (十二路彈腿)/Line 11,codex,done,
codex/interests/martial_arts/go_through/Northern Shaolin Style (北少林拳 - Běi Shàolínquán/Taulu (套路)/Shi Er Lu Tan Tui (十二路彈腿)/Line 11/8.md,codex/interests/martial_arts/go_through/Northern Shaolin Style (北少林拳 - Běi Shàolínquán/Taulu (套路)/Shi Er Lu Tan Tui (十二路彈腿)/Line 11,codex,done,
codex/interests/martial_arts/go_through/Northern Shaolin Style (北少林拳 - Běi Shàolínquán/Taulu (套路)/Shi Er Lu Tan Tui (十二路彈腿)/Line 11/3 8504c3ea9c5a4a289821f8cd0682f90c/3.jpg,codex/interests/martial_arts/go_through/Northern Shaolin Style (北少林拳 - Běi Shàolínquán/Taulu (套路)/Shi Er Lu Tan Tui (十二路彈腿)/Line 11/3 8504c3ea9c5a4a289821f8cd0682f90c,codex,skipped,non-text file
codex/interests/martial_arts/go_through/Northern Shaolin Style (北少林拳 - Běi Shàolínquán/Taulu (套路)/Shi Er Lu Tan Tui (十二路彈腿)/Line 11/7 244c1fbe10cc4b3aa39de27c36d8346e/7.jpg,codex/interests/martial_arts/go_through/Northern Shaolin Style (北少林拳 - Běi Shàolínquán/Taulu (套路)/Shi Er Lu Tan Tui (十二路彈腿)/Line 11/7 244c1fbe10cc4b3aa39de27c36d8346e,codex,skipped,non-text file
codex/interests/martial_arts/go_through/Northern Shaolin Style (北少林拳 - Běi Shàolínquán/Taulu (套路)/Shi Er Lu Tan Tui (十二路彈腿)/Line 11/1 6f631c3827514bd09d2c7df3e6b07620/1.jpg,codex/interests/martial_arts/go_through/Northern Shaolin Style (北少林拳 - Běi Shàolínquán/Taulu (套路)/Shi Er Lu Tan Tui (十二路彈腿)/Line 11/1 6f631c3827514bd09d2c7df3e6b07620,codex,skipped,non-text file
codex/interests/martial_arts/go_through/Northern Shaolin Style (北少林拳 - Běi Shàolínquán/Taulu (套路)/Shi Er Lu Tan Tui (十二路彈腿)/Line 11/6b 79350208e0bd4a5480d71a216f32aa1e/6b.jpg,codex/interests/martial_arts/go_through/Northern Shaolin Style (北少林拳 - Běi Shàolínquán/Taulu (套路)/Shi Er Lu Tan Tui (十二路彈腿)/Line 11/6b 79350208e0bd4a5480d71a216f32aa1e,codex,skipped,non-text file
codex/interests/martial_arts/go_through/Northern Shaolin Style (北少林拳 - Běi Shàolínquán/Taulu (套路)/Shi Er Lu Tan Tui (十二路彈腿)/Line 11/4 0a2c6b4010f64893b197b8600743f28e/4.jpg,codex/interests/martial_arts/go_through/Northern Shaolin Style (北少林拳 - Běi Shàolínquán/Taulu (套路)/Shi Er Lu Tan Tui (十二路彈腿)/Line 11/4 0a2c6b4010f64893b197b8600743f28e,codex,skipped,non-text file
codex/interests/martial_arts/go_through/Northern Shaolin Style (北少林拳 - Běi Shàolínquán/Taulu (套路)/Shi Er Lu Tan Tui (十二路彈腿)/Line 11/5 a2e61c5e047c424c8ac0e2c419c30e8e/5.jpg,codex/interests/martial_arts/go_through/Northern Shaolin Style (北少林拳 - Běi Shàolínquán/Taulu (套路)/Shi Er Lu Tan Tui (十二路彈腿)/Line 11/5 a2e61c5e047c424c8ac0e2c419c30e8e,codex,skipped,non-text file
codex/interests/martial_arts/go_through/Northern Shaolin Style (北少林拳 - Běi Shàolínquán/Taulu (套路)/Shi Er Lu Tan Tui (十二路彈腿)/Line 11/2 ba287751579341df8c03a2b716c6df22/2.jpg,codex/interests/martial_arts/go_through/Northern Shaolin Style (北少林拳 - Běi Shàolínquán/Taulu (套路)/Shi Er Lu Tan Tui (十二路彈腿)/Line 11/2 ba287751579341df8c03a2b716c6df22,codex,skipped,non-text file
codex/interests/martial_arts/go_through/Northern Shaolin Style (北少林拳 - Běi Shàolínquán/Taulu (套路)/Shi Er Lu Tan Tui (十二路彈腿)/Line 11/8 aa2e2000e8d144b880f13ee8f31a7224/8.jpg,codex/interests/martial_arts/go_through/Northern Shaolin Style (北少林拳 - Běi Shàolínquán/Taulu (套路)/Shi Er Lu Tan Tui (十二路彈腿)/Line 11/8 aa2e2000e8d144b880f13ee8f31a7224,codex,skipped,non-text file
codex/interests/martial_arts/go_through/Northern Shaolin Style (北少林拳 - Běi Shàolínquán/Taulu (套路)/Shi Er Lu Tan Tui (十二路彈腿)/Line 11/6a 1251e9fd5192468cb5c38948b1261788/6a.jpg,codex/interests/martial_arts/go_through/Northern Shaolin Style (北少林拳 - Běi Shàolínquán/Taulu (套路)/Shi Er Lu Tan Tui (十二路彈腿)/Line 11/6a 1251e9fd5192468cb5c38948b1261788,codex,skipped,non-text file
codex/interests/martial_arts/go_through/Northern Shaolin Style (北少林拳 - Běi Shàolínquán/Taulu (套路)/Shi Er Lu Tan Tui (十二路彈腿)/Line 5/1.md,codex/interests/martial_arts/go_through/Northern Shaolin Style (北少林拳 - Běi Shàolínquán/Taulu (套路)/Shi Er Lu Tan Tui (十二路彈腿)/Line 5,codex,done,
codex/interests/martial_arts/go_through/Northern Shaolin Style (北少林拳 - Běi Shàolínquán/Taulu (套路)/Shi Er Lu Tan Tui (十二路彈腿)/Line 5/2.md,codex/interests/martial_arts/go_through/Northern Shaolin Style (北少林拳 - Běi Shàolínquán/Taulu (套路)/Shi Er Lu Tan Tui (十二路彈腿)/Line 5,codex,done,
codex/interests/martial_arts/go_through/Northern Shaolin Style (北少林拳 - Běi Shàolínquán/Taulu (套路)/Shi Er Lu Tan Tui (十二路彈腿)/Line 5/3.md,codex/interests/martial_arts/go_through/Northern Shaolin Style (北少林拳 - Běi Shàolínquán/Taulu (套路)/Shi Er Lu Tan Tui (十二路彈腿)/Line 5,codex,done,
codex/interests/martial_arts/go_through/Northern Shaolin Style (北少林拳 - Běi Shàolínquán/Taulu (套路)/Shi Er Lu Tan Tui (十二路彈腿)/Line 5/4.md,codex/interests/martial_arts/go_through/Northern Shaolin Style (北少林拳 - Běi Shàolínquán/Taulu (套路)/Shi Er Lu Tan Tui (十二路彈腿)/Line 5,codex,done,
codex/interests/martial_arts/go_through/Northern Shaolin Style (北少林拳 - Běi Shàolínquán/Taulu (套路)/Shi Er Lu Tan Tui (十二路彈腿)/Line 5/5a.md,codex/interests/martial_arts/go_through/Northern Shaolin Style (北少林拳 - Běi Shàolínquán/Taulu (套路)/Shi Er Lu Tan Tui (十二路彈腿)/Line 5,codex,done,
codex/interests/martial_arts/go_through/Northern Shaolin Style (北少林拳 - Běi Shàolínquán/Taulu (套路)/Shi Er Lu Tan Tui (十二路彈腿)/Line 5/5b.md,codex/interests/martial_arts/go_through/Northern Shaolin Style (北少林拳 - Běi Shàolínquán/Taulu (套路)/Shi Er Lu Tan Tui (十二路彈腿)/Line 5,codex,done,
codex/interests/martial_arts/go_through/Northern Shaolin Style (北少林拳 - Běi Shàolínquán/Taulu (套路)/Shi Er Lu Tan Tui (十二路彈腿)/Line 5/6.md,codex/interests/martial_arts/go_through/Northern Shaolin Style (北少林拳 - Běi Shàolínquán/Taulu (套路)/Shi Er Lu Tan Tui (十二路彈腿)/Line 5,codex,done,
codex/interests/martial_arts/go_through/Northern Shaolin Style (北少林拳 - Běi Shàolínquán/Taulu (套路)/Shi Er Lu Tan Tui (十二路彈腿)/Line 5/7.md,codex/interests/martial_arts/go_through/Northern Shaolin Style (北少林拳 - Běi Shàolínquán/Taulu (套路)/Shi Er Lu Tan Tui (十二路彈腿)/Line 5,codex,done,
codex/interests/martial_arts/go_through/Northern Shaolin Style (北少林拳 - Běi Shàolínquán/Taulu (套路)/Shi Er Lu Tan Tui (十二路彈腿)/Line 5/4 e7c8ba624c184464a29c97471956a10d/4.jpg,codex/interests/martial_arts/go_through/Northern Shaolin Style (北少林拳 - Běi Shàolínquán/Taulu (套路)/Shi Er Lu Tan Tui (十二路彈腿)/Line 5/4 e7c8ba624c184464a29c97471956a10d,codex,skipped,non-text file
codex/interests/martial_arts/go_through/Northern Shaolin Style (北少林拳 - Běi Shàolínquán/Taulu (套路)/Shi Er Lu Tan Tui (十二路彈腿)/Line 5/7 0d9fb4aa288743e3afade043a30102f9/7.jpg,codex/interests/martial_arts/go_through/Northern Shaolin Style (北少林拳 - Běi Shàolínquán/Taulu (套路)/Shi Er Lu Tan Tui (十二路彈腿)/Line 5/7 0d9fb4aa288743e3afade043a30102f9,codex,skipped,non-text file
codex/interests/martial_arts/go_through/Northern Shaolin Style (北少林拳 - Běi Shàolínquán/Taulu (套路)/Shi Er Lu Tan Tui (十二路彈腿)/Line 5/5a 66a9494bd6cc40e4beb6d53d9fc57cfe/5a.jpg,codex/interests/martial_arts/go_through/Northern Shaolin Style (北少林拳 - Běi Shàolínquán/Taulu (套路)/Shi Er Lu Tan Tui (十二路彈腿)/Line 5/5a 66a9494bd6cc40e4beb6d53d9fc57cfe,codex,skipped,non-text file
codex/interests/martial_arts/go_through/Northern Shaolin Style (北少林拳 - Běi Shàolínquán/Taulu (套路)/Shi Er Lu Tan Tui (十二路彈腿)/Line 5/5b a9ac0782034a471d9576fece972c0bf6/5b.jpg,codex/interests/martial_arts/go_through/Northern Shaolin Style (北少林拳 - Běi Shàolínquán/Taulu (套路)/Shi Er Lu Tan Tui (十二路彈腿)/Line 5/5b a9ac0782034a471d9576fece972c0bf6,codex,skipped,non-text file
codex/interests/martial_arts/go_through/Northern Shaolin Style (北少林拳 - Běi Shàolínquán/Taulu (套路)/Shi Er Lu Tan Tui (十二路彈腿)/Line 5/3 2c17c81588b346a4a322614870bca4e7/3.jpg,codex/interests/martial_arts/go_through/Northern Shaolin Style (北少林拳 - Běi Shàolínquán/Taulu (套路)/Shi Er Lu Tan Tui (十二路彈腿)/Line 5/3 2c17c81588b346a4a322614870bca4e7,codex,skipped,non-text file
codex/interests/martial_arts/go_through/Northern Shaolin Style (北少林拳 - Běi Shàolínquán/Taulu (套路)/Shi Er Lu Tan Tui (十二路彈腿)/Line 5/2 89dbf178d8784456a75ed04f21014178/2.jpg,codex/interests/martial_arts/go_through/Northern Shaolin Style (北少林拳 - Běi Shàolínquán/Taulu (套路)/Shi Er Lu Tan Tui (十二路彈腿)/Line 5/2 89dbf178d8784456a75ed04f21014178,codex,skipped,non-text file
codex/interests/martial_arts/go_through/Northern Shaolin Style (北少林拳 - Běi Shàolínquán/Taulu (套路)/Shi Er Lu Tan Tui (十二路彈腿)/Line 5/6 dd1b149978c6411f8484d9a188f3e4b3/6.jpg,codex/interests/martial_arts/go_through/Northern Shaolin Style (北少林拳 - Běi Shàolínquán/Taulu (套路)/Shi Er Lu Tan Tui (十二路彈腿)/Line 5/6 dd1b149978c6411f8484d9a188f3e4b3,codex,skipped,non-text file
codex/interests/martial_arts/go_through/Northern Shaolin Style (北少林拳 - Běi Shàolínquán/Taulu (套路)/Xiǎo Huā Gùn (小花棍)/1 - Initial Position.md,codex/interests/martial_arts/go_through/Northern Shaolin Style (北少林拳 - Běi Shàolínquán/Taulu (套路)/Xiǎo Huā Gùn (小花棍),codex,done,
codex/interests/martial_arts/go_through/Northern Shaolin Style (北少林拳 - Běi Shàolínquán/Taulu (套路)/Xiǎo Huā Gùn (小花棍)/10 - Monkey King Swings to Heaven.md,codex/interests/martial_arts/go_through/Northern Shaolin Style (北少林拳 - Běi Shàolínquán/Taulu (套路)/Xiǎo Huā Gùn (小花棍),codex,done,
codex/interests/martial_arts/go_through/Northern Shaolin Style (北少林拳 - Běi Shàolínquán/Taulu (套路)/Xiǎo Huā Gùn (小花棍)/11 - Catch in Ma Bu (side view).md,codex/interests/martial_arts/go_through/Northern Shaolin Style (北少林拳 - Běi Shàolínquán/Taulu (套路)/Xiǎo Huā Gùn (小花棍),codex,done,
codex/interests/martial_arts/go_through/Northern Shaolin Style (北少林拳 - Běi Shàolínquán/Taulu (套路)/Xiǎo Huā Gùn (小花棍)/11 - Catch in Ma Bu.md,codex/interests/martial_arts/go_through/Northern Shaolin Style (北少林拳 - Běi Shàolínquán/Taulu (套路)/Xiǎo Huā Gùn (小花棍),codex,done,
codex/interests/martial_arts/go_through/Northern Shaolin Style (北少林拳 - Běi Shàolínquán/Taulu (套路)/Xiǎo Huā Gùn (小花棍)/12 - Strike Over the Shoulder (side view).md,codex/interests/martial_arts/go_through/Northern Shaolin Style (北少林拳 - Běi Shàolínquán/Taulu (套路)/Xiǎo Huā Gùn (小花棍),codex,done,
codex/interests/martial_arts/go_through/Northern Shaolin Style (北少林拳 - Běi Shàolínquán/Taulu (套路)/Xiǎo Huā Gùn (小花棍)/12 - Strike Over the Shoulder.md,codex/interests/martial_arts/go_through/Northern Shaolin Style (北少林拳 - Běi Shàolínquán/Taulu (套路)/Xiǎo Huā Gùn (小花棍),codex,done,
codex/interests/martial_arts/go_through/Northern Shaolin Style (北少林拳 - Běi Shàolínquán/Taulu (套路)/Xiǎo Huā Gùn (小花棍)/13 - Press Down in Ma Bu.md,codex/interests/martial_arts/go_through/Northern Shaolin Style (北少林拳 - Běi Shàolínquán/Taulu (套路)/Xiǎo Huā Gùn (小花棍),codex,done,
codex/interests/martial_arts/go_through/Northern Shaolin Style (北少林拳 - Běi Shàolínquán/Taulu (套路)/Xiǎo Huā Gùn (小花棍)/14 - Green Dragon Comes Out of the Cave.md,codex/interests/martial_arts/go_through/Northern Shaolin Style (北少林拳 - Běi Shàolínquán/Taulu (套路)/Xiǎo Huā Gùn (小花棍),codex,done,
codex/interests/martial_arts/go_through/Northern Shaolin Style (北少林拳 - Běi Shàolínquán/Taulu (套路)/Xiǎo Huā Gùn (小花棍)/15 - Clear the Battlefield of 1000 Warriors.md,codex/interests/martial_arts/go_through/Northern Shaolin Style (北少林拳 - Běi Shàolínquán/Taulu (套路)/Xiǎo Huā Gùn (小花棍),codex,done,
codex/interests/martial_arts/go_through/Northern Shaolin Style (北少林拳 - Běi Shàolínquán/Taulu (套路)/Xiǎo Huā Gùn (小花棍)/16 - Raise Pole in Jin Ji Du Li.md,codex/interests/martial_arts/go_through/Northern Shaolin Style (北少林拳 - Běi Shàolínquán/Taulu (套路)/Xiǎo Huā Gùn (小花棍),codex,done,
codex/interests/martial_arts/go_through/Northern Shaolin Style (北少林拳 - Běi Shàolínquán/Taulu (套路)/Xiǎo Huā Gùn (小花棍)/17 - Advance Spinning Flower (1).md,codex/interests/martial_arts/go_through/Northern Shaolin Style (北少林拳 - Běi Shàolínquán/Taulu (套路)/Xiǎo Huā Gùn (小花棍),codex,done,
codex/interests/martial_arts/go_through/Northern Shaolin Style (北少林拳 - Běi Shàolínquán/Taulu (套路)/Xiǎo Huā Gùn (小花棍)/17 - Advance Spinning Flower (2).md,codex/interests/martial_arts/go_through/Northern Shaolin Style (北少林拳 - Běi Shàolínquán/Taulu (套路)/Xiǎo Huā Gùn (小花棍),codex,done,
codex/interests/martial_arts/go_through/Northern Shaolin Style (北少林拳 - Běi Shàolínquán/Taulu (套路)/Xiǎo Huā Gùn (小花棍)/18 - Push Away the Clouds to See the Sun.md,codex/interests/martial_arts/go_through/Northern Shaolin Style (北少林拳 - Běi Shàolínquán/Taulu (套路)/Xiǎo Huā Gùn (小花棍),codex,done,
codex/interests/martial_arts/go_through/Northern Shaolin Style (北少林拳 - Běi Shàolínquán/Taulu (套路)/Xiǎo Huā Gùn (小花棍)/19 - Monkey Steals the Peach.md,codex/interests/martial_arts/go_through/Northern Shaolin Style (北少林拳 - Běi Shàolínquán/Taulu (套路)/Xiǎo Huā Gùn (小花棍),codex,done,
codex/interests/martial_arts/go_through/Northern Shaolin Style (北少林拳 - Běi Shàolínquán/Taulu (套路)/Xiǎo Huā Gùn (小花棍)/2 - Beginning Posture.md,codex/interests/martial_arts/go_through/Northern Shaolin Style (北少林拳 - Běi Shàolínquán/Taulu (套路)/Xiǎo Huā Gùn (小花棍),codex,done,
codex/interests/martial_arts/go_through/Northern Shaolin Style (北少林拳 - Běi Shàolínquán/Taulu (套路)/Xiǎo Huā Gùn (小花棍)/20 - Down Strike Through Huashan.md,codex/interests/martial_arts/go_through/Northern Shaolin Style (北少林拳 - Běi Shàolínquán/Taulu (套路)/Xiǎo Huā Gùn (小花棍),codex,done,
codex/interests/martial_arts/go_through/Northern Shaolin Style (北少林拳 - Běi Shàolínquán/Taulu (套路)/Xiǎo Huā Gùn (小花棍)/21 - Green Dragon Comes Out of the Cave.md,codex/interests/martial_arts/go_through/Northern Shaolin Style (北少林拳 - Běi Shàolínquán/Taulu (套路)/Xiǎo Huā Gùn (小花棍),codex,done,
codex/interests/martial_arts/go_through/Northern Shaolin Style (北少林拳 - Běi Shàolínquán/Taulu (套路)/Xiǎo Huā Gùn (小花棍)/22 - Immortal Clears a Path.md,codex/interests/martial_arts/go_through/Northern Shaolin Style (北少林拳 - Běi Shàolínquán/Taulu (套路)/Xiǎo Huā Gùn (小花棍),codex,done,
codex/interests/martial_arts/go_through/Northern Shaolin Style (北少林拳 - Běi Shàolínquán/Taulu (套路)/Xiǎo Huā Gùn (小花棍)/23 - Kui Xing Kicks the Big Dipper.md,codex/interests/martial_arts/go_through/Northern Shaolin Style (北少林拳 - Běi Shàolínquán/Taulu (套路)/Xiǎo Huā Gùn (小花棍),codex,done,
codex/interests/martial_arts/go_through/Northern Shaolin Style (北少林拳 - Běi Shàolínquán/Taulu (套路)/Xiǎo Huā Gùn (小花棍)/24 - Water Falls Off a Slanted Roof.md,codex/interests/martial_arts/go_through/Northern Shaolin Style (北少林拳 - Běi Shàolínquán/Taulu (套路)/Xiǎo Huā Gùn (小花棍),codex,done,
codex/interests/martial_arts/go_through/Northern Shaolin Style (北少林拳 - Běi Shàolínquán/Taulu (套路)/Xiǎo Huā Gùn (小花棍)/25 - Down Press in Ma Bu.md,codex/interests/martial_arts/go_through/Northern Shaolin Style (北少林拳 - Běi Shàolínquán/Taulu (套路)/Xiǎo Huā Gùn (小花棍),codex,done,
codex/interests/martial_arts/go_through/Northern Shaolin Style (北少林拳 - Běi Shàolínquán/Taulu (套路)/Xiǎo Huā Gùn (小花棍)/26 - Green Dragon Comes Out of the Cave.md,codex/interests/martial_arts/go_through/Northern Shaolin Style (北少林拳 - Běi Shàolínquán/Taulu (套路)/Xiǎo Huā Gùn (小花棍),codex,done,
codex/interests/martial_arts/go_through/Northern Shaolin Style (北少林拳 - Běi Shàolínquán/Taulu (套路)/Xiǎo Huā Gùn (小花棍)/27 - Spin Retreat and Low Strike - Immortal Catche.md,codex/interests/martial_arts/go_through/Northern Shaolin Style (北少林拳 - Běi Shàolínquán/Taulu (套路)/Xiǎo Huā Gùn (小花棍),codex,done,
codex/interests/martial_arts/go_through/Northern Shaolin Style (北少林拳 - Běi Shàolínquán/Taulu (套路)/Xiǎo Huā Gùn (小花棍)/28 - Ye Cha Searches the Sea.md,codex/interests/martial_arts/go_through/Northern Shaolin Style (北少林拳 - Běi Shàolínquán/Taulu (套路)/Xiǎo Huā Gùn (小花棍),codex,done,
codex/interests/martial_arts/go_through/Northern Shaolin Style (北少林拳 - Běi Shàolínquán/Taulu (套路)/Xiǎo Huā Gùn (小花棍)/29 - Spin Out and Down Strike in Ma Bu.md,codex/interests/martial_arts/go_through/Northern Shaolin Style (北少林拳 - Běi Shàolínquán/Taulu (套路)/Xiǎo Huā Gùn (小花棍),codex,done,
codex/interests/martial_arts/go_through/Northern Shaolin Style (北少林拳 - Běi Shàolínquán/Taulu (套路)/Xiǎo Huā Gùn (小花棍)/3 - Monkey King Evades Capture (side view).md,codex/interests/martial_arts/go_through/Northern Shaolin Style (北少林拳 - Běi Shàolínquán/Taulu (套路)/Xiǎo Huā Gùn (小花棍),codex,done,
codex/interests/martial_arts/go_through/Northern Shaolin Style (北少林拳 - Běi Shàolínquán/Taulu (套路)/Xiǎo Huā Gùn (小花棍)/3 - Monkey King Evades Capture.md,codex/interests/martial_arts/go_through/Northern Shaolin Style (北少林拳 - Běi Shàolínquán/Taulu (套路)/Xiǎo Huā Gùn (小花棍),codex,done,
codex/interests/martial_arts/go_through/Northern Shaolin Style (北少林拳 - Běi Shàolínquán/Taulu (套路)/Xiǎo Huā Gùn (小花棍)/30 - Jump Attack - Barrel Roll.md,codex/interests/martial_arts/go_through/Northern Shaolin Style (北少林拳 - Běi Shàolínquán/Taulu (套路)/Xiǎo Huā Gùn (小花棍),codex,done,
codex/interests/martial_arts/go_through/Northern Shaolin Style (北少林拳 - Běi Shàolínquán/Taulu (套路)/Xiǎo Huā Gùn (小花棍)/31 - Down Strike in Ma Bu.md,codex/interests/martial_arts/go_through/Northern Shaolin Style (北少林拳 - Běi Shàolínquán/Taulu (套路)/Xiǎo Huā Gùn (小花棍),codex,done,
codex/interests/martial_arts/go_through/Northern Shaolin Style (北少林拳 - Běi Shàolínquán/Taulu (套路)/Xiǎo Huā Gùn (小花棍)/32 - Jump Attack - Barrel Roll.md,codex/interests/martial_arts/go_through/Northern Shaolin Style (北少林拳 - Běi Shàolínquán/Taulu (套路)/Xiǎo Huā Gùn (小花棍),codex,done,
codex/interests/martial_arts/go_through/Northern Shaolin Style (北少林拳 - Běi Shàolínquán/Taulu (套路)/Xiǎo Huā Gùn (小花棍)/33 - Down Strike in Ma Bu.md,codex/interests/martial_arts/go_through/Northern Shaolin Style (北少林拳 - Běi Shàolínquán/Taulu (套路)/Xiǎo Huā Gùn (小花棍),codex,done,
codex/interests/martial_arts/go_through/Northern Shaolin Style (北少林拳 - Běi Shàolínquán/Taulu (套路)/Xiǎo Huā Gùn (小花棍)/34 - Green Dragon Comes Out of the Cave.md,codex/interests/martial_arts/go_through/Northern Shaolin Style (北少林拳 - Běi Shàolínquán/Taulu (套路)/Xiǎo Huā Gùn (小花棍),codex,done,
codex/interests/martial_arts/go_through/Northern Shaolin Style (北少林拳 - Běi Shàolínquán/Taulu (套路)/Xiǎo Huā Gùn (小花棍)/35 - Clear the Battlefield of 1000 Warriors.md,codex/interests/martial_arts/go_through/Northern Shaolin Style (北少林拳 - Běi Shàolínquán/Taulu (套路)/Xiǎo Huā Gùn (小花棍),codex,done,
codex/interests/martial_arts/go_through/Northern Shaolin Style (北少林拳 - Běi Shàolínquán/Taulu (套路)/Xiǎo Huā Gùn (小花棍)/36 - Step Back Overhead Strike in Ma Bu.md,codex/interests/martial_arts/go_through/Northern Shaolin Style (北少林拳 - Běi Shàolínquán/Taulu (套路)/Xiǎo Huā Gùn (小花棍),codex,done,
codex/interests/martial_arts/go_through/Northern Shaolin Style (北少林拳 - Běi Shàolínquán/Taulu (套路)/Xiǎo Huā Gùn (小花棍)/37 - Twist Overhead Strike in Zuo Pan Bu (side vie.md,codex/interests/martial_arts/go_through/Northern Shaolin Style (北少林拳 - Běi Shàolínquán/Taulu (套路)/Xiǎo Huā Gùn (小花棍),codex,done,
codex/interests/martial_arts/go_through/Northern Shaolin Style (北少林拳 - Běi Shàolínquán/Taulu (套路)/Xiǎo Huā Gùn (小花棍)/37 - Twist Overhead Strike in Zuo Pan Bu.md,codex/interests/martial_arts/go_through/Northern Shaolin Style (北少林拳 - Běi Shàolínquán/Taulu (套路)/Xiǎo Huā Gùn (小花棍),codex,done,
codex/interests/martial_arts/go_through/Northern Shaolin Style (北少林拳 - Běi Shàolínquán/Taulu (套路)/Xiǎo Huā Gùn (小花棍)/38 - Jump and Smash the Ground to Raise Dust (fron.md,codex/interests/martial_arts/go_through/Northern Shaolin Style (北少林拳 - Běi Shàolínquán/Taulu (套路)/Xiǎo Huā Gùn (小花棍),codex,done,
codex/interests/martial_arts/go_through/Northern Shaolin Style (北少林拳 - Běi Shàolínquán/Taulu (套路)/Xiǎo Huā Gùn (小花棍)/38 - Jump and Smash the Ground to Raise Dust.md,codex/interests/martial_arts/go_through/Northern Shaolin Style (北少林拳 - Běi Shàolínquán/Taulu (套路)/Xiǎo Huā Gùn (小花棍),codex,done,
codex/interests/martial_arts/go_through/Northern Shaolin Style (北少林拳 - Běi Shàolínquán/Taulu (套路)/Xiǎo Huā Gùn (小花棍)/39 - Raise the Flag (front view).md,codex/interests/martial_arts/go_through/Northern Shaolin Style (北少林拳 - Běi Shàolínquán/Taulu (套路)/Xiǎo Huā Gùn (小花棍),codex,done,
codex/interests/martial_arts/go_through/Northern Shaolin Style (北少林拳 - Běi Shàolínquán/Taulu (套路)/Xiǎo Huā Gùn (小花棍)/39 - Raise the Flag.md,codex/interests/martial_arts/go_through/Northern Shaolin Style (北少林拳 - Běi Shàolínquán/Taulu (套路)/Xiǎo Huā Gùn (小花棍),codex,done,
codex/interests/martial_arts/go_through/Northern Shaolin Style (北少林拳 - Běi Shàolínquán/Taulu (套路)/Xiǎo Huā Gùn (小花棍)/4 - Strike Down in Ma Bu.md,codex/interests/martial_arts/go_through/Northern Shaolin Style (北少林拳 - Běi Shàolínquán/Taulu (套路)/Xiǎo Huā Gùn (小花棍),codex,done,
codex/interests/martial_arts/go_through/Northern Shaolin Style (北少林拳 - Běi Shàolínquán/Taulu (套路)/Xiǎo Huā Gùn (小花棍)/40 - Spinning Flower Forward Three Times.md,codex/interests/martial_arts/go_through/Northern Shaolin Style (北少林拳 - Běi Shàolínquán/Taulu (套路)/Xiǎo Huā Gùn (小花棍),codex,done,
codex/interests/martial_arts/go_through/Northern Shaolin Style (北少林拳 - Běi Shàolínquán/Taulu (套路)/Xiǎo Huā Gùn (小花棍)/41 - Spinning Flower Backwards Three Times.md,codex/interests/martial_arts/go_through/Northern Shaolin Style (北少林拳 - Běi Shàolínquán/Taulu (套路)/Xiǎo Huā Gùn (小花棍),codex,done,
codex/interests/martial_arts/go_through/Northern Shaolin Style (北少林拳 - Běi Shàolínquán/Taulu (套路)/Xiǎo Huā Gùn (小花棍)/42 - Spinning Flower Forward Three Times.md,codex/interests/martial_arts/go_through/Northern Shaolin Style (北少林拳 - Běi Shàolínquán/Taulu (套路)/Xiǎo Huā Gùn (小花棍),codex,done,
"codex/interests/martial_arts/go_through/Northern Shaolin Style (北少林拳 - Běi Shàolínquán/Taulu (套路)/Xiǎo Huā Gùn (小花棍)/43 - Jump Spin, Water Falls Off a Slanted Roof.md",codex/interests/martial_arts/go_through/Northern Shaolin Style (北少林拳 - Běi Shàolínquán/Taulu (套路)/Xiǎo Huā Gùn (小花棍),codex,done,
codex/interests/martial_arts/go_through/Northern Shaolin Style (北少林拳 - Běi Shàolínquán/Taulu (套路)/Xiǎo Huā Gùn (小花棍)/44 - Down Press in Ma Bu.md,codex/interests/martial_arts/go_through/Northern Shaolin Style (北少林拳 - Běi Shàolínquán/Taulu (套路)/Xiǎo Huā Gùn (小花棍),codex,done,
codex/interests/martial_arts/go_through/Northern Shaolin Style (北少林拳 - Běi Shàolínquán/Taulu (套路)/Xiǎo Huā Gùn (小花棍)/45 - Green Dragon Comes Out of the Cave.md,codex/interests/martial_arts/go_through/Northern Shaolin Style (北少林拳 - Běi Shàolínquán/Taulu (套路)/Xiǎo Huā Gùn (小花棍),codex,done,
"codex/interests/martial_arts/go_through/Northern Shaolin Style (北少林拳 - Běi Shàolínquán/Taulu (套路)/Xiǎo Huā Gùn (小花棍)/46 - Retreating Cross Step, High Clear.md",codex/interests/martial_arts/go_through/Northern Shaolin Style (北少林拳 - Běi Shàolínquán/Taulu (套路)/Xiǎo Huā Gùn (小花棍),codex,done,
codex/interests/martial_arts/go_through/Northern Shaolin Style (北少林拳 - Běi Shàolínquán/Taulu (套路)/Xiǎo Huā Gùn (小花棍)/47 - Advance in Gong Jian Bu Diagonal Strike (fron.md,codex/interests/martial_arts/go_through/Northern Shaolin Style (北少林拳 - Běi Shàolínquán/Taulu (套路)/Xiǎo Huā Gùn (小花棍),codex,done,
codex/interests/martial_arts/go_through/Northern Shaolin Style (北少林拳 - Běi Shàolínquán/Taulu (套路)/Xiǎo Huā Gùn (小花棍)/47 - Advance in Gong Jian Bu Diagonal Strike.md,codex/interests/martial_arts/go_through/Northern Shaolin Style (北少林拳 - Běi Shàolínquán/Taulu (套路)/Xiǎo Huā Gùn (小花棍),codex,done,
codex/interests/martial_arts/go_through/Northern Shaolin Style (北少林拳 - Běi Shàolínquán/Taulu (套路)/Xiǎo Huā Gùn (小花棍)/48 - Monkey Steals the Peach in Jin Ji Du Li.md,codex/interests/martial_arts/go_through/Northern Shaolin Style (北少林拳 - Běi Shàolínquán/Taulu (套路)/Xiǎo Huā Gùn (小花棍),codex,done,
codex/interests/martial_arts/go_through/Northern Shaolin Style (北少林拳 - Běi Shàolínquán/Taulu (套路)/Xiǎo Huā Gùn (小花棍)/49 - Plant the Flag.md,codex/interests/martial_arts/go_through/Northern Shaolin Style (北少林拳 - Běi Shàolínquán/Taulu (套路)/Xiǎo Huā Gùn (小花棍),codex,done,
codex/interests/martial_arts/go_through/Northern Shaolin Style (北少林拳 - Běi Shàolínquán/Taulu (套路)/Xiǎo Huā Gùn (小花棍)/5 - Green Dragon Comes Out of the Cave.md,codex/interests/martial_arts/go_through/Northern Shaolin Style (北少林拳 - Běi Shàolínquán/Taulu (套路)/Xiǎo Huā Gùn (小花棍),codex,done,
codex/interests/martial_arts/go_through/Northern Shaolin Style (北少林拳 - Běi Shàolínquán/Taulu (套路)/Xiǎo Huā Gùn (小花棍)/50 - Ending Posture.md,codex/interests/martial_arts/go_through/Northern Shaolin Style (北少林拳 - Běi Shàolínquán/Taulu (套路)/Xiǎo Huā Gùn (小花棍),codex,done,
codex/interests/martial_arts/go_through/Northern Shaolin Style (北少林拳 - Běi Shàolínquán/Taulu (套路)/Xiǎo Huā Gùn (小花棍)/6 - Ye Cha Searches the Sea (front view).md,codex/interests/martial_arts/go_through/Northern Shaolin Style (北少林拳 - Běi Shàolínquán/Taulu (套路)/Xiǎo Huā Gùn (小花棍),codex,done,
codex/interests/martial_arts/go_through/Northern Shaolin Style (北少林拳 - Běi Shàolínquán/Taulu (套路)/Xiǎo Huā Gùn (小花棍)/6 - Ye Cha Searches the Sea.md,codex/interests/martial_arts/go_through/Northern Shaolin Style (北少林拳 - Běi Shàolínquán/Taulu (套路)/Xiǎo Huā Gùn (小花棍),codex,done,
codex/interests/martial_arts/go_through/Northern Shaolin Style (北少林拳 - Běi Shàolínquán/Taulu (套路)/Xiǎo Huā Gùn (小花棍)/7 - Back Strike in Ma Bu.md,codex/interests/martial_arts/go_through/Northern Shaolin Style (北少林拳 - Běi Shàolínquán/Taulu (套路)/Xiǎo Huā Gùn (小花棍),codex,done,
codex/interests/martial_arts/go_through/Northern Shaolin Style (北少林拳 - Běi Shàolínquán/Taulu (套路)/Xiǎo Huā Gùn (小花棍)/8 - Down Strike in Ma Bu.md,codex/interests/martial_arts/go_through/Northern Shaolin Style (北少林拳 - Běi Shàolínquán/Taulu (套路)/Xiǎo Huā Gùn (小花棍),codex,done,
"codex/interests/martial_arts/go_through/Northern Shaolin Style (北少林拳 - Běi Shàolínquán/Taulu (套路)/Xiǎo Huā Gùn (小花棍)/9 - Monk Carries Water, Thrust.md",codex/interests/martial_arts/go_through/Northern Shaolin Style (北少林拳 - Běi Shàolínquán/Taulu (套路)/Xiǎo Huā Gùn (小花棍),codex,done,
codex/interests/martial_arts/go_through/Northern Shaolin Style (北少林拳 - Běi Shàolínquán/Qínná (擒拿) - Seizing and Capturing/Cut_to_the_Outside_1.jpg,codex/interests/martial_arts/go_through/Northern Shaolin Style (北少林拳 - Běi Shàolínquán/Qínná (擒拿) - Seizing and Capturing,codex,skipped,non-text file
codex/interests/martial_arts/go_through/Northern Shaolin Style (北少林拳 - Běi Shàolínquán/Qínná (擒拿) - Seizing and Capturing/Cut_to_the_Outside_2.jpg,codex/interests/martial_arts/go_through/Northern Shaolin Style (北少林拳 - Běi Shàolínquán/Qínná (擒拿) - Seizing and Capturing,codex,skipped,non-text file
codex/interests/martial_arts/go_through/Northern Shaolin Style (北少林拳 - Běi Shàolínquán/Qínná (擒拿) - Seizing and Capturing/Cut_to_the_Outside_3.jpg,codex/interests/martial_arts/go_through/Northern Shaolin Style (北少林拳 - Běi Shàolínquán/Qínná (擒拿) - Seizing and Capturing,codex,skipped,non-text file
codex/interests/martial_arts/go_through/Northern Shaolin Style (北少林拳 - Běi Shàolínquán/Stances/Bow_and_Arrow_Stance_(front_view).jpg,codex/interests/martial_arts/go_through/Northern Shaolin Style (北少林拳 - Běi Shàolínquán/Stances,codex,skipped,non-text file
codex/interests/martial_arts/go_through/Northern Shaolin Style (北少林拳 - Běi Shàolínquán/Stances/Bow_and_Arrow_Stance_(side_view).jpg,codex/interests/martial_arts/go_through/Northern Shaolin Style (北少林拳 - Běi Shàolínquán/Stances,codex,skipped,non-text file
codex/interests/martial_arts/go_through/Northern Shaolin Style (北少林拳 - Běi Shàolínquán/Stances/Golden_Rooster_Stance_(front_view).jpg,codex/interests/martial_arts/go_through/Northern Shaolin Style (北少林拳 - Běi Shàolínquán/Stances,codex,skipped,non-text file
codex/interests/martial_arts/go_through/Northern Shaolin Style (北少林拳 - Běi Shàolínquán/Stances/Golden_Rooster_stance_(side_view).jpg,codex/interests/martial_arts/go_through/Northern Shaolin Style (北少林拳 - Běi Shàolínquán/Stances,codex,skipped,non-text file
codex/interests/martial_arts/go_through/Northern Shaolin Style (北少林拳 - Běi Shàolínquán/Stances/Horse_Stance_(front_view).jpg,codex/interests/martial_arts/go_through/Northern Shaolin Style (北少林拳 - Běi Shàolínquán/Stances,codex,skipped,non-text file
codex/interests/martial_arts/go_through/Northern Shaolin Style (北少林拳 - Běi Shàolínquán/Stances/Horse_Stance_(side_view).jpg,codex/interests/martial_arts/go_through/Northern Shaolin Style (北少林拳 - Běi Shàolínquán/Stances,codex,skipped,non-text file
codex/interests/martial_arts/go_through/Northern Shaolin Style (北少林拳 - Běi Shàolínquán/Stances/Subtle_Step_Stance_(front_view).jpg,codex/interests/martial_arts/go_through/Northern Shaolin Style (北少林拳 - Běi Shàolínquán/Stances,codex,skipped,non-text file
codex/interests/martial_arts/go_through/Northern Shaolin Style (北少林拳 - Běi Shàolínquán/Stances/Subtle_Step_Stance_(side_view).jpg,codex/interests/martial_arts/go_through/Northern Shaolin Style (北少林拳 - Běi Shàolínquán/Stances,codex,skipped,non-text file
codex/interests/martial_arts/go_through/Northern Shaolin Style (北少林拳 - Běi Shàolínquán/Zhong Yi Kung Fu Association (忠義國術館)/26240887_10156015204665750_6555406264619350712_o.jpg,codex/interests/martial_arts/go_through/Northern Shaolin Style (北少林拳 - Běi Shàolínquán/Zhong Yi Kung Fu Association (忠義國術館),codex,skipped,non-text file
codex/interests/martial_arts/go_through/Northern Shaolin Style (北少林拳 - Běi Shàolínquán/Zhong Yi Kung Fu Association (忠義國術館)/Green Sash (Intermediate) Requirments.md,codex/interests/martial_arts/go_through/Northern Shaolin Style (北少林拳 - Běi Shàolínquán/Zhong Yi Kung Fu Association (忠義國術館),codex,done,
codex/interests/martial_arts/go_through/Northern Shaolin Style (北少林拳 - Běi Shàolínquán/Zhong Yi Kung Fu Association (忠義國術館)/Lei Tai (擂台).md,codex/interests/martial_arts/go_through/Northern Shaolin Style (北少林拳 - Běi Shàolínquán/Zhong Yi Kung Fu Association (忠義國術館),codex,done,
codex/interests/martial_arts/go_through/Northern Shaolin Style (北少林拳 - Běi Shàolínquán/Zhong Yi Kung Fu Association (忠義國術館)/Red Sash (Advanced) Requirements.md,codex/interests/martial_arts/go_through/Northern Shaolin Style (北少林拳 - Běi Shàolínquán/Zhong Yi Kung Fu Association (忠義國術館),codex,done,
codex/interests/martial_arts/go_through/Northern Shaolin Style (北少林拳 - Běi Shàolínquán/Zhong Yi Kung Fu Association (忠義國術館)/Sash Levels.md,codex/interests/martial_arts/go_through/Northern Shaolin Style (北少林拳 - Běi Shàolínquán/Zhong Yi Kung Fu Association (忠義國術館),codex,done,
codex/interests/martial_arts/go_through/Northern Shaolin Style (北少林拳 - Běi Shàolínquán/Zhong Yi Kung Fu Association (忠義國術館)/School Photos 21dc7d15ef554647bef4e006a14bb0cd.csv,codex/interests/martial_arts/go_through/Northern Shaolin Style (北少林拳 - Běi Shàolínquán/Zhong Yi Kung Fu Association (忠義國術館),codex,skipped,non-text file
"codex/interests/martial_arts/go_through/Northern Shaolin Style (北少林拳 - Běi Shàolínquán/Zhong Yi Kung Fu Association (忠義國術館)/Screenshot (Jun 4, 2020 5 51 56 PM).md",codex/interests/martial_arts/go_through/Northern Shaolin Style (北少林拳 - Běi Shàolínquán/Zhong Yi Kung Fu Association (忠義國術館),codex,done,
codex/interests/martial_arts/go_through/Northern Shaolin Style (北少林拳 - Běi Shàolínquán/Zhong Yi Kung Fu Association (忠義國術館)/Sifu Nelson Ferreira.md,codex/interests/martial_arts/go_through/Northern Shaolin Style (北少林拳 - Běi Shàolínquán/Zhong Yi Kung Fu Association (忠義國術館),codex,done,
codex/interests/martial_arts/go_through/Northern Shaolin Style (北少林拳 - Běi Shàolínquán/Zhong Yi Kung Fu Association (忠義國術館)/USDLDF.md,codex/interests/martial_arts/go_through/Northern Shaolin Style (北少林拳 - Běi Shàolínquán/Zhong Yi Kung Fu Association (忠義國術館),codex,done,
codex/interests/martial_arts/go_through/Northern Shaolin Style (北少林拳 - Běi Shàolínquán/Zhong Yi Kung Fu Association (忠義國術館)/USKSF.md,codex/interests/martial_arts/go_through/Northern Shaolin Style (北少林拳 - Běi Shàolínquán/Zhong Yi Kung Fu Association (忠義國術館),codex,done,
codex/interests/martial_arts/go_through/Northern Shaolin Style (北少林拳 - Běi Shàolínquán/Zhong Yi Kung Fu Association (忠義國術館)/Website Notes.md,codex/interests/martial_arts/go_through/Northern Shaolin Style (北少林拳 - Běi Shàolínquán/Zhong Yi Kung Fu Association (忠義國術館),codex,done,
codex/interests/martial_arts/go_through/Northern Shaolin Style (北少林拳 - Běi Shàolínquán/Zhong Yi Kung Fu Association (忠義國術館)/White Sash (Beginner) Requirements.md,codex/interests/martial_arts/go_through/Northern Shaolin Style (北少林拳 - Běi Shàolínquán/Zhong Yi Kung Fu Association (忠義國術館),codex,done,
codex/interests/martial_arts/go_through/Northern Shaolin Style (北少林拳 - Běi Shàolínquán/Zhong Yi Kung Fu Association (忠義國術館)/School Photos/4 anchors 8 virtues.md,codex/interests/martial_arts/go_through/Northern Shaolin Style (北少林拳 - Běi Shàolínquán/Zhong Yi Kung Fu Association (忠義國術館)/School Photos,codex,done,
codex/interests/martial_arts/go_through/Northern Shaolin Style (北少林拳 - Běi Shàolínquán/Zhong Yi Kung Fu Association (忠義國術館)/School Photos/Logo.md,codex/interests/martial_arts/go_through/Northern Shaolin Style (北少林拳 - Běi Shàolínquán/Zhong Yi Kung Fu Association (忠義國術館)/School Photos,codex,done,
codex/interests/martial_arts/go_through/Northern Shaolin Style (北少林拳 - Běi Shàolínquán/Zhong Yi Kung Fu Association (忠義國術館)/School Photos/black sash 2.md,codex/interests/martial_arts/go_through/Northern Shaolin Style (北少林拳 - Běi Shàolínquán/Zhong Yi Kung Fu Association (忠義國術館)/School Photos,codex,done,
codex/interests/martial_arts/go_through/Northern Shaolin Style (北少林拳 - Běi Shàolínquán/Zhong Yi Kung Fu Association (忠義國術館)/School Photos/black sash.md,codex/interests/martial_arts/go_through/Northern Shaolin Style (北少林拳 - Běi Shàolínquán/Zhong Yi Kung Fu Association (忠義國術館)/School Photos,codex,done,
codex/interests/martial_arts/go_through/Northern Shaolin Style (北少林拳 - Běi Shàolínquán/Zhong Yi Kung Fu Association (忠義國術館)/School Photos/drumming.md,codex/interests/martial_arts/go_through/Northern Shaolin Style (北少林拳 - Běi Shàolínquán/Zhong Yi Kung Fu Association (忠義國術館)/School Photos,codex,done,
codex/interests/martial_arts/go_through/Northern Shaolin Style (北少林拳 - Běi Shàolínquán/Zhong Yi Kung Fu Association (忠義國術館)/School Photos/forms 1.md,codex/interests/martial_arts/go_through/Northern Shaolin Style (北少林拳 - Běi Shàolínquán/Zhong Yi Kung Fu Association (忠義國術館)/School Photos,codex,done,
codex/interests/martial_arts/go_through/Northern Shaolin Style (北少林拳 - Běi Shàolínquán/Zhong Yi Kung Fu Association (忠義國術館)/School Photos/forms 2.md,codex/interests/martial_arts/go_through/Northern Shaolin Style (北少林拳 - Běi Shàolínquán/Zhong Yi Kung Fu Association (忠義國術館)/School Photos,codex,done,
codex/interests/martial_arts/go_through/Northern Shaolin Style (北少林拳 - Běi Shàolínquán/Zhong Yi Kung Fu Association (忠義國術館)/School Photos/grandmaster 2.md,codex/interests/martial_arts/go_through/Northern Shaolin Style (北少林拳 - Běi Shàolínquán/Zhong Yi Kung Fu Association (忠義國術館)/School Photos,codex,done,
codex/interests/martial_arts/go_through/Northern Shaolin Style (北少林拳 - Běi Shàolínquán/Zhong Yi Kung Fu Association (忠義國術館)/School Photos/grandmaster.md,codex/interests/martial_arts/go_through/Northern Shaolin Style (北少林拳 - Běi Shàolínquán/Zhong Yi Kung Fu Association (忠義國術館)/School Photos,codex,done,
codex/interests/martial_arts/go_through/Northern Shaolin Style (北少林拳 - Běi Shàolínquán/Zhong Yi Kung Fu Association (忠義國術館)/School Photos/green sash.md,codex/interests/martial_arts/go_through/Northern Shaolin Style (北少林拳 - Běi Shàolínquán/Zhong Yi Kung Fu Association (忠義國術館)/School Photos,codex,done,
codex/interests/martial_arts/go_through/Northern Shaolin Style (北少林拳 - Běi Shàolínquán/Zhong Yi Kung Fu Association (忠義國術館)/School Photos/hand sets.md,codex/interests/martial_arts/go_through/Northern Shaolin Style (北少林拳 - Běi Shàolínquán/Zhong Yi Kung Fu Association (忠義國術館)/School Photos,codex,done,
codex/interests/martial_arts/go_through/Northern Shaolin Style (北少林拳 - Běi Shàolínquán/Zhong Yi Kung Fu Association (忠義國術館)/School Photos/instructor.md,codex/interests/martial_arts/go_through/Northern Shaolin Style (北少林拳 - Běi Shàolínquán/Zhong Yi Kung Fu Association (忠義國術館)/School Photos,codex,done,
codex/interests/martial_arts/go_through/Northern Shaolin Style (北少林拳 - Běi Shàolínquán/Zhong Yi Kung Fu Association (忠義國術館)/School Photos/lei tai rules.md,codex/interests/martial_arts/go_through/Northern Shaolin Style (北少林拳 - Běi Shàolínquán/Zhong Yi Kung Fu Association (忠義國術館)/School Photos,codex,done,
codex/interests/martial_arts/go_through/Northern Shaolin Style (北少林拳 - Běi Shàolínquán/Zhong Yi Kung Fu Association (忠義國術館)/School Photos/lion dance rules.md,codex/interests/martial_arts/go_through/Northern Shaolin Style (北少林拳 - Běi Shàolínquán/Zhong Yi Kung Fu Association (忠義國術館)/School Photos,codex,done,
codex/interests/martial_arts/go_through/Northern Shaolin Style (北少林拳 - Běi Shàolínquán/Zhong Yi Kung Fu Association (忠義國術館)/School Photos/master wu chaoxiang.md,codex/interests/martial_arts/go_through/Northern Shaolin Style (北少林拳 - Běi Shàolínquán/Zhong Yi Kung Fu Association (忠義國術館)/School Photos,codex,done,
codex/interests/martial_arts/go_through/Northern Shaolin Style (北少林拳 - Běi Shàolínquán/Zhong Yi Kung Fu Association (忠義國術館)/School Photos/master yu and ma.md,codex/interests/martial_arts/go_through/Northern Shaolin Style (北少林拳 - Běi Shàolínquán/Zhong Yi Kung Fu Association (忠義國術館)/School Photos,codex,done,
codex/interests/martial_arts/go_through/Northern Shaolin Style (北少林拳 - Běi Shàolínquán/Zhong Yi Kung Fu Association (忠義國術館)/School Photos/master.md,codex/interests/martial_arts/go_through/Northern Shaolin Style (北少林拳 - Běi Shàolínquán/Zhong Yi Kung Fu Association (忠義國術館)/School Photos,codex,done,
codex/interests/martial_arts/go_through/Northern Shaolin Style (北少林拳 - Běi Shàolínquán/Zhong Yi Kung Fu Association (忠義國術館)/School Photos/northern shaolin.md,codex/interests/martial_arts/go_through/Northern Shaolin Style (北少林拳 - Běi Shàolínquán/Zhong Yi Kung Fu Association (忠義國術館)/School Photos,codex,done,
codex/interests/martial_arts/go_through/Northern Shaolin Style (北少林拳 - Běi Shàolínquán/Zhong Yi Kung Fu Association (忠義國術館)/School Photos/practice 1.md,codex/interests/martial_arts/go_through/Northern Shaolin Style (北少林拳 - Běi Shàolínquán/Zhong Yi Kung Fu Association (忠義國術館)/School Photos,codex,done,
codex/interests/martial_arts/go_through/Northern Shaolin Style (北少林拳 - Běi Shàolínquán/Zhong Yi Kung Fu Association (忠義國術館)/School Photos/practice 2.md,codex/interests/martial_arts/go_through/Northern Shaolin Style (北少林拳 - Běi Shàolínquán/Zhong Yi Kung Fu Association (忠義國術館)/School Photos,codex,done,
codex/interests/martial_arts/go_through/Northern Shaolin Style (北少林拳 - Běi Shàolínquán/Zhong Yi Kung Fu Association (忠義國術館)/School Photos/red sash.md,codex/interests/martial_arts/go_through/Northern Shaolin Style (北少林拳 - Běi Shàolínquán/Zhong Yi Kung Fu Association (忠義國術館)/School Photos,codex,done,
codex/interests/martial_arts/go_through/Northern Shaolin Style (北少林拳 - Běi Shàolínquán/Zhong Yi Kung Fu Association (忠義國術館)/School Photos/sar [omg neats.md,codex/interests/martial_arts/go_through/Northern Shaolin Style (北少林拳 - Běi Shàolínquán/Zhong Yi Kung Fu Association (忠義國術館)/School Photos,codex,done,
codex/interests/martial_arts/go_through/Northern Shaolin Style (北少林拳 - Běi Shàolínquán/Zhong Yi Kung Fu Association (忠義國術館)/School Photos/sar ping.md,codex/interests/martial_arts/go_through/Northern Shaolin Style (北少林拳 - Běi Shàolínquán/Zhong Yi Kung Fu Association (忠義國術館)/School Photos,codex,done,
codex/interests/martial_arts/go_through/Northern Shaolin Style (北少林拳 - Běi Shàolínquán/Zhong Yi Kung Fu Association (忠義國術館)/School Photos/senior instructor.md,codex/interests/martial_arts/go_through/Northern Shaolin Style (北少林拳 - Běi Shàolínquán/Zhong Yi Kung Fu Association (忠義國術館)/School Photos,codex,done,
codex/interests/martial_arts/go_through/Northern Shaolin Style (北少林拳 - Běi Shàolínquán/Zhong Yi Kung Fu Association (忠義國術館)/School Photos/taulu rules.md,codex/interests/martial_arts/go_through/Northern Shaolin Style (北少林拳 - Běi Shàolínquán/Zhong Yi Kung Fu Association (忠義國術館)/School Photos,codex,done,
codex/interests/martial_arts/go_through/Northern Shaolin Style (北少林拳 - Běi Shàolínquán/Zhong Yi Kung Fu Association (忠義國術館)/School Photos/tshirt meanings.md,codex/interests/martial_arts/go_through/Northern Shaolin Style (北少林拳 - Běi Shàolínquán/Zhong Yi Kung Fu Association (忠義國術館)/School Photos,codex,done,
codex/interests/martial_arts/go_through/Northern Shaolin Style (北少林拳 - Běi Shàolínquán/Zhong Yi Kung Fu Association (忠義國術館)/School Photos/white sash.md,codex/interests/martial_arts/go_through/Northern Shaolin Style (北少林拳 - Běi Shàolínquán/Zhong Yi Kung Fu Association (忠義國術館)/School Photos,codex,done,
codex/interests/martial_arts/go_through/Northern Shaolin Style (北少林拳 - Běi Shàolínquán/Zhong Yi Kung Fu Association (忠義國術館)/School Photos/tshirt meanings/tshirt_meanings.jpg,codex/interests/martial_arts/go_through/Northern Shaolin Style (北少林拳 - Běi Shàolínquán/Zhong Yi Kung Fu Association (忠義國術館)/School Photos/tshirt meanings,codex,skipped,non-text file
codex/interests/martial_arts/go_through/Northern Shaolin Style (北少林拳 - Běi Shàolínquán/Zhong Yi Kung Fu Association (忠義國術館)/School Photos/4 anchors 8 virtues/4_anchors_8_virtues.jpg,codex/interests/martial_arts/go_through/Northern Shaolin Style (北少林拳 - Běi Shàolínquán/Zhong Yi Kung Fu Association (忠義國術館)/School Photos/4 anchors 8 virtues,codex,skipped,non-text file
codex/interests/martial_arts/go_through/Northern Shaolin Style (北少林拳 - Běi Shàolínquán/Zhong Yi Kung Fu Association (忠義國術館)/School Photos/forms 2/forms_2.jpg,codex/interests/martial_arts/go_through/Northern Shaolin Style (北少林拳 - Běi Shàolínquán/Zhong Yi Kung Fu Association (忠義國術館)/School Photos/forms 2,codex,skipped,non-text file
codex/interests/martial_arts/go_through/Northern Shaolin Style (北少林拳 - Běi Shàolínquán/Zhong Yi Kung Fu Association (忠義國術館)/School Photos/black sash/black_sash.jpg,codex/interests/martial_arts/go_through/Northern Shaolin Style (北少林拳 - Běi Shàolínquán/Zhong Yi Kung Fu Association (忠義國術館)/School Photos/black sash,codex,skipped,non-text file
codex/interests/martial_arts/go_through/Northern Shaolin Style (北少林拳 - Běi Shàolínquán/Zhong Yi Kung Fu Association (忠義國術館)/School Photos/instructor/instructor.jpg,codex/interests/martial_arts/go_through/Northern Shaolin Style (北少林拳 - Běi Shàolínquán/Zhong Yi Kung Fu Association (忠義國術館)/School Photos/instructor,codex,skipped,non-text file
codex/interests/martial_arts/go_through/Northern Shaolin Style (北少林拳 - Běi Shàolínquán/Zhong Yi Kung Fu Association (忠義國術館)/School Photos/northern shaolin/northern_shaolin.jpg,codex/interests/martial_arts/go_through/Northern Shaolin Style (北少林拳 - Běi Shàolínquán/Zhong Yi Kung Fu Association (忠義國術館)/School Photos/northern shaolin,codex,skipped,non-text file
codex/interests/martial_arts/go_through/Northern Shaolin Style (北少林拳 - Běi Shàolínquán/Zhong Yi Kung Fu Association (忠義國術館)/School Photos/black sash 2/black_sash_2.jpg,codex/interests/martial_arts/go_through/Northern Shaolin Style (北少林拳 - Běi Shàolínquán/Zhong Yi Kung Fu Association (忠義國術館)/School Photos/black sash 2,codex,skipped,non-text file
codex/interests/martial_arts/go_through/Northern Shaolin Style (北少林拳 - Běi Shàolínquán/Zhong Yi Kung Fu Association (忠義國術館)/School Photos/drumming/drumming.jpg,codex/interests/martial_arts/go_through/Northern Shaolin Style (北少林拳 - Běi Shàolínquán/Zhong Yi Kung Fu Association (忠義國術館)/School Photos/drumming,codex,skipped,non-text file
codex/interests/martial_arts/go_through/Northern Shaolin Style (北少林拳 - Běi Shàolínquán/Zhong Yi Kung Fu Association (忠義國術館)/School Photos/practice 2/practice_2.jpg,codex/interests/martial_arts/go_through/Northern Shaolin Style (北少林拳 - Běi Shàolínquán/Zhong Yi Kung Fu Association (忠義國術館)/School Photos/practice 2,codex,skipped,non-text file
codex/interests/martial_arts/go_through/Northern Shaolin Style (北少林拳 - Běi Shàolínquán/Zhong Yi Kung Fu Association (忠義國術館)/School Photos/hand sets/hand_sets.jpg,codex/interests/martial_arts/go_through/Northern Shaolin Style (北少林拳 - Běi Shàolínquán/Zhong Yi Kung Fu Association (忠義國術館)/School Photos/hand sets,codex,skipped,non-text file
codex/interests/martial_arts/go_through/Northern Shaolin Style (北少林拳 - Běi Shàolínquán/Zhong Yi Kung Fu Association (忠義國術館)/School Photos/sar [omg neats/sar_omg_neats.jpg,codex/interests/martial_arts/go_through/Northern Shaolin Style (北少林拳 - Běi Shàolínquán/Zhong Yi Kung Fu Association (忠義國術館)/School Photos/sar [omg neats,codex,skipped,non-text file
codex/interests/martial_arts/go_through/Northern Shaolin Style (北少林拳 - Běi Shàolínquán/Zhong Yi Kung Fu Association (忠義國術館)/School Photos/master yu and ma/master_yu_and_ma.jpg,codex/interests/martial_arts/go_through/Northern Shaolin Style (北少林拳 - Běi Shàolínquán/Zhong Yi Kung Fu Association (忠義國術館)/School Photos/master yu and ma,codex,skipped,non-text file
"codex/interests/martial_arts/go_through/Northern Shaolin Style (北少林拳 - Běi Shàolínquán/Zhong Yi Kung Fu Association (忠義國術館)/Screenshot (Jun 4, 2020 5 51 56 PM)/nse-1811922651996236856-1647.png","codex/interests/martial_arts/go_through/Northern Shaolin Style (北少林拳 - Běi Shàolínquán/Zhong Yi Kung Fu Association (忠義國術館)/Screenshot (Jun 4, 2020 5 51 56 PM)",codex,skipped,non-text file
codex/interests/comedy/go_through/Bo compendium.md,codex/interests/comedy/go_through,codex,done,
codex/interests/comedy/go_through/Comedians.md,codex/interests/comedy/go_through,codex,done,
codex/interests/comedy/go_through/Stand up comedy.md,codex/interests/comedy/go_through,codex,done,
codex/interests/comedy/go_through/comedy.md,codex/interests/comedy/go_through,codex,done,
codex/interests/philosophy/Stoicism.md,codex/interests/philosophy,codex,done,
codex/interests/philosophy/go_through/7cotzjod80t31.jpg,codex/interests/philosophy/go_through,codex,skipped,non-text file
codex/interests/philosophy/go_through/Ben Franklin 13 virtues.md,codex/interests/philosophy/go_through,codex,done,
codex/interests/philosophy/go_through/Bernie Sanders.md,codex/interests/philosophy/go_through,codex,done,
codex/interests/philosophy/go_through/Old woman spinning up time.md,codex/interests/philosophy/go_through,codex,done,
codex/interests/philosophy/go_through/Philosophy notebook.md,codex/interests/philosophy/go_through,codex,done,
codex/interests/philosophy/go_through/Philosophy.md,codex/interests/philosophy/go_through,codex,done,
codex/interests/philosophy/go_through/Plato.md,codex/interests/philosophy/go_through,codex,done,
codex/interests/philosophy/go_through/Politics.md,codex/interests/philosophy/go_through,codex,done,
codex/interests/philosophy/go_through/Stoicism Curriculum.md,codex/interests/philosophy/go_through,codex,done,
codex/interests/philosophy/go_through/Stoicism.md,codex/interests/philosophy/go_through,codex,done,
codex/interests/philosophy/go_through/Universal Human Needs Values.md,codex/interests/philosophy/go_through,codex,done,
codex/interests/philosophy/go_through/What to appreciate while alive.md,codex/interests/philosophy/go_through,codex,done,
codex/interests/philosophy/go_through/Philosophy/The four agreements.md,codex/interests/philosophy/go_through/Philosophy,codex,done,
codex/interests/philosophy/go_through/Philosophy/Virtue is the sole good.md,codex/interests/philosophy/go_through/Philosophy,codex,done,
codex/interests/philosophy/go_through/Philosophy/Zen monk explains how fucked life is .md,codex/interests/philosophy/go_through/Philosophy,codex,done,
codex/interests/philosophy/go_through/Philosophy/r howtonotgiveafuck - Alan Watts ~ Dont Take Life.md,codex/interests/philosophy/go_through/Philosophy,codex,done,
codex/interests/philosophy/go_through/Politics/Alexandria Ocasio-Cortez Have political courage Yo.md,codex/interests/philosophy/go_through/Politics,codex,done,
codex/interests/philosophy/go_through/Politics/Boeing’s Dennis Muilenburg says he’ll beat SpaceX.md,codex/interests/philosophy/go_through/Politics,codex,done,
codex/interests/philosophy/go_through/Politics/Climate Change - The Facts .md,codex/interests/philosophy/go_through/Politics,codex,done,
"codex/interests/philosophy/go_through/Politics/Elizabeth Warrens new plan Break up Amazon, Googl.md",codex/interests/philosophy/go_through/Politics,codex,done,
codex/interests/philosophy/go_through/Politics/Fronteers Conference 2017.md,codex/interests/philosophy/go_through/Politics,codex,done,
codex/interests/philosophy/go_through/Politics/Inside the epic debate on rethinking our 50-year-o.md,codex/interests/philosophy/go_through/Politics,codex,done,
codex/interests/philosophy/go_through/Politics/Joe Rogan Experience #1330 - Bernie Sanders .md,codex/interests/philosophy/go_through/Politics,codex,done,
codex/interests/philosophy/go_through/Politics/LeVar Burton Has a Message for Nonreaders Like Don.md,codex/interests/philosophy/go_through/Politics,codex,done,
codex/interests/philosophy/go_through/Politics/Space Policy Directive 1 – Return to the Moon Neur.md,codex/interests/philosophy/go_through/Politics,codex,done,
codex/interests/philosophy/go_through/Politics/Warren and Sanders pen NY Times op-ed Who Is Cong.md,codex/interests/philosophy/go_through/Politics,codex,done,
codex/interests/philosophy/go_through/Politics/Whitpain 2035 Planning For The Future .md,codex/interests/philosophy/go_through/Politics,codex,done,
codex/interests/philosophy/go_through/Politics/Why millenials want to die.md,codex/interests/philosophy/go_through/Politics,codex,done,
codex/interests/philosophy/go_through/Politics/https www kinder-world org articles solutions if-w.md,codex/interests/philosophy/go_through/Politics,codex,done,
codex/interests/philosophy/go_through/Politics/r Bitcoin - Im donating 5057 BTC to charitable ca.md,codex/interests/philosophy/go_through/Politics,codex,done,
codex/interests/philosophy/go_through/Politics/r IAmA - We are the ACLU Ask us anything about the.md,codex/interests/philosophy/go_through/Politics,codex,done,
codex/interests/philosophy/go_through/Politics/r WolfPAChq - [START HERE] Welcome to the Wolf PAC.md,codex/interests/philosophy/go_through/Politics,codex,done,
codex/interests/philosophy/go_through/Politics/r askscience - We are Professor Tim Lenton and Dr.md,codex/interests/philosophy/go_through/Politics,codex,done,
codex/interests/philosophy/go_through/Politics/r science - Science Discussion Net Neutrality.md,codex/interests/philosophy/go_through/Politics,codex,done,
codex/interests/philosophy/go_through/Plato/russo_plato1.pdf,codex/interests/philosophy/go_through/Plato,codex,skipped,non-text file
codex/interests/computer_science/go_through/AI Plan.md,codex/interests/computer_science/go_through,codex,done,
codex/interests/computer_science/go_through/AI Project.md,codex/interests/computer_science/go_through,codex,done,
codex/interests/computer_science/go_through/Home network design and AI.md,codex/interests/computer_science/go_through,codex,done,
codex/interests/computer_science/go_through/Learn Ethical Hacking.md,codex/interests/computer_science/go_through,codex,skipped,empty file
codex/interests/computer_science/go_through/Learning to hack.md,codex/interests/computer_science/go_through,codex,done,
codex/interests/computer_science/go_through/poms_server_project/server_notes.md,codex/interests/computer_science/go_through/poms_server_project,codex,done,
codex/interests/computer_science/go_through/comp_sci_notebook/A beginners guide to setting up a modern web devel.md,codex/interests/computer_science/go_through/comp_sci_notebook,codex,done,
codex/interests/computer_science/go_through/comp_sci_notebook/Artificial Intelligence.md,codex/interests/computer_science/go_through/comp_sci_notebook,codex,done,
codex/interests/computer_science/go_through/comp_sci_notebook/Bash scripting cheatsheet.md,codex/interests/computer_science/go_through/comp_sci_notebook,codex,done,
codex/interests/computer_science/go_through/comp_sci_notebook/Collection of cheat sheets for programmers.md,codex/interests/computer_science/go_through/comp_sci_notebook,codex,done,
codex/interests/computer_science/go_through/comp_sci_notebook/Comp Sci Competency Matrix.md,codex/interests/computer_science/go_through/comp_sci_notebook,codex,done,
codex/interests/computer_science/go_through/comp_sci_notebook/Competitive Programming.md,codex/interests/computer_science/go_through/comp_sci_notebook,codex,done,
codex/interests/computer_science/go_through/comp_sci_notebook/Computer Languages.md,codex/interests/computer_science/go_through/comp_sci_notebook,codex,done,
codex/interests/computer_science/go_through/comp_sci_notebook/Computer Literacy Levels.md,codex/interests/computer_science/go_through/comp_sci_notebook,codex,done,
codex/interests/computer_science/go_through/comp_sci_notebook/Computer Programming.md,codex/interests/computer_science/go_through/comp_sci_notebook,codex,done,
codex/interests/computer_science/go_through/comp_sci_notebook/Computer Science Map Abhinav Marwaha.md,codex/interests/computer_science/go_through/comp_sci_notebook,codex,done,
codex/interests/computer_science/go_through/comp_sci_notebook/Computer Science notebook.md,codex/interests/computer_science/go_through/comp_sci_notebook,codex,done,
codex/interests/computer_science/go_through/comp_sci_notebook/Connect your domain to a third-party web host.md,codex/interests/computer_science/go_through/comp_sci_notebook,codex,done,
codex/interests/computer_science/go_through/comp_sci_notebook/Git Info.md,codex/interests/computer_science/go_through/comp_sci_notebook,codex,done,
codex/interests/computer_science/go_through/comp_sci_notebook/How To Set Up Apache Virtual Hosts on Ubuntu 16 04.md,codex/interests/computer_science/go_through/comp_sci_notebook,codex,done,
codex/interests/computer_science/go_through/comp_sci_notebook/How to install the latest WordPress on Ubuntu 16 0.md,codex/interests/computer_science/go_through/comp_sci_notebook,codex,done,
codex/interests/computer_science/go_through/comp_sci_notebook/List js.md,codex/interests/computer_science/go_through/comp_sci_notebook,codex,done,
codex/interests/computer_science/go_through/comp_sci_notebook/Resources.md,codex/interests/computer_science/go_through/comp_sci_notebook,codex,done,
codex/interests/computer_science/go_through/comp_sci_notebook/The Hello World Collection.md,codex/interests/computer_science/go_through/comp_sci_notebook,codex,done,
codex/interests/computer_science/go_through/comp_sci_notebook/Things Every Computer Geek Should Know.md,codex/interests/computer_science/go_through/comp_sci_notebook,codex,done,
codex/interests/computer_science/go_through/comp_sci_notebook/Unix.md,codex/interests/computer_science/go_through/comp_sci_notebook,codex,done,
codex/interests/computer_science/go_through/comp_sci_notebook/Untitled Database 0adf5fb19f234b669a0a7809cfbc342b.csv,codex/interests/computer_science/go_through/comp_sci_notebook,codex,skipped,non-text file
codex/interests/computer_science/go_through/comp_sci_notebook/Web Development.md,codex/interests/computer_science/go_through/comp_sci_notebook,codex,done,
codex/interests/computer_science/go_through/comp_sci_notebook/web dev web dev.md,codex/interests/computer_science/go_through/comp_sci_notebook,codex,done,
codex/interests/computer_science/go_through/comp_sci_notebook/wwwhere.md,codex/interests/computer_science/go_through/comp_sci_notebook,codex,done,
codex/interests/computer_science/go_through/comp_sci_notebook/Artificial Intelligence/AI Class Prereq.md,codex/interests/computer_science/go_through/comp_sci_notebook/Artificial Intelligence,codex,done,
codex/interests/computer_science/go_through/comp_sci_notebook/Untitled Database/Algorithms and Data Structures.md,codex/interests/computer_science/go_through/comp_sci_notebook/Untitled Database,codex,done,
codex/interests/computer_science/go_through/comp_sci_notebook/Untitled Database/Computer Architecture.md,codex/interests/computer_science/go_through/comp_sci_notebook/Untitled Database,codex,done,
codex/interests/computer_science/go_through/comp_sci_notebook/Untitled Database/Computer Networking.md,codex/interests/computer_science/go_through/comp_sci_notebook/Untitled Database,codex,done,
codex/interests/computer_science/go_through/comp_sci_notebook/Untitled Database/Databases.md,codex/interests/computer_science/go_through/comp_sci_notebook/Untitled Database,codex,done,
codex/interests/computer_science/go_through/comp_sci_notebook/Untitled Database/Distributed Systems.md,codex/interests/computer_science/go_through/comp_sci_notebook/Untitled Database,codex,done,
codex/interests/computer_science/go_through/comp_sci_notebook/Untitled Database/Languages and Compilers.md,codex/interests/computer_science/go_through/comp_sci_notebook/Untitled Database,codex,done,
codex/interests/computer_science/go_through/comp_sci_notebook/Untitled Database/Math for CS.md,codex/interests/computer_science/go_through/comp_sci_notebook/Untitled Database,codex,done,
codex/interests/computer_science/go_through/comp_sci_notebook/Untitled Database/Operating Systems.md,codex/interests/computer_science/go_through/comp_sci_notebook/Untitled Database,codex,done,
codex/interests/computer_science/go_through/comp_sci_notebook/Untitled Database/Programming.md,codex/interests/computer_science/go_through/comp_sci_notebook/Untitled Database,codex,done,
codex/interests/computer_science/go_through/comp_sci_notebook/Git Info/https3A2F2Fs3-us-west-2.amazonaws.com2Fsecure.notion-static.com2F08b77620-ae4c-4ebc-b959-68e13b34156c2FScreenshot_2020-11-25_223043.png,codex/interests/computer_science/go_through/comp_sci_notebook/Git Info,codex,skipped,non-text file
codex/interests/computer_science/go_through/comp_sci_notebook/Git Info/https3A2F2Fs3-us-west-2.amazonaws.com2Fsecure.notion-static.com2F2d57e9ca-34a0-4eb4-b328-48e84e2737772FScreenshot_2020-11-27_202729.png,codex/interests/computer_science/go_through/comp_sci_notebook/Git Info,codex,skipped,non-text file
codex/interests/computer_science/go_through/comp_sci_notebook/Git Info/https3A2F2Fs3-us-west-2.amazonaws.com2Fsecure.notion-static.com2F371cc57f-ff81-48d8-8b2c-e36531ee3a692FScreenshot_2020-11-27_210350.png,codex/interests/computer_science/go_through/comp_sci_notebook/Git Info,codex,skipped,non-text file
codex/interests/computer_science/go_through/comp_sci_notebook/Git Info/https3A2F2Fs3-us-west-2.amazonaws.com2Fsecure.notion-static.com2F39dfbbf3-a2da-4a78-bdb7-50312f3326272FScreenshot_2020-11-27_200929.png,codex/interests/computer_science/go_through/comp_sci_notebook/Git Info,codex,skipped,non-text file
codex/interests/computer_science/go_through/comp_sci_notebook/Git Info/https3A2F2Fs3-us-west-2.amazonaws.com2Fsecure.notion-static.com2F3b08d5d8-94e2-4459-801a-50e093f907762FScreenshot_2020-11-28_071240.png,codex/interests/computer_science/go_through/comp_sci_notebook/Git Info,codex,skipped,non-text file
codex/interests/computer_science/go_through/comp_sci_notebook/Git Info/https3A2F2Fs3-us-west-2.amazonaws.com2Fsecure.notion-static.com2F4571c173-770a-46f6-b139-75789d6cfcc22FScreenshot_2020-11-26_235519.png,codex/interests/computer_science/go_through/comp_sci_notebook/Git Info,codex,skipped,non-text file
codex/interests/computer_science/go_through/comp_sci_notebook/Git Info/https3A2F2Fs3-us-west-2.amazonaws.com2Fsecure.notion-static.com2F4c4ad5c8-890c-4562-a8c6-737c54a209f32FScreenshot_2020-11-27_203543.png,codex/interests/computer_science/go_through/comp_sci_notebook/Git Info,codex,skipped,non-text file
codex/interests/computer_science/go_through/comp_sci_notebook/Git Info/https3A2F2Fs3-us-west-2.amazonaws.com2Fsecure.notion-static.com2F6546c70a-5c79-4992-8053-b85a80ecc5242FScreenshot_20201127-220432_Chrome.jpg,codex/interests/computer_science/go_through/comp_sci_notebook/Git Info,codex,skipped,non-text file
codex/interests/computer_science/go_through/comp_sci_notebook/Git Info/https3A2F2Fs3-us-west-2.amazonaws.com2Fsecure.notion-static.com2F6f6fa18d-94bf-4a1a-b2ac-96b54f10ced72FScreenshot_2020-11-27_210045.png,codex/interests/computer_science/go_through/comp_sci_notebook/Git Info,codex,skipped,non-text file
codex/interests/computer_science/go_through/comp_sci_notebook/Git Info/https3A2F2Fs3-us-west-2.amazonaws.com2Fsecure.notion-static.com2F7fd95ec3-e250-48f9-8ab8-fecc5cf9dacf2FScreenshot_2020-11-25_230949.png,codex/interests/computer_science/go_through/comp_sci_notebook/Git Info,codex,skipped,non-text file
codex/interests/computer_science/go_through/comp_sci_notebook/Git Info/https3A2F2Fs3-us-west-2.amazonaws.com2Fsecure.notion-static.com2F8468a6ab-d957-4e6e-853f-27161e2efe902FScreenshot_2020-11-28_232710.png,codex/interests/computer_science/go_through/comp_sci_notebook/Git Info,codex,skipped,non-text file
codex/interests/computer_science/go_through/comp_sci_notebook/Git Info/https3A2F2Fs3-us-west-2.amazonaws.com2Fsecure.notion-static.com2F895c2974-9d56-4e94-bad0-8ac4d01ab4742FScreenshot_2020-11-27_200610.png,codex/interests/computer_science/go_through/comp_sci_notebook/Git Info,codex,skipped,non-text file
codex/interests/computer_science/go_through/comp_sci_notebook/Git Info/https3A2F2Fs3-us-west-2.amazonaws.com2Fsecure.notion-static.com2F8a7438ea-ec0e-4a4b-8980-d509586a8e0f2FScreenshot_2020-11-20_023123.png,codex/interests/computer_science/go_through/comp_sci_notebook/Git Info,codex,skipped,non-text file
codex/interests/computer_science/go_through/comp_sci_notebook/Git Info/https3A2F2Fs3-us-west-2.amazonaws.com2Fsecure.notion-static.com2F8af090f4-0f52-413a-b033-835fb8f1581c2FScreenshot_2020-11-28_233428.png,codex/interests/computer_science/go_through/comp_sci_notebook/Git Info,codex,skipped,non-text file
codex/interests/computer_science/go_through/comp_sci_notebook/Git Info/https3A2F2Fs3-us-west-2.amazonaws.com2Fsecure.notion-static.com2F9f1e01c3-87e6-4d5b-8b2f-ad8e892dc1952FScreenshot_2020-11-27_205004.png,codex/interests/computer_science/go_through/comp_sci_notebook/Git Info,codex,skipped,non-text file
codex/interests/computer_science/go_through/comp_sci_notebook/Git Info/https3A2F2Fs3-us-west-2.amazonaws.com2Fsecure.notion-static.com2Fa2a32d84-6888-44ff-8168-a136fc120b422FScreenshot_2020-11-25_224333.png,codex/interests/computer_science/go_through/comp_sci_notebook/Git Info,codex,skipped,non-text file
codex/interests/computer_science/go_through/comp_sci_notebook/Git Info/https3A2F2Fs3-us-west-2.amazonaws.com2Fsecure.notion-static.com2Fa4a67123-6219-4994-9be1-757731e7a4262FScreenshot_2020-11-20_025537.png,codex/interests/computer_science/go_through/comp_sci_notebook/Git Info,codex,skipped,non-text file
codex/interests/computer_science/go_through/comp_sci_notebook/Git Info/https3A2F2Fs3-us-west-2.amazonaws.com2Fsecure.notion-static.com2Fac742883-98b8-4e5e-96c3-9e099134f1042FScreenshot_2020-11-27_211818.png,codex/interests/computer_science/go_through/comp_sci_notebook/Git Info,codex,skipped,non-text file
codex/interests/computer_science/go_through/comp_sci_notebook/Git Info/https3A2F2Fs3-us-west-2.amazonaws.com2Fsecure.notion-static.com2Fbe124d8d-c851-4b3e-bff6-0ea4e2af49852FScreenshot_2020-11-28_070743.png,codex/interests/computer_science/go_through/comp_sci_notebook/Git Info,codex,skipped,non-text file
codex/interests/computer_science/go_through/comp_sci_notebook/Git Info/https3A2F2Fs3-us-west-2.amazonaws.com2Fsecure.notion-static.com2Fc6bdf1c0-6794-42a1-9eb0-eb8dcd2529852FScreenshot_2020-11-27_205812.png,codex/interests/computer_science/go_through/comp_sci_notebook/Git Info,codex,skipped,non-text file
codex/interests/computer_science/go_through/comp_sci_notebook/Git Info/https3A2F2Fs3-us-west-2.amazonaws.com2Fsecure.notion-static.com2Fcdc687e7-8b4d-4240-8d3e-137004a58da32FScreenshot_2020-11-27_205126.png,codex/interests/computer_science/go_through/comp_sci_notebook/Git Info,codex,skipped,non-text file
codex/interests/computer_science/go_through/comp_sci_notebook/Git Info/https3A2F2Fs3-us-west-2.amazonaws.com2Fsecure.notion-static.com2Fd04bb726-aab7-4501-9c46-27f021bced242FScreenshot_2020-11-27_205449.png,codex/interests/computer_science/go_through/comp_sci_notebook/Git Info,codex,skipped,non-text file
codex/interests/computer_science/go_through/comp_sci_notebook/Git Info/https3A2F2Fs3-us-west-2.amazonaws.com2Fsecure.notion-static.com2Fe50fe9d5-40a0-4204-b94a-0518bb6a01492FScreenshot_2020-11-27_200245.png,codex/interests/computer_science/go_through/comp_sci_notebook/Git Info,codex,skipped,non-text file
codex/interests/computer_science/go_through/comp_sci_notebook/Comp Sci Competency Matrix/Untitled Database 6acaf9b5cd4a4d66ac60fa69e20d41b9.csv,codex/interests/computer_science/go_through/comp_sci_notebook/Comp Sci Competency Matrix,codex,skipped,non-text file
codex/interests/computer_science/go_through/comp_sci_notebook/Comp Sci Competency Matrix/Untitled Database/API.md,codex/interests/computer_science/go_through/comp_sci_notebook/Comp Sci Competency Matrix/Untitled Database,codex,done,
codex/interests/computer_science/go_through/comp_sci_notebook/Comp Sci Competency Matrix/Untitled Database/Experience.md,codex/interests/computer_science/go_through/comp_sci_notebook/Comp Sci Competency Matrix/Untitled Database,codex,done,
codex/interests/computer_science/go_through/comp_sci_notebook/Comp Sci Competency Matrix/Untitled Database/IDE.md,codex/interests/computer_science/go_through/comp_sci_notebook/Comp Sci Competency Matrix/Untitled Database,codex,done,
codex/interests/computer_science/go_through/comp_sci_notebook/Comp Sci Competency Matrix/Untitled Database/Knowledge.md,codex/interests/computer_science/go_through/comp_sci_notebook/Comp Sci Competency Matrix/Untitled Database,codex,done,
codex/interests/computer_science/go_through/comp_sci_notebook/Comp Sci Competency Matrix/Untitled Database/Programming.md,codex/interests/computer_science/go_through/comp_sci_notebook/Comp Sci Competency Matrix/Untitled Database,codex,done,
codex/interests/computer_science/go_through/comp_sci_notebook/Comp Sci Competency Matrix/Untitled Database/Software Engineering.md,codex/interests/computer_science/go_through/comp_sci_notebook/Comp Sci Competency Matrix/Untitled Database,codex,done,
codex/interests/computer_science/go_through/comp_sci_notebook/Comp Sci Competency Matrix/Untitled Database/Untitled.md,codex/interests/computer_science/go_through/comp_sci_notebook/Comp Sci Competency Matrix/Untitled Database,codex,done,
codex/interests/computer_science/go_through/comp_sci_notebook/Comp Sci Competency Matrix/Untitled Database/algorithms.md,codex/interests/computer_science/go_through/comp_sci_notebook/Comp Sci Competency Matrix/Untitled Database,codex,done,
codex/interests/computer_science/go_through/comp_sci_notebook/Comp Sci Competency Matrix/Untitled Database/automated testing.md,codex/interests/computer_science/go_through/comp_sci_notebook/Comp Sci Competency Matrix/Untitled Database,codex,done,
codex/interests/computer_science/go_through/comp_sci_notebook/Comp Sci Competency Matrix/Untitled Database/blogs.md,codex/interests/computer_science/go_through/comp_sci_notebook/Comp Sci Competency Matrix/Untitled Database,codex,done,
codex/interests/computer_science/go_through/comp_sci_notebook/Comp Sci Competency Matrix/Untitled Database/books.md,codex/interests/computer_science/go_through/comp_sci_notebook/Comp Sci Competency Matrix/Untitled Database,codex,done,
codex/interests/computer_science/go_through/comp_sci_notebook/Comp Sci Competency Matrix/Untitled Database/build automation.md,codex/interests/computer_science/go_through/comp_sci_notebook/Comp Sci Competency Matrix/Untitled Database,codex,done,
codex/interests/computer_science/go_through/comp_sci_notebook/Comp Sci Competency Matrix/Untitled Database/code organization across files.md,codex/interests/computer_science/go_through/comp_sci_notebook/Comp Sci Competency Matrix/Untitled Database,codex,done,
codex/interests/computer_science/go_through/comp_sci_notebook/Comp Sci Competency Matrix/Untitled Database/code organization within a file.md,codex/interests/computer_science/go_through/comp_sci_notebook/Comp Sci Competency Matrix/Untitled Database,codex,done,
codex/interests/computer_science/go_through/comp_sci_notebook/Comp Sci Competency Matrix/Untitled Database/code readability.md,codex/interests/computer_science/go_through/comp_sci_notebook/Comp Sci Competency Matrix/Untitled Database,codex,done,
codex/interests/computer_science/go_through/comp_sci_notebook/Comp Sci Competency Matrix/Untitled Database/codebase knowledge.md,codex/interests/computer_science/go_through/comp_sci_notebook/Comp Sci Competency Matrix/Untitled Database,codex,done,
codex/interests/computer_science/go_through/comp_sci_notebook/Comp Sci Competency Matrix/Untitled Database/communication.md,codex/interests/computer_science/go_through/comp_sci_notebook/Comp Sci Competency Matrix/Untitled Database,codex,done,
codex/interests/computer_science/go_through/comp_sci_notebook/Comp Sci Competency Matrix/Untitled Database/data structures.md,codex/interests/computer_science/go_through/comp_sci_notebook/Comp Sci Competency Matrix/Untitled Database,codex,done,
codex/interests/computer_science/go_through/comp_sci_notebook/Comp Sci Competency Matrix/Untitled Database/database.md,codex/interests/computer_science/go_through/comp_sci_notebook/Comp Sci Competency Matrix/Untitled Database,codex,done,
codex/interests/computer_science/go_through/comp_sci_notebook/Comp Sci Competency Matrix/Untitled Database/defensive coding.md,codex/interests/computer_science/go_through/comp_sci_notebook/Comp Sci Competency Matrix/Untitled Database,codex,done,
codex/interests/computer_science/go_through/comp_sci_notebook/Comp Sci Competency Matrix/Untitled Database/domain knowledge.md,codex/interests/computer_science/go_through/comp_sci_notebook/Comp Sci Competency Matrix/Untitled Database,codex,done,
codex/interests/computer_science/go_through/comp_sci_notebook/Comp Sci Competency Matrix/Untitled Database/error handling.md,codex/interests/computer_science/go_through/comp_sci_notebook/Comp Sci Competency Matrix/Untitled Database,codex,done,
codex/interests/computer_science/go_through/comp_sci_notebook/Comp Sci Competency Matrix/Untitled Database/frameworks.md,codex/interests/computer_science/go_through/comp_sci_notebook/Comp Sci Competency Matrix/Untitled Database,codex,done,
codex/interests/computer_science/go_through/comp_sci_notebook/Comp Sci Competency Matrix/Untitled Database/knowledge of upcoming technologies.md,codex/interests/computer_science/go_through/comp_sci_notebook/Comp Sci Competency Matrix/Untitled Database,codex,done,
codex/interests/computer_science/go_through/comp_sci_notebook/Comp Sci Competency Matrix/Untitled Database/languages exposed to.md,codex/interests/computer_science/go_through/comp_sci_notebook/Comp Sci Competency Matrix/Untitled Database,codex,done,
codex/interests/computer_science/go_through/comp_sci_notebook/Comp Sci Competency Matrix/Untitled Database/languages with professional experience.md,codex/interests/computer_science/go_through/comp_sci_notebook/Comp Sci Competency Matrix/Untitled Database,codex,done,
codex/interests/computer_science/go_through/comp_sci_notebook/Comp Sci Competency Matrix/Untitled Database/platform internals.md,codex/interests/computer_science/go_through/comp_sci_notebook/Comp Sci Competency Matrix/Untitled Database,codex,done,
codex/interests/computer_science/go_through/comp_sci_notebook/Comp Sci Competency Matrix/Untitled Database/platforms with professional experience.md,codex/interests/computer_science/go_through/comp_sci_notebook/Comp Sci Competency Matrix/Untitled Database,codex,done,
codex/interests/computer_science/go_through/comp_sci_notebook/Comp Sci Competency Matrix/Untitled Database/problem decomposition.md,codex/interests/computer_science/go_through/comp_sci_notebook/Comp Sci Competency Matrix/Untitled Database,codex,done,
codex/interests/computer_science/go_through/comp_sci_notebook/Comp Sci Competency Matrix/Untitled Database/requirements.md,codex/interests/computer_science/go_through/comp_sci_notebook/Comp Sci Competency Matrix/Untitled Database,codex,done,
codex/interests/computer_science/go_through/comp_sci_notebook/Comp Sci Competency Matrix/Untitled Database/scripting.md,codex/interests/computer_science/go_through/comp_sci_notebook/Comp Sci Competency Matrix/Untitled Database,codex,done,
codex/interests/computer_science/go_through/comp_sci_notebook/Comp Sci Competency Matrix/Untitled Database/source code version control.md,codex/interests/computer_science/go_through/comp_sci_notebook/Comp Sci Competency Matrix/Untitled Database,codex,done,
codex/interests/computer_science/go_through/comp_sci_notebook/Comp Sci Competency Matrix/Untitled Database/source tree organization.md,codex/interests/computer_science/go_through/comp_sci_notebook/Comp Sci Competency Matrix/Untitled Database,codex,done,
codex/interests/computer_science/go_through/comp_sci_notebook/Comp Sci Competency Matrix/Untitled Database/systems decomposition.md,codex/interests/computer_science/go_through/comp_sci_notebook/Comp Sci Competency Matrix/Untitled Database,codex,done,
codex/interests/computer_science/go_through/comp_sci_notebook/Comp Sci Competency Matrix/Untitled Database/systems programming.md,codex/interests/computer_science/go_through/comp_sci_notebook/Comp Sci Competency Matrix/Untitled Database,codex,done,
codex/interests/computer_science/go_through/comp_sci_notebook/Comp Sci Competency Matrix/Untitled Database/tool knowledge.md,codex/interests/computer_science/go_through/comp_sci_notebook/Comp Sci Competency Matrix/Untitled Database,codex,done,
codex/interests/computer_science/go_through/comp_sci_notebook/Comp Sci Competency Matrix/Untitled Database/years of professional experience.md,codex/interests/computer_science/go_through/comp_sci_notebook/Comp Sci Competency Matrix/Untitled Database,codex,done,
codex/interests/computer_science/go_through/comp_sci_notebook/Computer Programming/101 tips for being a great programmer.md,codex/interests/computer_science/go_through/comp_sci_notebook/Computer Programming,codex,done,
codex/interests/computer_science/go_through/comp_sci_notebook/Unix/Helpful Unix Commands.md,codex/interests/computer_science/go_through/comp_sci_notebook/Unix,codex,done,
codex/interests/computer_science/go_through/comp_sci_notebook/Unix/Rsync options.md,codex/interests/computer_science/go_through/comp_sci_notebook/Unix,codex,done,
codex/interests/computer_science/go_through/comp_sci_notebook/Web Development/Back End Languages.md,codex/interests/computer_science/go_through/comp_sci_notebook/Web Development,codex,done,
codex/interests/computer_science/go_through/comp_sci_notebook/Web Development/Web Dev basics.md,codex/interests/computer_science/go_through/comp_sci_notebook/Web Development,codex,done,
codex/interests/computer_science/go_through/comp_sci_notebook/Web Development/Web Stacks.md,codex/interests/computer_science/go_through/comp_sci_notebook/Web Development,codex,done,
codex/interests/computer_science/go_through/comp_sci_notebook/Web Development/What is Next js.md,codex/interests/computer_science/go_through/comp_sci_notebook/Web Development,codex,done,
codex/interests/computer_science/go_through/comp_sci_notebook/Web Development/create-react-app.md,codex/interests/computer_science/go_through/comp_sci_notebook/Web Development,codex,done,
codex/interests/computer_science/go_through/comp_sci_notebook/Web Development/transparent UI box in CSS - Stack Overflow.md,codex/interests/computer_science/go_through/comp_sci_notebook/Web Development,codex,done,
codex/interests/computer_science/go_through/comp_sci_notebook/Web Development/Web Stacks/LAMP vs MERN Introduction And Web Stack Comparison.md,codex/interests/computer_science/go_through/comp_sci_notebook/Web Development/Web Stacks,codex,done,
codex/interests/computer_science/go_through/comp_sci_notebook/Web Development/Web Stacks/MERN Stack.md,codex/interests/computer_science/go_through/comp_sci_notebook/Web Development/Web Stacks,codex,done,
codex/interests/computer_science/go_through/comp_sci_notebook/Web Development/transparent UI box in CSS - Stack Overflow/EP2nC.jpg,codex/interests/computer_science/go_through/comp_sci_notebook/Web Development/transparent UI box in CSS - Stack Overflow,codex,skipped,non-text file
codex/interests/computer_science/go_through/comp_sci_notebook/Web Development ed1d253bfb2141918e2d97ae44f2a8b1/Mind Maps.md,codex/interests/computer_science/go_through/comp_sci_notebook/Web Development ed1d253bfb2141918e2d97ae44f2a8b1,codex,done,
codex/interests/computer_science/go_through/comp_sci_notebook/Web Development ed1d253bfb2141918e2d97ae44f2a8b1/Need to figure out the whole npm start thing and s.md,codex/interests/computer_science/go_through/comp_sci_notebook/Web Development ed1d253bfb2141918e2d97ae44f2a8b1,codex,done,
codex/interests/computer_science/go_through/comp_sci_notebook/Web Development ed1d253bfb2141918e2d97ae44f2a8b1/The Complete Guide to Web Development in 2018.md,codex/interests/computer_science/go_through/comp_sci_notebook/Web Development ed1d253bfb2141918e2d97ae44f2a8b1,codex,done,
codex/interests/computer_science/go_through/comp_sci_notebook/Web Development ed1d253bfb2141918e2d97ae44f2a8b1/The Quick Guide for a Web Developer.md,codex/interests/computer_science/go_through/comp_sci_notebook/Web Development ed1d253bfb2141918e2d97ae44f2a8b1,codex,done,
codex/interests/computer_science/go_through/comp_sci_notebook/Web Development ed1d253bfb2141918e2d97ae44f2a8b1/Web Architecture 101.md,codex/interests/computer_science/go_through/comp_sci_notebook/Web Development ed1d253bfb2141918e2d97ae44f2a8b1,codex,done,
codex/interests/computer_science/go_through/comp_sci_notebook/Web Development ed1d253bfb2141918e2d97ae44f2a8b1/The Quick Guide for a Web Developer/layout_creation(3).png,codex/interests/computer_science/go_through/comp_sci_notebook/Web Development ed1d253bfb2141918e2d97ae44f2a8b1/The Quick Guide for a Web Developer,codex,skipped,non-text file
codex/interests/computer_science/go_through/comp_sci_notebook/Web Development ed1d253bfb2141918e2d97ae44f2a8b1/Mind Maps/mn22dyy34de41.png,codex/interests/computer_science/go_through/comp_sci_notebook/Web Development ed1d253bfb2141918e2d97ae44f2a8b1/Mind Maps,codex,skipped,non-text file
codex/interests/computer_science/go_through/comp_sci_notebook/Computer Languages/HibernateNotesForProfessionals.pdf,codex/interests/computer_science/go_through/comp_sci_notebook/Computer Languages,codex,skipped,non-text file
codex/interests/computer_science/go_through/comp_sci_notebook/Computer Languages/LinuxNotesForProfessionals.pdf,codex/interests/computer_science/go_through/comp_sci_notebook/Computer Languages,codex,skipped,non-text file
codex/interests/computer_science/go_through/comp_sci_notebook/Computer Languages/MongoDBNotesForProfessionals.pdf,codex/interests/computer_science/go_through/comp_sci_notebook/Computer Languages,codex,skipped,non-text file
codex/interests/computer_science/go_through/comp_sci_notebook/Computer Languages/PostgreSQLNotesForProfessionals.pdf,codex/interests/computer_science/go_through/comp_sci_notebook/Computer Languages,codex,skipped,non-text file
codex/interests/computer_science/go_through/comp_sci_notebook/Computer Languages/SpringFrameworkNotesForProfessionals.pdf,codex/interests/computer_science/go_through/comp_sci_notebook/Computer Languages,codex,skipped,non-text file
codex/interests/computer_science/go_through/comp_sci_notebook/Computer Languages/jQueryNotesForProfessionals.pdf,codex/interests/computer_science/go_through/comp_sci_notebook/Computer Languages,codex,skipped,non-text file
codex/interests/computer_science/go_through/tech_notebook/How to create a character profile.md,codex/interests/computer_science/go_through/tech_notebook,codex,done,
codex/interests/computer_science/go_through/tech_notebook/Technology notebook.md,codex/interests/computer_science/go_through/tech_notebook,codex,done,
codex/interests/computer_science/go_through/tech_notebook/Windows Key.md,codex/interests/computer_science/go_through/tech_notebook,codex,done,
codex/interests/computer_science/go_through/tech_notebook/comp_sci_notebook.md,codex/interests/computer_science/go_through/tech_notebook,codex,skipped,empty file
codex/interests/computer_science/go_through/tech_notebook/obsidian_notebook.md,codex/interests/computer_science/go_through/tech_notebook,codex,skipped,empty file
codex/interests/computer_science/go_through/tech_notebook/server.md,codex/interests/computer_science/go_through/tech_notebook,codex,done,
codex/interests/computer_science/go_through/tech_notebook/server_notebook.md,codex/interests/computer_science/go_through/tech_notebook,codex,skipped,empty file
codex/interests/computer_science/go_through/tech_notebook/tech_notebook.md,codex/interests/computer_science/go_through/tech_notebook,codex,skipped,empty file
codex/interests/computer_science/go_through/tech_notebook/tech/computershortcuts.md,codex/interests/computer_science/go_through/tech_notebook/tech,codex,done,
codex/interests/computer_science/go_through/tech_notebook/tech/server.md,codex/interests/computer_science/go_through/tech_notebook/tech,codex,done,
codex/interests/computer_science/go_through/tech_notebook/tech/tech 1.md,codex/interests/computer_science/go_through/tech_notebook/tech,codex,done,
codex/interests/computer_science/go_through/tech_notebook/tech/tech 2.md,codex/interests/computer_science/go_through/tech_notebook/tech,codex,done,
codex/interests/computer_science/go_through/tech_notebook/tech/tech.md,codex/interests/computer_science/go_through/tech_notebook/tech,codex,done,
codex/interests/computer_science/go_through/project_assistant/ai.md,codex/interests/computer_science/go_through/project_assistant,codex,done,
codex/interests/tiny_home/skoolie_business/Skoolie Business.md,codex/interests/tiny_home/skoolie_business,codex,done,
codex/interests/tiny_home/skoolie_business/skooliebusiness.md,codex/interests/tiny_home/skoolie_business,codex,done,
codex/interests/tiny_home/project_rainbow_connection/Electrical.md,codex/interests/tiny_home/project_rainbow_connection,codex,done,
codex/interests/tiny_home/project_rainbow_connection/Rainbow Connection.md,codex/interests/tiny_home/project_rainbow_connection,codex,done,
codex/interests/tiny_home/project_rainbow_connection/Skoolie Ideas.md,codex/interests/tiny_home/project_rainbow_connection,codex,done,
codex/interests/tiny_home/project_rainbow_connection/Skoolie New Guide.md,codex/interests/tiny_home/project_rainbow_connection,codex,done,
codex/interests/tiny_home/project_rainbow_connection/Skoolie Project Updates.md,codex/interests/tiny_home/project_rainbow_connection,codex,done,
codex/interests/tiny_home/project_rainbow_connection/Skoolie personal info.md,codex/interests/tiny_home/project_rainbow_connection,codex,done,
codex/interests/tiny_home/project_rainbow_connection/The Rainbow Connection Bus Project.md,codex/interests/tiny_home/project_rainbow_connection,codex,done,
codex/interests/tiny_home/project_rainbow_connection/project_rainbow_connection.md,codex/interests/tiny_home/project_rainbow_connection,codex,skipped,empty file
codex/interests/tiny_home/project_rainbow_connection/skoolie.md,codex/interests/tiny_home/project_rainbow_connection,codex,done,
codex/interests/tiny_home/project_rainbow_connection/Electrical/Campervan Electrical Guide.md,codex/interests/tiny_home/project_rainbow_connection/Electrical,codex,done,
codex/interests/tiny_home/project_rainbow_connection/Electrical/Electrical Wiring.md,codex/interests/tiny_home/project_rainbow_connection/Electrical,codex,done,
codex/interests/tiny_home/project_rainbow_connection/Electrical/Campervan Electrical Guide/Relion-Data-Sheet-RB100-2019.pdf,codex/interests/tiny_home/project_rainbow_connection/Electrical/Campervan Electrical Guide,codex,skipped,non-text file
codex/interests/tiny_home/project_rainbow_connection/Electrical/Campervan Electrical Guide/Untitled 1.png,codex/interests/tiny_home/project_rainbow_connection/Electrical/Campervan Electrical Guide,codex,skipped,non-text file
codex/interests/tiny_home/project_rainbow_connection/Electrical/Campervan Electrical Guide/Untitled 2.png,codex/interests/tiny_home/project_rainbow_connection/Electrical/Campervan Electrical Guide,codex,skipped,non-text file
codex/interests/tiny_home/project_rainbow_connection/Electrical/Campervan Electrical Guide/Untitled 3.png,codex/interests/tiny_home/project_rainbow_connection/Electrical/Campervan Electrical Guide,codex,skipped,non-text file
codex/interests/tiny_home/project_rainbow_connection/Electrical/Campervan Electrical Guide/Untitled 4.png,codex/interests/tiny_home/project_rainbow_connection/Electrical/Campervan Electrical Guide,codex,skipped,non-text file
codex/interests/tiny_home/project_rainbow_connection/Electrical/Campervan Electrical Guide/Untitled Database 0dab5f6b27884e09ab89aef2554aeff7.csv,codex/interests/tiny_home/project_rainbow_connection/Electrical/Campervan Electrical Guide,codex,skipped,non-text file
codex/interests/tiny_home/project_rainbow_connection/Electrical/Campervan Electrical Guide/Untitled Database 0f894b8b21394c19a03abbeff9619c38.csv,codex/interests/tiny_home/project_rainbow_connection/Electrical/Campervan Electrical Guide,codex,skipped,non-text file
codex/interests/tiny_home/project_rainbow_connection/Electrical/Campervan Electrical Guide/Untitled Database 1ba471e3b8324eb6b216b6c1e2ba37fa.csv,codex/interests/tiny_home/project_rainbow_connection/Electrical/Campervan Electrical Guide,codex,skipped,non-text file
codex/interests/tiny_home/project_rainbow_connection/Electrical/Campervan Electrical Guide/Untitled Database 1d81b00c6280467f9462f4dcf2f1f2a3.csv,codex/interests/tiny_home/project_rainbow_connection/Electrical/Campervan Electrical Guide,codex,skipped,non-text file
codex/interests/tiny_home/project_rainbow_connection/Electrical/Campervan Electrical Guide/Untitled Database 2d79c088369b439f8a59638877840380.csv,codex/interests/tiny_home/project_rainbow_connection/Electrical/Campervan Electrical Guide,codex,skipped,non-text file
codex/interests/tiny_home/project_rainbow_connection/Electrical/Campervan Electrical Guide/Untitled Database 352909067bd0496a889fb0400682a1d4.csv,codex/interests/tiny_home/project_rainbow_connection/Electrical/Campervan Electrical Guide,codex,skipped,non-text file
codex/interests/tiny_home/project_rainbow_connection/Electrical/Campervan Electrical Guide/Untitled Database 4195b45c40af4c47837969755e40e010.csv,codex/interests/tiny_home/project_rainbow_connection/Electrical/Campervan Electrical Guide,codex,skipped,non-text file
codex/interests/tiny_home/project_rainbow_connection/Electrical/Campervan Electrical Guide/Untitled Database 458cd6a7c1f6439bb71ac97d9b7c1a64.csv,codex/interests/tiny_home/project_rainbow_connection/Electrical/Campervan Electrical Guide,codex,skipped,non-text file
codex/interests/tiny_home/project_rainbow_connection/Electrical/Campervan Electrical Guide/Untitled Database 48bd1b7344bf4a558e5aeff589516cfd.csv,codex/interests/tiny_home/project_rainbow_connection/Electrical/Campervan Electrical Guide,codex,skipped,non-text file
codex/interests/tiny_home/project_rainbow_connection/Electrical/Campervan Electrical Guide/Untitled Database 59b1e574ba38451d93b4f281dc62bc29.csv,codex/interests/tiny_home/project_rainbow_connection/Electrical/Campervan Electrical Guide,codex,skipped,non-text file
codex/interests/tiny_home/project_rainbow_connection/Electrical/Campervan Electrical Guide/Untitled Database 73e14dac7c19425b89258cf0616dde92.csv,codex/interests/tiny_home/project_rainbow_connection/Electrical/Campervan Electrical Guide,codex,skipped,non-text file
codex/interests/tiny_home/project_rainbow_connection/Electrical/Campervan Electrical Guide/Untitled Database 79eb21d9168b435da05d1621806edd3a.csv,codex/interests/tiny_home/project_rainbow_connection/Electrical/Campervan Electrical Guide,codex,skipped,non-text file
codex/interests/tiny_home/project_rainbow_connection/Electrical/Campervan Electrical Guide/Untitled Database 7f3e481d68784a19b6305404126c5021.csv,codex/interests/tiny_home/project_rainbow_connection/Electrical/Campervan Electrical Guide,codex,skipped,non-text file
codex/interests/tiny_home/project_rainbow_connection/Electrical/Campervan Electrical Guide/Untitled Database 8f0c380cad9f456faf8a4113b4e8b9ac.csv,codex/interests/tiny_home/project_rainbow_connection/Electrical/Campervan Electrical Guide,codex,skipped,non-text file
codex/interests/tiny_home/project_rainbow_connection/Electrical/Campervan Electrical Guide/Untitled Database 9309c738d9fc4cc783d89fec29855aed.csv,codex/interests/tiny_home/project_rainbow_connection/Electrical/Campervan Electrical Guide,codex,skipped,non-text file
codex/interests/tiny_home/project_rainbow_connection/Electrical/Campervan Electrical Guide/Untitled Database 94e5b45ce4564b9b87086fb4d34fb2a7.csv,codex/interests/tiny_home/project_rainbow_connection/Electrical/Campervan Electrical Guide,codex,skipped,non-text file
codex/interests/tiny_home/project_rainbow_connection/Electrical/Campervan Electrical Guide/Untitled Database a951dc879e4741f2b112e0027cafcd21.csv,codex/interests/tiny_home/project_rainbow_connection/Electrical/Campervan Electrical Guide,codex,skipped,non-text file
codex/interests/tiny_home/project_rainbow_connection/Electrical/Campervan Electrical Guide/Untitled Database d65a561ea06541a1aac1200cc63ddfd4.csv,codex/interests/tiny_home/project_rainbow_connection/Electrical/Campervan Electrical Guide,codex,skipped,non-text file
codex/interests/tiny_home/project_rainbow_connection/Electrical/Campervan Electrical Guide/Untitled Database dc183d1dc5ca46c797f91bc161c663be.csv,codex/interests/tiny_home/project_rainbow_connection/Electrical/Campervan Electrical Guide,codex,skipped,non-text file
codex/interests/tiny_home/project_rainbow_connection/Electrical/Campervan Electrical Guide/Untitled Database f0aa54d6882e4c47b596e3fced19878b.csv,codex/interests/tiny_home/project_rainbow_connection/Electrical/Campervan Electrical Guide,codex,skipped,non-text file
codex/interests/tiny_home/project_rainbow_connection/Electrical/Campervan Electrical Guide/Untitled Database f624393708144b6d8ef7d25771b2cec8.csv,codex/interests/tiny_home/project_rainbow_connection/Electrical/Campervan Electrical Guide,codex,skipped,non-text file
codex/interests/tiny_home/project_rainbow_connection/Electrical/Campervan Electrical Guide/Untitled Database f7df43ead55b453f837f6dbb94cf3ee2.csv,codex/interests/tiny_home/project_rainbow_connection/Electrical/Campervan Electrical Guide,codex,skipped,non-text file
codex/interests/tiny_home/project_rainbow_connection/Electrical/Campervan Electrical Guide/Untitled.png,codex/interests/tiny_home/project_rainbow_connection/Electrical/Campervan Electrical Guide,codex,skipped,non-text file
codex/interests/tiny_home/project_rainbow_connection/Electrical/Campervan Electrical Guide/Untitled Database 458cd6a7c1f6439bb71ac97d9b7c1a64/Ceiling Lights.md,codex/interests/tiny_home/project_rainbow_connection/Electrical/Campervan Electrical Guide/Untitled Database 458cd6a7c1f6439bb71ac97d9b7c1a64,codex,done,
codex/interests/tiny_home/project_rainbow_connection/Electrical/Campervan Electrical Guide/Untitled Database 458cd6a7c1f6439bb71ac97d9b7c1a64/Composting Toilet Fan.md,codex/interests/tiny_home/project_rainbow_connection/Electrical/Campervan Electrical Guide/Untitled Database 458cd6a7c1f6439bb71ac97d9b7c1a64,codex,done,
codex/interests/tiny_home/project_rainbow_connection/Electrical/Campervan Electrical Guide/Untitled Database 458cd6a7c1f6439bb71ac97d9b7c1a64/Floor Vent Fan.md,codex/interests/tiny_home/project_rainbow_connection/Electrical/Campervan Electrical Guide/Untitled Database 458cd6a7c1f6439bb71ac97d9b7c1a64,codex,done,
codex/interests/tiny_home/project_rainbow_connection/Electrical/Campervan Electrical Guide/Untitled Database 458cd6a7c1f6439bb71ac97d9b7c1a64/Fridge.md,codex/interests/tiny_home/project_rainbow_connection/Electrical/Campervan Electrical Guide/Untitled Database 458cd6a7c1f6439bb71ac97d9b7c1a64,codex,done,
codex/interests/tiny_home/project_rainbow_connection/Electrical/Campervan Electrical Guide/Untitled Database 458cd6a7c1f6439bb71ac97d9b7c1a64/Garage Lights.md,codex/interests/tiny_home/project_rainbow_connection/Electrical/Campervan Electrical Guide/Untitled Database 458cd6a7c1f6439bb71ac97d9b7c1a64,codex,done,
codex/interests/tiny_home/project_rainbow_connection/Electrical/Campervan Electrical Guide/Untitled Database 458cd6a7c1f6439bb71ac97d9b7c1a64/Phone.md,codex/interests/tiny_home/project_rainbow_connection/Electrical/Campervan Electrical Guide/Untitled Database 458cd6a7c1f6439bb71ac97d9b7c1a64,codex,done,
codex/interests/tiny_home/project_rainbow_connection/Electrical/Campervan Electrical Guide/Untitled Database 458cd6a7c1f6439bb71ac97d9b7c1a64/Propane Solenoid.md,codex/interests/tiny_home/project_rainbow_connection/Electrical/Campervan Electrical Guide/Untitled Database 458cd6a7c1f6439bb71ac97d9b7c1a64,codex,done,
codex/interests/tiny_home/project_rainbow_connection/Electrical/Campervan Electrical Guide/Untitled Database 458cd6a7c1f6439bb71ac97d9b7c1a64/Propex Heater.md,codex/interests/tiny_home/project_rainbow_connection/Electrical/Campervan Electrical Guide/Untitled Database 458cd6a7c1f6439bb71ac97d9b7c1a64,codex,done,
codex/interests/tiny_home/project_rainbow_connection/Electrical/Campervan Electrical Guide/Untitled Database 458cd6a7c1f6439bb71ac97d9b7c1a64/Roof fan.md,codex/interests/tiny_home/project_rainbow_connection/Electrical/Campervan Electrical Guide/Untitled Database 458cd6a7c1f6439bb71ac97d9b7c1a64,codex,done,
codex/interests/tiny_home/project_rainbow_connection/Electrical/Campervan Electrical Guide/Untitled Database 458cd6a7c1f6439bb71ac97d9b7c1a64/TOTAL.md,codex/interests/tiny_home/project_rainbow_connection/Electrical/Campervan Electrical Guide/Untitled Database 458cd6a7c1f6439bb71ac97d9b7c1a64,codex,done,
codex/interests/tiny_home/project_rainbow_connection/Electrical/Campervan Electrical Guide/Untitled Database 458cd6a7c1f6439bb71ac97d9b7c1a64/Wall Fan.md,codex/interests/tiny_home/project_rainbow_connection/Electrical/Campervan Electrical Guide/Untitled Database 458cd6a7c1f6439bb71ac97d9b7c1a64,codex,done,
codex/interests/tiny_home/project_rainbow_connection/Electrical/Campervan Electrical Guide/Untitled Database 458cd6a7c1f6439bb71ac97d9b7c1a64/Water Pump.md,codex/interests/tiny_home/project_rainbow_connection/Electrical/Campervan Electrical Guide/Untitled Database 458cd6a7c1f6439bb71ac97d9b7c1a64,codex,done,
codex/interests/tiny_home/project_rainbow_connection/Electrical/Campervan Electrical Guide/Untitled Database 458cd6a7c1f6439bb71ac97d9b7c1a64/Webasto Heater.md,codex/interests/tiny_home/project_rainbow_connection/Electrical/Campervan Electrical Guide/Untitled Database 458cd6a7c1f6439bb71ac97d9b7c1a64,codex,done,
codex/interests/tiny_home/project_rainbow_connection/Electrical/Campervan Electrical Guide/Untitled Database f624393708144b6d8ef7d25771b2cec8/350W Solar.md,codex/interests/tiny_home/project_rainbow_connection/Electrical/Campervan Electrical Guide/Untitled Database f624393708144b6d8ef7d25771b2cec8,codex,done,
"codex/interests/tiny_home/project_rainbow_connection/Electrical/Campervan Electrical Guide/Untitled Database f624393708144b6d8ef7d25771b2cec8/40A Breaker Switch, Surface Mount.md",codex/interests/tiny_home/project_rainbow_connection/Electrical/Campervan Electrical Guide/Untitled Database f624393708144b6d8ef7d25771b2cec8,codex,done,
codex/interests/tiny_home/project_rainbow_connection/Electrical/Campervan Electrical Guide/Untitled Database f624393708144b6d8ef7d25771b2cec8/Double Cable Entry Gland.md,codex/interests/tiny_home/project_rainbow_connection/Electrical/Campervan Electrical Guide/Untitled Database f624393708144b6d8ef7d25771b2cec8,codex,done,
"codex/interests/tiny_home/project_rainbow_connection/Electrical/Campervan Electrical Guide/Untitled Database f624393708144b6d8ef7d25771b2cec8/Extension Cables, 8 AWG, 15 ft Red + 15 ft Black.md",codex/interests/tiny_home/project_rainbow_connection/Electrical/Campervan Electrical Guide/Untitled Database f624393708144b6d8ef7d25771b2cec8,codex,done,
"codex/interests/tiny_home/project_rainbow_connection/Electrical/Campervan Electrical Guide/Untitled Database f624393708144b6d8ef7d25771b2cec8/Heat Shrink Terminal Ring, 8 AWG Cable, 1 4″ Ring.md",codex/interests/tiny_home/project_rainbow_connection/Electrical/Campervan Electrical Guide/Untitled Database f624393708144b6d8ef7d25771b2cec8,codex,done,
"codex/interests/tiny_home/project_rainbow_connection/Electrical/Campervan Electrical Guide/Untitled Database f624393708144b6d8ef7d25771b2cec8/Heat Shrink Terminal Ring, 8 AWG Cable, 5 16″ Ring.md",codex/interests/tiny_home/project_rainbow_connection/Electrical/Campervan Electrical Guide/Untitled Database f624393708144b6d8ef7d25771b2cec8,codex,done,
codex/interests/tiny_home/project_rainbow_connection/Electrical/Campervan Electrical Guide/Untitled Database f624393708144b6d8ef7d25771b2cec8/MPPT Solar Charger.md,codex/interests/tiny_home/project_rainbow_connection/Electrical/Campervan Electrical Guide/Untitled Database f624393708144b6d8ef7d25771b2cec8,codex,done,
"codex/interests/tiny_home/project_rainbow_connection/Electrical/Campervan Electrical Guide/Untitled Database/100A Breaker Switch, Surface Mount.md",codex/interests/tiny_home/project_rainbow_connection/Electrical/Campervan Electrical Guide/Untitled Database,codex,done,
"codex/interests/tiny_home/project_rainbow_connection/Electrical/Campervan Electrical Guide/Untitled Database/Cable, 4 AWG, 15ft Red.md",codex/interests/tiny_home/project_rainbow_connection/Electrical/Campervan Electrical Guide/Untitled Database,codex,done,
"codex/interests/tiny_home/project_rainbow_connection/Electrical/Campervan Electrical Guide/Untitled Database/Cable, 4 AWG, 5 ft Black.md",codex/interests/tiny_home/project_rainbow_connection/Electrical/Campervan Electrical Guide/Untitled Database,codex,done,
"codex/interests/tiny_home/project_rainbow_connection/Electrical/Campervan Electrical Guide/Untitled Database/Lugs, 4 AWG Cable, 1 4″ Ring.md",codex/interests/tiny_home/project_rainbow_connection/Electrical/Campervan Electrical Guide/Untitled Database,codex,done,
"codex/interests/tiny_home/project_rainbow_connection/Electrical/Campervan Electrical Guide/Untitled Database/Lugs, 4 AWG Cable, 5 16″ Ring.md",codex/interests/tiny_home/project_rainbow_connection/Electrical/Campervan Electrical Guide/Untitled Database,codex,done,
codex/interests/tiny_home/project_rainbow_connection/Electrical/Campervan Electrical Guide/Untitled Database a951dc879e4741f2b112e0027cafcd21/0-145W.md,codex/interests/tiny_home/project_rainbow_connection/Electrical/Campervan Electrical Guide/Untitled Database a951dc879e4741f2b112e0027cafcd21,codex,done,
codex/interests/tiny_home/project_rainbow_connection/Electrical/Campervan Electrical Guide/Untitled Database a951dc879e4741f2b112e0027cafcd21/146-220W.md,codex/interests/tiny_home/project_rainbow_connection/Electrical/Campervan Electrical Guide/Untitled Database a951dc879e4741f2b112e0027cafcd21,codex,done,
codex/interests/tiny_home/project_rainbow_connection/Electrical/Campervan Electrical Guide/Untitled Database a951dc879e4741f2b112e0027cafcd21/221-290W.md,codex/interests/tiny_home/project_rainbow_connection/Electrical/Campervan Electrical Guide/Untitled Database a951dc879e4741f2b112e0027cafcd21,codex,done,
codex/interests/tiny_home/project_rainbow_connection/Electrical/Campervan Electrical Guide/Untitled Database a951dc879e4741f2b112e0027cafcd21/291-440W.md,codex/interests/tiny_home/project_rainbow_connection/Electrical/Campervan Electrical Guide/Untitled Database a951dc879e4741f2b112e0027cafcd21,codex,done,
codex/interests/tiny_home/project_rainbow_connection/Electrical/Campervan Electrical Guide/Untitled Database a951dc879e4741f2b112e0027cafcd21/441-700W.md,codex/interests/tiny_home/project_rainbow_connection/Electrical/Campervan Electrical Guide/Untitled Database a951dc879e4741f2b112e0027cafcd21,codex,done,
codex/interests/tiny_home/project_rainbow_connection/Electrical/Campervan Electrical Guide/Untitled Database a951dc879e4741f2b112e0027cafcd21/701-860W.md,codex/interests/tiny_home/project_rainbow_connection/Electrical/Campervan Electrical Guide/Untitled Database a951dc879e4741f2b112e0027cafcd21,codex,done,
codex/interests/tiny_home/project_rainbow_connection/Electrical/Campervan Electrical Guide/Untitled Database a951dc879e4741f2b112e0027cafcd21/861-1000W.md,codex/interests/tiny_home/project_rainbow_connection/Electrical/Campervan Electrical Guide/Untitled Database a951dc879e4741f2b112e0027cafcd21,codex,done,
codex/interests/tiny_home/project_rainbow_connection/Electrical/Campervan Electrical Guide/Untitled Database 0f894b8b21394c19a03abbeff9619c38/1 0 AWG.md,codex/interests/tiny_home/project_rainbow_connection/Electrical/Campervan Electrical Guide/Untitled Database 0f894b8b21394c19a03abbeff9619c38,codex,done,
codex/interests/tiny_home/project_rainbow_connection/Electrical/Campervan Electrical Guide/Untitled Database 0f894b8b21394c19a03abbeff9619c38/2 0 AWG.md,codex/interests/tiny_home/project_rainbow_connection/Electrical/Campervan Electrical Guide/Untitled Database 0f894b8b21394c19a03abbeff9619c38,codex,done,
codex/interests/tiny_home/project_rainbow_connection/Electrical/Campervan Electrical Guide/Untitled Database 0f894b8b21394c19a03abbeff9619c38/2 AWG.md,codex/interests/tiny_home/project_rainbow_connection/Electrical/Campervan Electrical Guide/Untitled Database 0f894b8b21394c19a03abbeff9619c38,codex,done,
codex/interests/tiny_home/project_rainbow_connection/Electrical/Campervan Electrical Guide/Untitled Database 0f894b8b21394c19a03abbeff9619c38/4 0 AWG.md,codex/interests/tiny_home/project_rainbow_connection/Electrical/Campervan Electrical Guide/Untitled Database 0f894b8b21394c19a03abbeff9619c38,codex,done,
codex/interests/tiny_home/project_rainbow_connection/Electrical/Campervan Electrical Guide/Untitled Database 0f894b8b21394c19a03abbeff9619c38/4 AWG.md,codex/interests/tiny_home/project_rainbow_connection/Electrical/Campervan Electrical Guide/Untitled Database 0f894b8b21394c19a03abbeff9619c38,codex,done,
codex/interests/tiny_home/project_rainbow_connection/Electrical/Campervan Electrical Guide/Untitled Database 0f894b8b21394c19a03abbeff9619c38/6 AWG.md,codex/interests/tiny_home/project_rainbow_connection/Electrical/Campervan Electrical Guide/Untitled Database 0f894b8b21394c19a03abbeff9619c38,codex,done,
codex/interests/tiny_home/project_rainbow_connection/Electrical/Campervan Electrical Guide/Untitled Database 0f894b8b21394c19a03abbeff9619c38/8 AWG.md,codex/interests/tiny_home/project_rainbow_connection/Electrical/Campervan Electrical Guide/Untitled Database 0f894b8b21394c19a03abbeff9619c38,codex,done,
codex/interests/tiny_home/project_rainbow_connection/Electrical/Campervan Electrical Guide/Untitled Database 73e14dac7c19425b89258cf0616dde92/Asus.md,codex/interests/tiny_home/project_rainbow_connection/Electrical/Campervan Electrical Guide/Untitled Database 73e14dac7c19425b89258cf0616dde92,codex,done,
codex/interests/tiny_home/project_rainbow_connection/Electrical/Campervan Electrical Guide/Untitled Database 73e14dac7c19425b89258cf0616dde92/Braun.md,codex/interests/tiny_home/project_rainbow_connection/Electrical/Campervan Electrical Guide/Untitled Database 73e14dac7c19425b89258cf0616dde92,codex,done,
codex/interests/tiny_home/project_rainbow_connection/Electrical/Campervan Electrical Guide/Untitled Database 73e14dac7c19425b89258cf0616dde92/DJI.md,codex/interests/tiny_home/project_rainbow_connection/Electrical/Campervan Electrical Guide/Untitled Database 73e14dac7c19425b89258cf0616dde92,codex,done,
codex/interests/tiny_home/project_rainbow_connection/Electrical/Campervan Electrical Guide/Untitled Database 73e14dac7c19425b89258cf0616dde92/HP.md,codex/interests/tiny_home/project_rainbow_connection/Electrical/Campervan Electrical Guide/Untitled Database 73e14dac7c19425b89258cf0616dde92,codex,done,
codex/interests/tiny_home/project_rainbow_connection/Electrical/Campervan Electrical Guide/Untitled Database 73e14dac7c19425b89258cf0616dde92/Nespresso Aeroccino.md,codex/interests/tiny_home/project_rainbow_connection/Electrical/Campervan Electrical Guide/Untitled Database 73e14dac7c19425b89258cf0616dde92,codex,done,
codex/interests/tiny_home/project_rainbow_connection/Electrical/Campervan Electrical Guide/Untitled Database 73e14dac7c19425b89258cf0616dde92/Untitled.md,codex/interests/tiny_home/project_rainbow_connection/Electrical/Campervan Electrical Guide/Untitled Database 73e14dac7c19425b89258cf0616dde92,codex,done,
codex/interests/tiny_home/project_rainbow_connection/Electrical/Campervan Electrical Guide/Untitled Database 4195b45c40af4c47837969755e40e010/Blue Sea 12V Socket.md,codex/interests/tiny_home/project_rainbow_connection/Electrical/Campervan Electrical Guide/Untitled Database 4195b45c40af4c47837969755e40e010,codex,done,
codex/interests/tiny_home/project_rainbow_connection/Electrical/Campervan Electrical Guide/Untitled Database 4195b45c40af4c47837969755e40e010/LED Ceiling Lights (Dimmable).md,codex/interests/tiny_home/project_rainbow_connection/Electrical/Campervan Electrical Guide/Untitled Database 4195b45c40af4c47837969755e40e010,codex,done,
codex/interests/tiny_home/project_rainbow_connection/Electrical/Campervan Electrical Guide/Untitled Database 4195b45c40af4c47837969755e40e010/Nature’s Head Composting Toilet.md,codex/interests/tiny_home/project_rainbow_connection/Electrical/Campervan Electrical Guide/Untitled Database 4195b45c40af4c47837969755e40e010,codex,done,
"codex/interests/tiny_home/project_rainbow_connection/Electrical/Campervan Electrical Guide/Untitled Database 4195b45c40af4c47837969755e40e010/Novakool R5810 Fridge, 12V only.md",codex/interests/tiny_home/project_rainbow_connection/Electrical/Campervan Electrical Guide/Untitled Database 4195b45c40af4c47837969755e40e010,codex,done,
codex/interests/tiny_home/project_rainbow_connection/Electrical/Campervan Electrical Guide/Untitled Database 4195b45c40af4c47837969755e40e010/ON OFF Switch for Propane Solenoid.md,codex/interests/tiny_home/project_rainbow_connection/Electrical/Campervan Electrical Guide/Untitled Database 4195b45c40af4c47837969755e40e010,codex,done,
codex/interests/tiny_home/project_rainbow_connection/Electrical/Campervan Electrical Guide/Untitled Database 4195b45c40af4c47837969755e40e010/ON OFF Switch for Water Pump.md,codex/interests/tiny_home/project_rainbow_connection/Electrical/Campervan Electrical Guide/Untitled Database 4195b45c40af4c47837969755e40e010,codex,done,
"codex/interests/tiny_home/project_rainbow_connection/Electrical/Campervan Electrical Guide/Untitled Database 4195b45c40af4c47837969755e40e010/PWM Dimmer for LED Lights, 12V, Slider.md",codex/interests/tiny_home/project_rainbow_connection/Electrical/Campervan Electrical Guide/Untitled Database 4195b45c40af4c47837969755e40e010,codex,done,
codex/interests/tiny_home/project_rainbow_connection/Electrical/Campervan Electrical Guide/Untitled Database 4195b45c40af4c47837969755e40e010/Propane Solenoid Shutoff Valve.md,codex/interests/tiny_home/project_rainbow_connection/Electrical/Campervan Electrical Guide/Untitled Database 4195b45c40af4c47837969755e40e010,codex,done,
codex/interests/tiny_home/project_rainbow_connection/Electrical/Campervan Electrical Guide/Untitled Database 4195b45c40af4c47837969755e40e010/Propex HS2000 Propane Heater.md,codex/interests/tiny_home/project_rainbow_connection/Electrical/Campervan Electrical Guide/Untitled Database 4195b45c40af4c47837969755e40e010,codex,done,
"codex/interests/tiny_home/project_rainbow_connection/Electrical/Campervan Electrical Guide/Untitled Database 4195b45c40af4c47837969755e40e010/Shurflo Revolution Water Pump, 3 GPM.md",codex/interests/tiny_home/project_rainbow_connection/Electrical/Campervan Electrical Guide/Untitled Database 4195b45c40af4c47837969755e40e010,codex,done,
"codex/interests/tiny_home/project_rainbow_connection/Electrical/Campervan Electrical Guide/Untitled Database 4195b45c40af4c47837969755e40e010/Sirocco ii Gimbal Fan, 12V.md",codex/interests/tiny_home/project_rainbow_connection/Electrical/Campervan Electrical Guide/Untitled Database 4195b45c40af4c47837969755e40e010,codex,done,
codex/interests/tiny_home/project_rainbow_connection/Electrical/Campervan Electrical Guide/Untitled Database 4195b45c40af4c47837969755e40e010/Webasto Air Top 2000 STC Gasoline Heater.md,codex/interests/tiny_home/project_rainbow_connection/Electrical/Campervan Electrical Guide/Untitled Database 4195b45c40af4c47837969755e40e010,codex,done,
codex/interests/tiny_home/project_rainbow_connection/Electrical/Campervan Electrical Guide/Untitled Database f0aa54d6882e4c47b596e3fced19878b/1.md,codex/interests/tiny_home/project_rainbow_connection/Electrical/Campervan Electrical Guide/Untitled Database f0aa54d6882e4c47b596e3fced19878b,codex,done,
codex/interests/tiny_home/project_rainbow_connection/Electrical/Campervan Electrical Guide/Untitled Database f0aa54d6882e4c47b596e3fced19878b/2.md,codex/interests/tiny_home/project_rainbow_connection/Electrical/Campervan Electrical Guide/Untitled Database f0aa54d6882e4c47b596e3fced19878b,codex,done,
codex/interests/tiny_home/project_rainbow_connection/Electrical/Campervan Electrical Guide/Untitled Database f0aa54d6882e4c47b596e3fced19878b/3.md,codex/interests/tiny_home/project_rainbow_connection/Electrical/Campervan Electrical Guide/Untitled Database f0aa54d6882e4c47b596e3fced19878b,codex,done,
codex/interests/tiny_home/project_rainbow_connection/Electrical/Campervan Electrical Guide/Untitled Database f0aa54d6882e4c47b596e3fced19878b/4.md,codex/interests/tiny_home/project_rainbow_connection/Electrical/Campervan Electrical Guide/Untitled Database f0aa54d6882e4c47b596e3fced19878b,codex,done,
codex/interests/tiny_home/project_rainbow_connection/Electrical/Campervan Electrical Guide/Untitled Database f0aa54d6882e4c47b596e3fced19878b/5.md,codex/interests/tiny_home/project_rainbow_connection/Electrical/Campervan Electrical Guide/Untitled Database f0aa54d6882e4c47b596e3fced19878b,codex,done,
codex/interests/tiny_home/project_rainbow_connection/Electrical/Campervan Electrical Guide/Untitled Database f0aa54d6882e4c47b596e3fced19878b/6.md,codex/interests/tiny_home/project_rainbow_connection/Electrical/Campervan Electrical Guide/Untitled Database f0aa54d6882e4c47b596e3fced19878b,codex,done,
codex/interests/tiny_home/project_rainbow_connection/Electrical/Campervan Electrical Guide/Untitled Database f0aa54d6882e4c47b596e3fced19878b/Untitled.md,codex/interests/tiny_home/project_rainbow_connection/Electrical/Campervan Electrical Guide/Untitled Database f0aa54d6882e4c47b596e3fced19878b,codex,done,
codex/interests/tiny_home/project_rainbow_connection/Electrical/Campervan Electrical Guide/Untitled Database 59b1e574ba38451d93b4f281dc62bc29/Power Cord with open end.md,codex/interests/tiny_home/project_rainbow_connection/Electrical/Campervan Electrical Guide/Untitled Database 59b1e574ba38451d93b4f281dc62bc29,codex,done,
"codex/interests/tiny_home/project_rainbow_connection/Electrical/Campervan Electrical Guide/Untitled Database 94e5b45ce4564b9b87086fb4d34fb2a7/10 AWG Black Red Duplex Cable (10 2), Ancor Marine.md",codex/interests/tiny_home/project_rainbow_connection/Electrical/Campervan Electrical Guide/Untitled Database 94e5b45ce4564b9b87086fb4d34fb2a7,codex,done,
"codex/interests/tiny_home/project_rainbow_connection/Electrical/Campervan Electrical Guide/Untitled Database 94e5b45ce4564b9b87086fb4d34fb2a7/12 AWG Black Red Duplex Cable (12 2), Ancor Marine.md",codex/interests/tiny_home/project_rainbow_connection/Electrical/Campervan Electrical Guide/Untitled Database 94e5b45ce4564b9b87086fb4d34fb2a7,codex,done,
"codex/interests/tiny_home/project_rainbow_connection/Electrical/Campervan Electrical Guide/Untitled Database 94e5b45ce4564b9b87086fb4d34fb2a7/14 AWG Black Red Duplex Cable (14 2), Ancor Marine.md",codex/interests/tiny_home/project_rainbow_connection/Electrical/Campervan Electrical Guide/Untitled Database 94e5b45ce4564b9b87086fb4d34fb2a7,codex,done,
"codex/interests/tiny_home/project_rainbow_connection/Electrical/Campervan Electrical Guide/Untitled Database 94e5b45ce4564b9b87086fb4d34fb2a7/16 AWG Black Red Duplex Cable (16 2), Ancor Marine.md",codex/interests/tiny_home/project_rainbow_connection/Electrical/Campervan Electrical Guide/Untitled Database 94e5b45ce4564b9b87086fb4d34fb2a7,codex,done,
codex/interests/tiny_home/project_rainbow_connection/Electrical/Campervan Electrical Guide/Untitled Database 94e5b45ce4564b9b87086fb4d34fb2a7/3M Scotchlok Quick Splice with Gel (14 AWG strande.md,codex/interests/tiny_home/project_rainbow_connection/Electrical/Campervan Electrical Guide/Untitled Database 94e5b45ce4564b9b87086fb4d34fb2a7,codex,done,
"codex/interests/tiny_home/project_rainbow_connection/Electrical/Campervan Electrical Guide/Untitled Database 94e5b45ce4564b9b87086fb4d34fb2a7/Heat Shrink Butt Connector, Ancor Marine.md",codex/interests/tiny_home/project_rainbow_connection/Electrical/Campervan Electrical Guide/Untitled Database 94e5b45ce4564b9b87086fb4d34fb2a7,codex,done,
"codex/interests/tiny_home/project_rainbow_connection/Electrical/Campervan Electrical Guide/Untitled Database 94e5b45ce4564b9b87086fb4d34fb2a7/Heat Shrink Disconnect, 10-12 AWG Cable, 1 4″ Tab,.md",codex/interests/tiny_home/project_rainbow_connection/Electrical/Campervan Electrical Guide/Untitled Database 94e5b45ce4564b9b87086fb4d34fb2a7,codex,done,
"codex/interests/tiny_home/project_rainbow_connection/Electrical/Campervan Electrical Guide/Untitled Database 94e5b45ce4564b9b87086fb4d34fb2a7/Heat Shrink Disconnect, 14-16 AWG Cable, 1 4″ Tab,.md",codex/interests/tiny_home/project_rainbow_connection/Electrical/Campervan Electrical Guide/Untitled Database 94e5b45ce4564b9b87086fb4d34fb2a7,codex,done,
"codex/interests/tiny_home/project_rainbow_connection/Electrical/Campervan Electrical Guide/Untitled Database 94e5b45ce4564b9b87086fb4d34fb2a7/Heat Shrink Disconnect, 18-22 AWG Cable, 1 4″ Tab,.md",codex/interests/tiny_home/project_rainbow_connection/Electrical/Campervan Electrical Guide/Untitled Database 94e5b45ce4564b9b87086fb4d34fb2a7,codex,done,
"codex/interests/tiny_home/project_rainbow_connection/Electrical/Campervan Electrical Guide/Untitled Database 94e5b45ce4564b9b87086fb4d34fb2a7/Heat Shrink Terminal Ring, 10-12 AWG Cable, #8 Rin.md",codex/interests/tiny_home/project_rainbow_connection/Electrical/Campervan Electrical Guide/Untitled Database 94e5b45ce4564b9b87086fb4d34fb2a7,codex,done,
"codex/interests/tiny_home/project_rainbow_connection/Electrical/Campervan Electrical Guide/Untitled Database 94e5b45ce4564b9b87086fb4d34fb2a7/Heat Shrink Terminal Ring, 14-16 AWG Cable, #8 Rin.md",codex/interests/tiny_home/project_rainbow_connection/Electrical/Campervan Electrical Guide/Untitled Database 94e5b45ce4564b9b87086fb4d34fb2a7,codex,done,
"codex/interests/tiny_home/project_rainbow_connection/Electrical/Campervan Electrical Guide/Untitled Database 94e5b45ce4564b9b87086fb4d34fb2a7/Heat Shrink Terminal Ring, 8 AWG Cable, #10 Ring.md",codex/interests/tiny_home/project_rainbow_connection/Electrical/Campervan Electrical Guide/Untitled Database 94e5b45ce4564b9b87086fb4d34fb2a7,codex,done,
codex/interests/tiny_home/project_rainbow_connection/Electrical/Campervan Electrical Guide/Untitled Database 94e5b45ce4564b9b87086fb4d34fb2a7/Heat Shrink Tubing Kit (with adhesive).md,codex/interests/tiny_home/project_rainbow_connection/Electrical/Campervan Electrical Guide/Untitled Database 94e5b45ce4564b9b87086fb4d34fb2a7,codex,done,
codex/interests/tiny_home/project_rainbow_connection/Electrical/Campervan Electrical Guide/Untitled Database 94e5b45ce4564b9b87086fb4d34fb2a7/Nylon Cable Clamps Kit.md,codex/interests/tiny_home/project_rainbow_connection/Electrical/Campervan Electrical Guide/Untitled Database 94e5b45ce4564b9b87086fb4d34fb2a7,codex,done,
codex/interests/tiny_home/project_rainbow_connection/Electrical/Campervan Electrical Guide/Untitled Database 94e5b45ce4564b9b87086fb4d34fb2a7/Nylon Zip Ties Kit.md,codex/interests/tiny_home/project_rainbow_connection/Electrical/Campervan Electrical Guide/Untitled Database 94e5b45ce4564b9b87086fb4d34fb2a7,codex,done,
codex/interests/tiny_home/project_rainbow_connection/Electrical/Campervan Electrical Guide/Untitled Database 94e5b45ce4564b9b87086fb4d34fb2a7/Rubber Grommet Kit.md,codex/interests/tiny_home/project_rainbow_connection/Electrical/Campervan Electrical Guide/Untitled Database 94e5b45ce4564b9b87086fb4d34fb2a7,codex,done,
"codex/interests/tiny_home/project_rainbow_connection/Electrical/Campervan Electrical Guide/Untitled Database 94e5b45ce4564b9b87086fb4d34fb2a7/Split Loom Tubing, 1 2″ diameter 25 feet.md",codex/interests/tiny_home/project_rainbow_connection/Electrical/Campervan Electrical Guide/Untitled Database 94e5b45ce4564b9b87086fb4d34fb2a7,codex,done,
"codex/interests/tiny_home/project_rainbow_connection/Electrical/Campervan Electrical Guide/Untitled Database 94e5b45ce4564b9b87086fb4d34fb2a7/Split Loom Tubing, 3 4″ diameter 10 feet.md",codex/interests/tiny_home/project_rainbow_connection/Electrical/Campervan Electrical Guide/Untitled Database 94e5b45ce4564b9b87086fb4d34fb2a7,codex,done,
"codex/interests/tiny_home/project_rainbow_connection/Electrical/Campervan Electrical Guide/Untitled Database 94e5b45ce4564b9b87086fb4d34fb2a7/Split Loom Tubing, 3 8″ diameter 25 feet.md",codex/interests/tiny_home/project_rainbow_connection/Electrical/Campervan Electrical Guide/Untitled Database 94e5b45ce4564b9b87086fb4d34fb2a7,codex,done,
codex/interests/tiny_home/project_rainbow_connection/Electrical/Campervan Electrical Guide/Untitled Database 94e5b45ce4564b9b87086fb4d34fb2a7/Zip Tie Mount with Adhesive.md,codex/interests/tiny_home/project_rainbow_connection/Electrical/Campervan Electrical Guide/Untitled Database 94e5b45ce4564b9b87086fb4d34fb2a7,codex,done,
"codex/interests/tiny_home/project_rainbow_connection/Electrical/Campervan Electrical Guide/Untitled Database f7df43ead55b453f837f6dbb94cf3ee2/Cable, 2 AWG, 5 ft Black + 5 ft Red.md",codex/interests/tiny_home/project_rainbow_connection/Electrical/Campervan Electrical Guide/Untitled Database f7df43ead55b453f837f6dbb94cf3ee2,codex,done,
"codex/interests/tiny_home/project_rainbow_connection/Electrical/Campervan Electrical Guide/Untitled Database f7df43ead55b453f837f6dbb94cf3ee2/Lugs, 2 AWG Cable, 5 16″ Ring.md",codex/interests/tiny_home/project_rainbow_connection/Electrical/Campervan Electrical Guide/Untitled Database f7df43ead55b453f837f6dbb94cf3ee2,codex,done,
codex/interests/tiny_home/project_rainbow_connection/Electrical/Campervan Electrical Guide/Untitled Database f7df43ead55b453f837f6dbb94cf3ee2/Remote Control for Inverter.md,codex/interests/tiny_home/project_rainbow_connection/Electrical/Campervan Electrical Guide/Untitled Database f7df43ead55b453f837f6dbb94cf3ee2,codex,done,
codex/interests/tiny_home/project_rainbow_connection/Electrical/Campervan Electrical Guide/Untitled Database f7df43ead55b453f837f6dbb94cf3ee2/Terminal Fuse Block with Fuse 175A.md,codex/interests/tiny_home/project_rainbow_connection/Electrical/Campervan Electrical Guide/Untitled Database f7df43ead55b453f837f6dbb94cf3ee2,codex,done,
codex/interests/tiny_home/project_rainbow_connection/Electrical/Campervan Electrical Guide/Untitled Database 7f3e481d68784a19b6305404126c5021/Untitled.md,codex/interests/tiny_home/project_rainbow_connection/Electrical/Campervan Electrical Guide/Untitled Database 7f3e481d68784a19b6305404126c5021,codex,done,
"codex/interests/tiny_home/project_rainbow_connection/Electrical/Campervan Electrical Guide/Untitled Database dc183d1dc5ca46c797f91bc161c663be/40A Breaker Switch, Surface Mount.md",codex/interests/tiny_home/project_rainbow_connection/Electrical/Campervan Electrical Guide/Untitled Database dc183d1dc5ca46c797f91bc161c663be,codex,done,
codex/interests/tiny_home/project_rainbow_connection/Electrical/Campervan Electrical Guide/Untitled Database dc183d1dc5ca46c797f91bc161c663be/Battery Monitor.md,codex/interests/tiny_home/project_rainbow_connection/Electrical/Campervan Electrical Guide/Untitled Database dc183d1dc5ca46c797f91bc161c663be,codex,done,
"codex/interests/tiny_home/project_rainbow_connection/Electrical/Campervan Electrical Guide/Untitled Database dc183d1dc5ca46c797f91bc161c663be/Bus Bar (250A, 4 studs).md",codex/interests/tiny_home/project_rainbow_connection/Electrical/Campervan Electrical Guide/Untitled Database dc183d1dc5ca46c797f91bc161c663be,codex,done,
"codex/interests/tiny_home/project_rainbow_connection/Electrical/Campervan Electrical Guide/Untitled Database dc183d1dc5ca46c797f91bc161c663be/Cable, 2 0 AWG, 15 ft Black.md",codex/interests/tiny_home/project_rainbow_connection/Electrical/Campervan Electrical Guide/Untitled Database dc183d1dc5ca46c797f91bc161c663be,codex,done,
"codex/interests/tiny_home/project_rainbow_connection/Electrical/Campervan Electrical Guide/Untitled Database dc183d1dc5ca46c797f91bc161c663be/Cable, 2 0 AWG, 5 ft Red.md",codex/interests/tiny_home/project_rainbow_connection/Electrical/Campervan Electrical Guide/Untitled Database dc183d1dc5ca46c797f91bc161c663be,codex,done,
"codex/interests/tiny_home/project_rainbow_connection/Electrical/Campervan Electrical Guide/Untitled Database dc183d1dc5ca46c797f91bc161c663be/Cable, 8 AWG, 5 ft Black + 5 ft Red.md",codex/interests/tiny_home/project_rainbow_connection/Electrical/Campervan Electrical Guide/Untitled Database dc183d1dc5ca46c797f91bc161c663be,codex,done,
codex/interests/tiny_home/project_rainbow_connection/Electrical/Campervan Electrical Guide/Untitled Database dc183d1dc5ca46c797f91bc161c663be/Cover for Bus Bar (for 250A 4 studs).md,codex/interests/tiny_home/project_rainbow_connection/Electrical/Campervan Electrical Guide/Untitled Database dc183d1dc5ca46c797f91bc161c663be,codex,done,
codex/interests/tiny_home/project_rainbow_connection/Electrical/Campervan Electrical Guide/Untitled Database dc183d1dc5ca46c797f91bc161c663be/Fuse Block (12 circuits).md,codex/interests/tiny_home/project_rainbow_connection/Electrical/Campervan Electrical Guide/Untitled Database dc183d1dc5ca46c797f91bc161c663be,codex,done,
codex/interests/tiny_home/project_rainbow_connection/Electrical/Campervan Electrical Guide/Untitled Database dc183d1dc5ca46c797f91bc161c663be/Fuses Kit.md,codex/interests/tiny_home/project_rainbow_connection/Electrical/Campervan Electrical Guide/Untitled Database dc183d1dc5ca46c797f91bc161c663be,codex,done,
"codex/interests/tiny_home/project_rainbow_connection/Electrical/Campervan Electrical Guide/Untitled Database dc183d1dc5ca46c797f91bc161c663be/Heat Shrink Terminal Ring, 8 AWG Cable, #10 Ring.md",codex/interests/tiny_home/project_rainbow_connection/Electrical/Campervan Electrical Guide/Untitled Database dc183d1dc5ca46c797f91bc161c663be,codex,done,
"codex/interests/tiny_home/project_rainbow_connection/Electrical/Campervan Electrical Guide/Untitled Database dc183d1dc5ca46c797f91bc161c663be/Heat Shrink Terminal Ring, 8 AWG Cable, 1 4″ Ring.md",codex/interests/tiny_home/project_rainbow_connection/Electrical/Campervan Electrical Guide/Untitled Database dc183d1dc5ca46c797f91bc161c663be,codex,done,
"codex/interests/tiny_home/project_rainbow_connection/Electrical/Campervan Electrical Guide/Untitled Database dc183d1dc5ca46c797f91bc161c663be/Heat Shrink Terminal Ring, 8 AWG Cable, 5 16″ Ring.md",codex/interests/tiny_home/project_rainbow_connection/Electrical/Campervan Electrical Guide/Untitled Database dc183d1dc5ca46c797f91bc161c663be,codex,done,
"codex/interests/tiny_home/project_rainbow_connection/Electrical/Campervan Electrical Guide/Untitled Database dc183d1dc5ca46c797f91bc161c663be/Lugs, 2 0 AWG Cable, 3 8″ Ring.md",codex/interests/tiny_home/project_rainbow_connection/Electrical/Campervan Electrical Guide/Untitled Database dc183d1dc5ca46c797f91bc161c663be,codex,done,
"codex/interests/tiny_home/project_rainbow_connection/Electrical/Campervan Electrical Guide/Untitled Database dc183d1dc5ca46c797f91bc161c663be/Lugs, 2 0 AWG Cable, 5 16″ Ring.md",codex/interests/tiny_home/project_rainbow_connection/Electrical/Campervan Electrical Guide/Untitled Database dc183d1dc5ca46c797f91bc161c663be,codex,done,
codex/interests/tiny_home/project_rainbow_connection/Electrical/Campervan Electrical Guide/Untitled Database dc183d1dc5ca46c797f91bc161c663be/System Switch.md,codex/interests/tiny_home/project_rainbow_connection/Electrical/Campervan Electrical Guide/Untitled Database dc183d1dc5ca46c797f91bc161c663be,codex,done,
codex/interests/tiny_home/project_rainbow_connection/Electrical/Campervan Electrical Guide/Untitled Database dc183d1dc5ca46c797f91bc161c663be/Terminal Fuse Block with Fuse 250A.md,codex/interests/tiny_home/project_rainbow_connection/Electrical/Campervan Electrical Guide/Untitled Database dc183d1dc5ca46c797f91bc161c663be,codex,done,
codex/interests/tiny_home/project_rainbow_connection/Electrical/Campervan Electrical Guide/Untitled Database d65a561ea06541a1aac1200cc63ddfd4/-15C (5F).md,codex/interests/tiny_home/project_rainbow_connection/Electrical/Campervan Electrical Guide/Untitled Database d65a561ea06541a1aac1200cc63ddfd4,codex,done,
codex/interests/tiny_home/project_rainbow_connection/Electrical/Campervan Electrical Guide/Untitled Database d65a561ea06541a1aac1200cc63ddfd4/-26 7C (-16F).md,codex/interests/tiny_home/project_rainbow_connection/Electrical/Campervan Electrical Guide/Untitled Database d65a561ea06541a1aac1200cc63ddfd4,codex,done,
codex/interests/tiny_home/project_rainbow_connection/Electrical/Campervan Electrical Guide/Untitled Database d65a561ea06541a1aac1200cc63ddfd4/-52 2C (-62F).md,codex/interests/tiny_home/project_rainbow_connection/Electrical/Campervan Electrical Guide/Untitled Database d65a561ea06541a1aac1200cc63ddfd4,codex,done,
codex/interests/tiny_home/project_rainbow_connection/Electrical/Campervan Electrical Guide/Untitled Database d65a561ea06541a1aac1200cc63ddfd4/-57 4C (-72 3F).md,codex/interests/tiny_home/project_rainbow_connection/Electrical/Campervan Electrical Guide/Untitled Database d65a561ea06541a1aac1200cc63ddfd4,codex,done,
codex/interests/tiny_home/project_rainbow_connection/Electrical/Campervan Electrical Guide/Untitled Database d65a561ea06541a1aac1200cc63ddfd4/-69C (-92F).md,codex/interests/tiny_home/project_rainbow_connection/Electrical/Campervan Electrical Guide/Untitled Database d65a561ea06541a1aac1200cc63ddfd4,codex,done,
codex/interests/tiny_home/project_rainbow_connection/Electrical/Campervan Electrical Guide/Untitled Database d65a561ea06541a1aac1200cc63ddfd4/-7C (19F).md,codex/interests/tiny_home/project_rainbow_connection/Electrical/Campervan Electrical Guide/Untitled Database d65a561ea06541a1aac1200cc63ddfd4,codex,done,
"codex/interests/tiny_home/project_rainbow_connection/Electrical/Campervan Electrical Guide/Untitled Database 48bd1b7344bf4a558e5aeff589516cfd/100A Breaker Switch, Surface Mount.md",codex/interests/tiny_home/project_rainbow_connection/Electrical/Campervan Electrical Guide/Untitled Database 48bd1b7344bf4a558e5aeff589516cfd,codex,done,
codex/interests/tiny_home/project_rainbow_connection/Electrical/Campervan Electrical Guide/Untitled Database 48bd1b7344bf4a558e5aeff589516cfd/60A Battery-to-Battery Charger (B2B).md,codex/interests/tiny_home/project_rainbow_connection/Electrical/Campervan Electrical Guide/Untitled Database 48bd1b7344bf4a558e5aeff589516cfd,codex,done,
"codex/interests/tiny_home/project_rainbow_connection/Electrical/Campervan Electrical Guide/Untitled Database 48bd1b7344bf4a558e5aeff589516cfd/Cable, 4 AWG, 15 ft Black + 15ft Red.md",codex/interests/tiny_home/project_rainbow_connection/Electrical/Campervan Electrical Guide/Untitled Database 48bd1b7344bf4a558e5aeff589516cfd,codex,done,
"codex/interests/tiny_home/project_rainbow_connection/Electrical/Campervan Electrical Guide/Untitled Database 48bd1b7344bf4a558e5aeff589516cfd/Lugs, 4 AWG Cable, 1 4″ Ring.md",codex/interests/tiny_home/project_rainbow_connection/Electrical/Campervan Electrical Guide/Untitled Database 48bd1b7344bf4a558e5aeff589516cfd,codex,done,
"codex/interests/tiny_home/project_rainbow_connection/Electrical/Campervan Electrical Guide/Untitled Database 48bd1b7344bf4a558e5aeff589516cfd/Lugs, 4 AWG Cable, 5 16″ Ring.md",codex/interests/tiny_home/project_rainbow_connection/Electrical/Campervan Electrical Guide/Untitled Database 48bd1b7344bf4a558e5aeff589516cfd,codex,done,
codex/interests/tiny_home/project_rainbow_connection/Electrical/Campervan Electrical Guide/Untitled Database 79eb21d9168b435da05d1621806edd3a/100W.md,codex/interests/tiny_home/project_rainbow_connection/Electrical/Campervan Electrical Guide/Untitled Database 79eb21d9168b435da05d1621806edd3a,codex,done,
codex/interests/tiny_home/project_rainbow_connection/Electrical/Campervan Electrical Guide/Untitled Database 79eb21d9168b435da05d1621806edd3a/175W.md,codex/interests/tiny_home/project_rainbow_connection/Electrical/Campervan Electrical Guide/Untitled Database 79eb21d9168b435da05d1621806edd3a,codex,done,
codex/interests/tiny_home/project_rainbow_connection/Electrical/Campervan Electrical Guide/Untitled Database 79eb21d9168b435da05d1621806edd3a/200W.md,codex/interests/tiny_home/project_rainbow_connection/Electrical/Campervan Electrical Guide/Untitled Database 79eb21d9168b435da05d1621806edd3a,codex,done,
codex/interests/tiny_home/project_rainbow_connection/Electrical/Campervan Electrical Guide/Untitled Database 79eb21d9168b435da05d1621806edd3a/300W.md,codex/interests/tiny_home/project_rainbow_connection/Electrical/Campervan Electrical Guide/Untitled Database 79eb21d9168b435da05d1621806edd3a,codex,done,
"codex/interests/tiny_home/project_rainbow_connection/Electrical/Campervan Electrical Guide/Untitled Database 1d81b00c6280467f9462f4dcf2f1f2a3/2 0 AWG Cable in 5 16″ lugs, 1 feet Red + 1 feet B.md",codex/interests/tiny_home/project_rainbow_connection/Electrical/Campervan Electrical Guide/Untitled Database 1d81b00c6280467f9462f4dcf2f1f2a3,codex,done,
"codex/interests/tiny_home/project_rainbow_connection/Electrical/Campervan Electrical Guide/Untitled Database 2d79c088369b439f8a59638877840380/2 0 Cable in 5 16 lugs, 1 feet Red + 1 feet Black.md",codex/interests/tiny_home/project_rainbow_connection/Electrical/Campervan Electrical Guide/Untitled Database 2d79c088369b439f8a59638877840380,codex,done,
codex/interests/tiny_home/project_rainbow_connection/Electrical/Campervan Electrical Guide/Untitled Database 2d79c088369b439f8a59638877840380/LiFePO4 200 Ah.md,codex/interests/tiny_home/project_rainbow_connection/Electrical/Campervan Electrical Guide/Untitled Database 2d79c088369b439f8a59638877840380,codex,done,
codex/interests/tiny_home/project_rainbow_connection/Electrical/Campervan Electrical Guide/Untitled Database 352909067bd0496a889fb0400682a1d4/Asus.md,codex/interests/tiny_home/project_rainbow_connection/Electrical/Campervan Electrical Guide/Untitled Database 352909067bd0496a889fb0400682a1d4,codex,done,
codex/interests/tiny_home/project_rainbow_connection/Electrical/Campervan Electrical Guide/Untitled Database 352909067bd0496a889fb0400682a1d4/HP.md,codex/interests/tiny_home/project_rainbow_connection/Electrical/Campervan Electrical Guide/Untitled Database 352909067bd0496a889fb0400682a1d4,codex,done,
codex/interests/tiny_home/project_rainbow_connection/Electrical/Campervan Electrical Guide/Untitled Database 352909067bd0496a889fb0400682a1d4/Nespresso Aeroccino.md,codex/interests/tiny_home/project_rainbow_connection/Electrical/Campervan Electrical Guide/Untitled Database 352909067bd0496a889fb0400682a1d4,codex,done,
codex/interests/tiny_home/project_rainbow_connection/Electrical/Campervan Electrical Guide/Untitled Database 352909067bd0496a889fb0400682a1d4/Untitled.md,codex/interests/tiny_home/project_rainbow_connection/Electrical/Campervan Electrical Guide/Untitled Database 352909067bd0496a889fb0400682a1d4,codex,done,
codex/interests/tiny_home/project_rainbow_connection/Electrical/Campervan Electrical Guide/Untitled Database 1ba471e3b8324eb6b216b6c1e2ba37fa/50A Charger.md,codex/interests/tiny_home/project_rainbow_connection/Electrical/Campervan Electrical Guide/Untitled Database 1ba471e3b8324eb6b216b6c1e2ba37fa,codex,done,
"codex/interests/tiny_home/project_rainbow_connection/Electrical/Campervan Electrical Guide/Untitled Database 1ba471e3b8324eb6b216b6c1e2ba37fa/60A Breaker Switch, Surface Mount.md",codex/interests/tiny_home/project_rainbow_connection/Electrical/Campervan Electrical Guide/Untitled Database 1ba471e3b8324eb6b216b6c1e2ba37fa,codex,done,
"codex/interests/tiny_home/project_rainbow_connection/Electrical/Campervan Electrical Guide/Untitled Database 1ba471e3b8324eb6b216b6c1e2ba37fa/Cable, 8 AWG, 5 ft Black + 5 ft Red.md",codex/interests/tiny_home/project_rainbow_connection/Electrical/Campervan Electrical Guide/Untitled Database 1ba471e3b8324eb6b216b6c1e2ba37fa,codex,done,
"codex/interests/tiny_home/project_rainbow_connection/Electrical/Campervan Electrical Guide/Untitled Database 1ba471e3b8324eb6b216b6c1e2ba37fa/Heat Shrink Terminal Ring, 8 AWG Cable, 1 4 Ring.md",codex/interests/tiny_home/project_rainbow_connection/Electrical/Campervan Electrical Guide/Untitled Database 1ba471e3b8324eb6b216b6c1e2ba37fa,codex,done,
"codex/interests/tiny_home/project_rainbow_connection/Electrical/Campervan Electrical Guide/Untitled Database 1ba471e3b8324eb6b216b6c1e2ba37fa/Heat Shrink Terminal Ring, 8 AWG Cable, 5 16″ Ring.md",codex/interests/tiny_home/project_rainbow_connection/Electrical/Campervan Electrical Guide/Untitled Database 1ba471e3b8324eb6b216b6c1e2ba37fa,codex,done,
"codex/interests/tiny_home/project_rainbow_connection/Electrical/Campervan Electrical Guide/Untitled Database 9309c738d9fc4cc783d89fec29855aed/60A Breaker Switch, Surface Mount.md",codex/interests/tiny_home/project_rainbow_connection/Electrical/Campervan Electrical Guide/Untitled Database 9309c738d9fc4cc783d89fec29855aed,codex,done,
"codex/interests/tiny_home/project_rainbow_connection/Electrical/Campervan Electrical Guide/Untitled Database 9309c738d9fc4cc783d89fec29855aed/Cable, 8 AWG, 5 ft Black + 5 ft Red.md",codex/interests/tiny_home/project_rainbow_connection/Electrical/Campervan Electrical Guide/Untitled Database 9309c738d9fc4cc783d89fec29855aed,codex,done,
"codex/interests/tiny_home/project_rainbow_connection/Electrical/Campervan Electrical Guide/Untitled Database 9309c738d9fc4cc783d89fec29855aed/Heat Shrink Terminal Ring, 8 AWG Cable, 1 4″ Ring.md",codex/interests/tiny_home/project_rainbow_connection/Electrical/Campervan Electrical Guide/Untitled Database 9309c738d9fc4cc783d89fec29855aed,codex,done,
"codex/interests/tiny_home/project_rainbow_connection/Electrical/Campervan Electrical Guide/Untitled Database 9309c738d9fc4cc783d89fec29855aed/Heat Shrink Terminal Ring, 8 AWG Cable, 5 16″ Ring.md",codex/interests/tiny_home/project_rainbow_connection/Electrical/Campervan Electrical Guide/Untitled Database 9309c738d9fc4cc783d89fec29855aed,codex,done,
"codex/interests/tiny_home/project_rainbow_connection/Electrical/Campervan Electrical Guide/Untitled Database 8f0c380cad9f456faf8a4113b4e8b9ac/40A Breaker Switch, Surface Mount.md",codex/interests/tiny_home/project_rainbow_connection/Electrical/Campervan Electrical Guide/Untitled Database 8f0c380cad9f456faf8a4113b4e8b9ac,codex,done,
codex/interests/tiny_home/project_rainbow_connection/Electrical/Campervan Electrical Guide/Untitled Database 8f0c380cad9f456faf8a4113b4e8b9ac/Double Cable Entry Gland.md,codex/interests/tiny_home/project_rainbow_connection/Electrical/Campervan Electrical Guide/Untitled Database 8f0c380cad9f456faf8a4113b4e8b9ac,codex,done,
"codex/interests/tiny_home/project_rainbow_connection/Electrical/Campervan Electrical Guide/Untitled Database 8f0c380cad9f456faf8a4113b4e8b9ac/Extension Cables, 8 AWG, 15 ft Red + 15 ft Black.md",codex/interests/tiny_home/project_rainbow_connection/Electrical/Campervan Electrical Guide/Untitled Database 8f0c380cad9f456faf8a4113b4e8b9ac,codex,done,
"codex/interests/tiny_home/project_rainbow_connection/Electrical/Campervan Electrical Guide/Untitled Database 8f0c380cad9f456faf8a4113b4e8b9ac/Heat Shrink Terminal Ring, 8 AWG Cable, 1 4″ Ring.md",codex/interests/tiny_home/project_rainbow_connection/Electrical/Campervan Electrical Guide/Untitled Database 8f0c380cad9f456faf8a4113b4e8b9ac,codex,done,
"codex/interests/tiny_home/project_rainbow_connection/Electrical/Campervan Electrical Guide/Untitled Database 8f0c380cad9f456faf8a4113b4e8b9ac/Heat Shrink Terminal Ring, 8 AWG Cable, 5 16″ Ring.md",codex/interests/tiny_home/project_rainbow_connection/Electrical/Campervan Electrical Guide/Untitled Database 8f0c380cad9f456faf8a4113b4e8b9ac,codex,done,
codex/interests/tiny_home/project_rainbow_connection/Electrical/Campervan Electrical Guide/Untitled Database 8f0c380cad9f456faf8a4113b4e8b9ac/MPPT Solar Charger.md,codex/interests/tiny_home/project_rainbow_connection/Electrical/Campervan Electrical Guide/Untitled Database 8f0c380cad9f456faf8a4113b4e8b9ac,codex,done,
codex/interests/tiny_home/project_rainbow_connection/Electrical/Electrical Wiring/Untitled 1.png,codex/interests/tiny_home/project_rainbow_connection/Electrical/Electrical Wiring,codex,skipped,non-text file
codex/interests/tiny_home/project_rainbow_connection/Electrical/Electrical Wiring/Untitled 2.png,codex/interests/tiny_home/project_rainbow_connection/Electrical/Electrical Wiring,codex,skipped,non-text file
codex/interests/tiny_home/project_rainbow_connection/Electrical/Electrical Wiring/Untitled.png,codex/interests/tiny_home/project_rainbow_connection/Electrical/Electrical Wiring,codex,skipped,non-text file
codex/interests/psychology/go_through/Carl Jung.md,codex/interests/psychology/go_through,codex,done,
codex/interests/psychology/go_through/RSD Help.md,codex/interests/psychology/go_through,codex,done,
codex/interests/psychology/go_through/Rejection Sensitive Dysphoria (RSD).md,codex/interests/psychology/go_through,codex,done,
codex/interests/psychology/go_through/negative patterns.md,codex/interests/psychology/go_through,codex,done,
codex/interests/psychology/go_through/mental_health_notebook/Anxiety and Depression.md,codex/interests/psychology/go_through/mental_health_notebook,codex,done,
codex/interests/psychology/go_through/mental_health_notebook/Goal Planning Seminar.md,codex/interests/psychology/go_through/mental_health_notebook,codex,done,
codex/interests/psychology/go_through/mental_health_notebook/Learning Methodology.md,codex/interests/psychology/go_through/mental_health_notebook,codex,done,
codex/interests/psychology/go_through/mental_health_notebook/Meditation.md,codex/interests/psychology/go_through/mental_health_notebook,codex,done,
codex/interests/psychology/go_through/mental_health_notebook/Meditations.md,codex/interests/psychology/go_through/mental_health_notebook,codex,done,
codex/interests/psychology/go_through/mental_health_notebook/Mental Health notebook.md,codex/interests/psychology/go_through/mental_health_notebook,codex,done,
codex/interests/psychology/go_through/mental_health_notebook/Screenshot_from_2018-01-16_12-02-30.png,codex/interests/psychology/go_through/mental_health_notebook,codex,skipped,non-text file
codex/interests/psychology/go_through/mental_health_notebook/Unrelated Thoughts that are actually related.md,codex/interests/psychology/go_through/mental_health_notebook,codex,done,
codex/interests/psychology/go_through/mental_health_notebook/Untitled 1.png,codex/interests/psychology/go_through/mental_health_notebook,codex,skipped,non-text file
codex/interests/psychology/go_through/mental_health_notebook/Untitled 2.png,codex/interests/psychology/go_through/mental_health_notebook,codex,skipped,non-text file
codex/interests/psychology/go_through/mental_health_notebook/Untitled.png,codex/interests/psychology/go_through/mental_health_notebook,codex,skipped,non-text file
codex/interests/psychology/go_through/mental_health_notebook/cfflcwal.bmp,codex/interests/psychology/go_through/mental_health_notebook,codex,skipped,non-text file
codex/interests/psychology/go_through/mental_health_notebook/Meditation/12_step_program.txt,codex/interests/psychology/go_through/mental_health_notebook/Meditation,codex,done,
codex/interests/psychology/go_through/mental_health_notebook/Meditation/Cant_Change_em.txt,codex/interests/psychology/go_through/mental_health_notebook/Meditation,codex,done,
codex/interests/psychology/go_through/mental_health_notebook/Meditation/meditation.txt,codex/interests/psychology/go_through/mental_health_notebook/Meditation,codex,done,
codex/interests/spirtuality/Daoism.md,codex/interests/spirtuality,codex,done,
codex/interests/spirtuality/Heroes Journey.md,codex/interests/spirtuality,codex,done,
codex/interests/spirtuality/Omnism.md,codex/interests/spirtuality,codex,done,
codex/interests/spirtuality/Pantheism.md,codex/interests/spirtuality,codex,done,
codex/interests/spirtuality/Untitled.md,codex/interests/spirtuality,codex,done,
codex/interests/spirtuality/go_through/4mastery.md,codex/interests/spirtuality/go_through,codex,done,
codex/interests/spirtuality/go_through/Daoism 1.md,codex/interests/spirtuality/go_through,codex,skipped,empty file
codex/interests/spirtuality/go_through/Daoism Curriculum.md,codex/interests/spirtuality/go_through,codex,done,
codex/interests/spirtuality/go_through/carljung.md,codex/interests/spirtuality/go_through,codex,done,
codex/interests/spirtuality/go_through/concepts.md,codex/interests/spirtuality/go_through,codex,done,
codex/interests/spirtuality/go_through/daoism.md,codex/interests/spirtuality/go_through,codex,done,
codex/interests/spirtuality/go_through/heroesjourneu.md,codex/interests/spirtuality/go_through,codex,done,
codex/interests/spirtuality/go_through/philosophy 1.md,codex/interests/spirtuality/go_through,codex,done,
codex/interests/spirtuality/go_through/philosophy.md,codex/interests/spirtuality/go_through,codex,done,
codex/interests/spirtuality/go_through/signs 1.md,codex/interests/spirtuality/go_through,codex,done,
codex/interests/spirtuality/go_through/signs.md,codex/interests/spirtuality/go_through,codex,done,
codex/interests/spirtuality/go_through/spiritualify.md,codex/interests/spirtuality/go_through,codex,done,
codex/interests/spirtuality/go_through/spirituality.md,codex/interests/spirtuality/go_through,codex,done,
codex/interests/spirtuality/go_through/stoicism.md,codex/interests/spirtuality/go_through,codex,done,
codex/interests/spirtuality/go_through/threewoman.md,codex/interests/spirtuality/go_through,codex,done,
codex/interests/spirtuality/go_through/spirituality_notebook/12 Steps.md,codex/interests/spirtuality/go_through/spirituality_notebook,codex,done,
codex/interests/spirtuality/go_through/spirituality_notebook/4th Step.md,codex/interests/spirtuality/go_through/spirituality_notebook,codex,done,
codex/interests/spirtuality/go_through/spirituality_notebook/AA 12 Steps.md,codex/interests/spirtuality/go_through/spirituality_notebook,codex,done,
codex/interests/spirtuality/go_through/spirituality_notebook/AA Lead 04 09 21.md,codex/interests/spirtuality/go_through/spirituality_notebook,codex,done,
codex/interests/spirtuality/go_through/spirituality_notebook/Bill W Post.md,codex/interests/spirtuality/go_through/spirituality_notebook,codex,done,
codex/interests/spirtuality/go_through/spirituality_notebook/Group conscience.md,codex/interests/spirtuality/go_through/spirituality_notebook,codex,done,
codex/interests/spirtuality/go_through/spirituality_notebook/Let go and let God.md,codex/interests/spirtuality/go_through/spirituality_notebook,codex,done,
codex/interests/spirtuality/go_through/spirituality_notebook/Letter to Jess.md,codex/interests/spirtuality/go_through/spirituality_notebook,codex,done,
codex/interests/spirtuality/go_through/spirituality_notebook/Potts family letter.md,codex/interests/spirtuality/go_through/spirituality_notebook,codex,done,
codex/interests/spirtuality/go_through/spirituality_notebook/Prayer and Meditation sheet.md,codex/interests/spirtuality/go_through/spirituality_notebook,codex,done,
codex/interests/spirtuality/go_through/spirituality_notebook/Prayer and Meditations List.md,codex/interests/spirtuality/go_through/spirituality_notebook,codex,done,
codex/interests/spirtuality/go_through/spirituality_notebook/Spirituality notebook.md,codex/interests/spirtuality/go_through/spirituality_notebook,codex,done,
codex/interests/spirtuality/go_through/spirituality_notebook/Stoicism notebook.md,codex/interests/spirtuality/go_through/spirituality_notebook,codex,done,
codex/interests/spirtuality/go_through/spirituality_notebook/Varieties of Religious Experience Notes.md,codex/interests/spirtuality/go_through/spirituality_notebook,codex,done,
codex/interests/spirtuality/go_through/spirituality_notebook/Stoicism notebook/Dating Doctrine.md,codex/interests/spirtuality/go_through/spirituality_notebook/Stoicism notebook,codex,done,
codex/interests/spirtuality/go_through/spirituality_notebook/Stoicism notebook/Stoicism doc (unread).md,codex/interests/spirtuality/go_through/spirituality_notebook/Stoicism notebook,codex,done,
codex/interests/music/go_through/Learn to sing.md,codex/interests/music/go_through,codex,done,
codex/interests/music/go_through/Music Notes.md,codex/interests/music/go_through,codex,done,
codex/interests/music/go_through/Music Theory.md,codex/interests/music/go_through,codex,skipped,empty file
codex/interests/music/go_through/Piano.md,codex/interests/music/go_through,codex,done,
codex/interests/music/go_through/lyrics 1.md,codex/interests/music/go_through,codex,done,
codex/interests/music/go_through/lyrics 2.md,codex/interests/music/go_through,codex,done,
codex/interests/music/go_through/lyrics.md,codex/interests/music/go_through,codex,done,
codex/interests/music/go_through/music 1.md,codex/interests/music/go_through,codex,done,
codex/interests/music/go_through/music.md,codex/interests/music/go_through,codex,done,
codex/interests/music/go_through/music_concept_ideas.md,codex/interests/music/go_through,codex,done,
codex/interests/music/go_through/operation music box.md,codex/interests/music/go_through,codex,done,
codex/interests/music/go_through/voice.md,codex/interests/music/go_through,codex,done,
codex/interests/music/go_through/lyrics/Brad's bitch 1.md,codex/interests/music/go_through/lyrics,codex,done,
codex/interests/music/go_through/lyrics/Brad's bitch.md,codex/interests/music/go_through/lyrics,codex,done,
codex/interests/music/go_through/lyrics/Untitled Document-19.pdf,codex/interests/music/go_through/lyrics,codex,skipped,non-text file
codex/interests/music/go_through/lyrics/Untitled document-1.pdf,codex/interests/music/go_through/lyrics,codex,skipped,non-text file
codex/interests/music/go_through/lyrics/Untitled document-10.pdf,codex/interests/music/go_through/lyrics,codex,skipped,non-text file
codex/interests/music/go_through/lyrics/Untitled document-11.pdf,codex/interests/music/go_through/lyrics,codex,skipped,non-text file
codex/interests/music/go_through/lyrics/Untitled document-13.pdf,codex/interests/music/go_through/lyrics,codex,skipped,non-text file
codex/interests/music/go_through/lyrics/Untitled document-14.pdf,codex/interests/music/go_through/lyrics,codex,skipped,non-text file
codex/interests/music/go_through/lyrics/Untitled document-18.pdf,codex/interests/music/go_through/lyrics,codex,skipped,non-text file
codex/interests/music/go_through/lyrics/Untitled document-2.pdf,codex/interests/music/go_through/lyrics,codex,skipped,non-text file
codex/interests/music/go_through/lyrics/Untitled document-20.pdf,codex/interests/music/go_through/lyrics,codex,skipped,non-text file
codex/interests/music/go_through/lyrics/Untitled document-3.pdf,codex/interests/music/go_through/lyrics,codex,skipped,non-text file
codex/interests/music/go_through/lyrics/Untitled document-4.pdf,codex/interests/music/go_through/lyrics,codex,skipped,non-text file
codex/interests/music/go_through/lyrics/Untitled document-5.pdf,codex/interests/music/go_through/lyrics,codex,skipped,non-text file
codex/interests/music/go_through/lyrics/Untitled document-6.pdf,codex/interests/music/go_through/lyrics,codex,skipped,non-text file
codex/interests/music/go_through/lyrics/Untitled document-7.pdf,codex/interests/music/go_through/lyrics,codex,skipped,non-text file
codex/interests/music/go_through/lyrics/Untitled document-8.pdf,codex/interests/music/go_through/lyrics,codex,skipped,non-text file
codex/interests/music/go_through/lyrics/Untitled document-9.pdf,codex/interests/music/go_through/lyrics,codex,skipped,non-text file
codex/interests/music/go_through/lyrics/Untitled document.pdf,codex/interests/music/go_through/lyrics,codex,skipped,non-text file
codex/interests/music/go_through/lyrics/emo rap.md,codex/interests/music/go_through/lyrics,codex,done,
codex/interests/music/go_through/lyrics/lyrics.md,codex/interests/music/go_through/lyrics,codex,done,
codex/interests/music/go_through/lyrics/madhatter matador.md,codex/interests/music/go_through/lyrics,codex,done,
codex/interests/music/go_through/lyrics/music_lyrics.md,codex/interests/music/go_through/lyrics,codex,done,
codex/interests/music/go_through/lyrics/my life and pain.pdf,codex/interests/music/go_through/lyrics,codex,skipped,non-text file
codex/interests/music/go_through/songs/project_omw.md,codex/interests/music/go_through/songs,codex,done,
codex/interests/music/go_through/songs/project_polar.md,codex/interests/music/go_through/songs,codex,skipped,empty file
codex/interests/music/go_through/songs/project_sunflower.md,codex/interests/music/go_through/songs,codex,skipped,empty file
codex/interests/music/go_through/music_notebook/reference/artists_lyrics/La Dispute Lyrics.md,codex/interests/music/go_through/music_notebook/reference/artists_lyrics,codex,done,
codex/interests/music/go_through/music_notebook/reference/artists_lyrics/Lyrics to Pop Off by Cookies and Cream.md,codex/interests/music/go_through/music_notebook/reference/artists_lyrics,codex,done,
codex/schedule/Schedule Notes.md,codex/schedule,codex,done,
codex/journal/go_through/Concepts talked about with GPT.md,codex/journal/go_through,codex,done,
codex/journal/go_through/Describe Me.md,codex/journal/go_through,codex,done,
codex/journal/go_through/Further topics.md,codex/journal/go_through,codex,done,
codex/journal/go_through/Rap Names.md,codex/journal/go_through,codex,done,
codex/journal/go_through/journal 1 1.md,codex/journal/go_through,codex,done,
codex/journal/go_through/journal 1.md,codex/journal/go_through,codex,done,
codex/journal/go_through/journal Imagine a house with a basement with no floor.md,codex/journal/go_through,codex,done,
codex/journal/go_through/journal.md,codex/journal/go_through,codex,done,
codex/journal/go_through/manifestation_kan.md,codex/journal/go_through,codex,done,
codex/journal/go_through/journal/journal_entries.md,codex/journal/go_through/journal,codex,done,
codex/journal/go_through/journal/life_lessons.md,codex/journal/go_through/journal,codex,done,
codex/journal/go_through/journal/synchronicity.md,codex/journal/go_through/journal,codex,done,
codex/journal/go_through/journal/archived/daily_journals/11 27.md,codex/journal/go_through/journal/archived/daily_journals,codex,done,
codex/journal/go_through/journal/archived/daily_journals/12 13.md,codex/journal/go_through/journal/archived/daily_journals,codex,done,
codex/journal/go_through/journal/archived/daily_journals/3 25.md,codex/journal/go_through/journal/archived/daily_journals,codex,done,
codex/journal/go_through/journal/archived/daily_journals/3 26.md,codex/journal/go_through/journal/archived/daily_journals,codex,done,
codex/journal/go_through/journal/archived/daily_journals/3 27.md,codex/journal/go_through/journal/archived/daily_journals,codex,done,
codex/journal/go_through/journal/archived/daily_journals/Captains Log #06032021.md,codex/journal/go_through/journal/archived/daily_journals,codex,done,
codex/journal/go_through/journal/archived/daily_journals/Captains Log #06042021.md,codex/journal/go_through/journal/archived/daily_journals,codex,done,
codex/journal/go_through/journal/archived/daily_journals/Captains Log #06212021.md,codex/journal/go_through/journal/archived/daily_journals,codex,done,
codex/journal/go_through/journal/archived/daily_journals/Captains Log #20211028.md,codex/journal/go_through/journal/archived/daily_journals,codex,done,
codex/journal/go_through/journal/archived/daily_journals/Captains Log #20211029.md,codex/journal/go_through/journal/archived/daily_journals,codex,done,
codex/journal/go_through/journal/archived/daily_journals/Captains log #06222021.md,codex/journal/go_through/journal/archived/daily_journals,codex,done,
codex/journal/go_through/journal/archived/daily_journals/Daily Log #06282021.md,codex/journal/go_through/journal/archived/daily_journals,codex,done,
codex/journal/go_through/journal/archived/daily_journals/Daily Log 4 21 21.md,codex/journal/go_through/journal/archived/daily_journals,codex,done,
codex/journal/go_through/journal/archived/daily_journals/Daily Log 4 22 21.md,codex/journal/go_through/journal/archived/daily_journals,codex,done,
codex/journal/go_through/journal/archived/daily_journals/Daily Log 4 23 21.md,codex/journal/go_through/journal/archived/daily_journals,codex,done,
codex/journal/go_through/journal/archived/daily_journals/Daily Log 4 24 21.md,codex/journal/go_through/journal/archived/daily_journals,codex,done,
"codex/journal/go_through/journal/archived/daily_journals/Earth Day 29 of June, 2019.md",codex/journal/go_through/journal/archived/daily_journals,codex,done,
codex/journal/go_through/journal/archived/daily_journals/Untitled.md,codex/journal/go_through/journal/archived/daily_journals,codex,done,
codex/journal/go_through/journal/archived/journal_entries/High Thoughts.md,codex/journal/go_through/journal/archived/journal_entries,codex,done,
codex/journal/go_through/journal/archived/journal_entries/Journal Entry 2021.md,codex/journal/go_through/journal/archived/journal_entries,codex,done,
codex/journal/go_through/journal/archived/journal_entries/journal convo.md,codex/journal/go_through/journal/archived/journal_entries,codex,done,
codex/journal/go_through/journal/archived/journal_entries/journal_entries.md,codex/journal/go_through/journal/archived/journal_entries,codex,done,
codex/journal/go_through/journal/archived/journal_entries/journal_entries2.md,codex/journal/go_through/journal/archived/journal_entries,codex,done,
codex/journal/go_through/journal/archived/journal_entries/mental issues.md,codex/journal/go_through/journal/archived/journal_entries,codex,done,
codex/journal/go_through/me/favorites.md,codex/journal/go_through/me,codex,done,
codex/journal/go_through/me/interests 1.md,codex/journal/go_through/me,codex,done,
codex/journal/go_through/me/interests.md,codex/journal/go_through/me,codex,done,
codex/journal/go_through/me/me 1.md,codex/journal/go_through/me,codex,done,
codex/journal/go_through/me/me.md,codex/journal/go_through/me,codex,done,
codex/journal/go_through/me/memories.md,codex/journal/go_through/me,codex,done,
codex/journal/go_through/me/mindset.md,codex/journal/go_through/me,codex,done,
codex/journal/go_through/me/storage.md,codex/journal/go_through/me,codex,done,
codex/relationships/people 1/people 1.md,codex/relationships/people 1,codex,done,
codex/relationships/people 1/people 2.md,codex/relationships/people 1,codex,done,
codex/relationships/people 1/people 3.md,codex/relationships/people 1,codex,done,
codex/relationships/people 1/people.md,codex/relationships/people 1,codex,done,
codex/relationships/people 1/family/April.md,codex/relationships/people 1/family,codex,skipped,empty file
codex/relationships/people 1/family/Scott.md,codex/relationships/people 1/family,codex,skipped,empty file
codex/relationships/people 1/family/Sue Pomerenke.md,codex/relationships/people 1/family,codex,skipped,empty file
codex/relationships/people 1/family/Alexandra Michelle Verdien/'Rap Music Is Beneath Me' - Milkman.md,codex/relationships/people 1/family/Alexandra Michelle Verdien,codex,done,
codex/relationships/people 1/family/Alexandra Michelle Verdien/Alex notes.md,codex/relationships/people 1/family/Alexandra Michelle Verdien,codex,done,
codex/relationships/people 1/family/Alexandra Michelle Verdien/Alex text.md,codex/relationships/people 1/family/Alexandra Michelle Verdien,codex,done,
codex/relationships/people 1/family/Alexandra Michelle Verdien/Last night.md,codex/relationships/people 1/family/Alexandra Michelle Verdien,codex,done,
codex/relationships/people 1/family/Alexandra Michelle Verdien/Love.md,codex/relationships/people 1/family/Alexandra Michelle Verdien,codex,done,
codex/relationships/people 1/family/Alexandra Michelle Verdien/Sunshine.md,codex/relationships/people 1/family/Alexandra Michelle Verdien,codex,done,
codex/relationships/people 1/family/Alexandra Michelle Verdien/Untitled 7.md,codex/relationships/people 1/family/Alexandra Michelle Verdien,codex,done,
codex/relationships/people 1/family/Alexandra Michelle Verdien/alex 1432.md,codex/relationships/people 1/family/Alexandra Michelle Verdien,codex,done,
codex/relationships/people 1/family/Alexandra Michelle Verdien/alex.md,codex/relationships/people 1/family/Alexandra Michelle Verdien,codex,done,
codex/relationships/people 1/family/Alexandra Michelle Verdien/alex3.md,codex/relationships/people 1/family/Alexandra Michelle Verdien,codex,done,
codex/relationships/people 1/family/Alexandra Michelle Verdien/alex4.md,codex/relationships/people 1/family/Alexandra Michelle Verdien,codex,done,
codex/relationships/people 1/family/Alexandra Michelle Verdien/alexandra_verdien.md,codex/relationships/people 1/family/Alexandra Michelle Verdien,codex,done,
codex/relationships/people 1/family/Alexandra Michelle Verdien/alexxx.md,codex/relationships/people 1/family/Alexandra Michelle Verdien,codex,done,
codex/relationships/people 1/family/Alexandra Michelle Verdien/alexxxsad.md,codex/relationships/people 1/family/Alexandra Michelle Verdien,codex,done,
codex/relationships/people 1/family/Alexandra Michelle Verdien/first_draft.md,codex/relationships/people 1/family/Alexandra Michelle Verdien,codex,done,
codex/relationships/people 1/family/Alexandra Michelle Verdien/michelle_melton_obituary.md,codex/relationships/people 1/family/Alexandra Michelle Verdien,codex,done,
codex/relationships/people 1/family/Alexandra Michelle Verdien/new_lyrics.md,codex/relationships/people 1/family/Alexandra Michelle Verdien,codex,done,
codex/relationships/people 1/family/Alexandra Michelle Verdien/sunflower.md,codex/relationships/people 1/family/Alexandra Michelle Verdien,codex,done,
codex/relationships/people 1/family/Alexandra Michelle Verdien/true_love.md,codex/relationships/people 1/family/Alexandra Michelle Verdien,codex,done,
codex/relationships/people 1/to_add/to_add.md,codex/relationships/people 1/to_add,codex,done,
codex/relationships/people 1/to_add/relationships/past/jess.md,codex/relationships/people 1/to_add/relationships/past,codex,skipped,empty file
codex/relationships/people 1/to_add/relationships/past/list.md,codex/relationships/people 1/to_add/relationships/past,codex,skipped,empty file
codex/relationships/people 1/to_add/relationships/past/bonnie/Bon.md,codex/relationships/people 1/to_add/relationships/past/bonnie,codex,done,
codex/relationships/people 1/to_add/relationships/past/bonnie/Bonnie.md,codex/relationships/people 1/to_add/relationships/past/bonnie,codex,skipped,empty file
codex/relationships/people 1/to_add/relationships/past/bonnie/Break up letter.md,codex/relationships/people 1/to_add/relationships/past/bonnie,codex,done,
codex/relationships/people 1/to_add/relationships/past/bonnie/Dear Bon.md,codex/relationships/people 1/to_add/relationships/past/bonnie,codex,done,
codex/relationships/people 1/to_add/relationships/past/alexis/Alexis.md,codex/relationships/people 1/to_add/relationships/past/alexis,codex,skipped,empty file
codex/relationships/people 1/to_add/relationships/past/alexis/Apology 2.md,codex/relationships/people 1/to_add/relationships/past/alexis,codex,done,
codex/relationships/people 1/to_add/relationships/past/alexis/Dear Alexis.md,codex/relationships/people 1/to_add/relationships/past/alexis,codex,done,
codex/relationships/people 1/to_add/relationships/past/alexis/New letter.md,codex/relationships/people 1/to_add/relationships/past/alexis,codex,done,
codex/relationships/people 1/to_add/relationships/past/alexis/Untitled.md,codex/relationships/people 1/to_add/relationships/past/alexis,codex,done,
codex/relationships/people 1/to_add/relationships/past/andrea/Andrea Notes.md,codex/relationships/people 1/to_add/relationships/past/andrea,codex,done,
codex/relationships/people 1/to_add/relationships/past/andrea/Andrea.md,codex/relationships/people 1/to_add/relationships/past/andrea,codex,skipped,empty file
codex/relationships/people 1/to_add/relationships/past/andrea/Untitled.md,codex/relationships/people 1/to_add/relationships/past/andrea,codex,done,
codex/relationships/people 1/to_add/relationships/important/dad.md,codex/relationships/people 1/to_add/relationships/important,codex,skipped,empty file
codex/relationships/people 1/to_add/relationships/important/mom.md,codex/relationships/people 1/to_add/relationships/important,codex,skipped,empty file
codex/relationships/people 1/to_add/relationships/important/Sifu/Letter to Sifu - Taking off.md,codex/relationships/people 1/to_add/relationships/important/Sifu,codex,done,
codex/relationships/people 1/studies/leonardo_da_vinci/Leonardo Da Vinci.md,codex/relationships/people 1/studies/leonardo_da_vinci,codex,done,
codex/relationships/people 1/studies/leonardo_da_vinci/leonardo_aortic_heart.jpg,codex/relationships/people 1/studies/leonardo_da_vinci,codex,skipped,non-text file
codex/relationships/people/alex_lettwrrqowqmfq.md,codex/relationships/people,codex,done,
codex/relationships/people/bo 1.md,codex/relationships/people,codex,done,
codex/relationships/people/bo.md,codex/relationships/people,codex,done,
codex/relationships/people/communication.md,codex/relationships/people,codex,done,
codex/relationships/people/dragon.md,codex/relationships/people,codex,done,
codex/relationships/people/influences.md,codex/relationships/people,codex,done,
codex/relationships/people/relationships_help.md,codex/relationships/people,codex,done,
codex/inspiration/quotes.md,codex/inspiration,codex,done,
codex/health/go_through/Sciatica.md,codex/health/go_through,codex,done,
codex/health/go_through/workout/workout.md,codex/health/go_through/workout,codex,done,
codex/health/go_through/health 2/general_health_notebook.md,codex/health/go_through/health 2,codex,done,
codex/health/go_through/health 2/health 1.md,codex/health/go_through/health 2,codex,done,
codex/health/go_through/health 2/health.md,codex/health/go_through/health 2,codex,done,
codex/health/go_through/health 2/health_general_notebook.md,codex/health/go_through/health 2,codex,skipped,empty file
codex/health/go_through/health 2/insecurities.md,codex/health/go_through/health 2,codex,done,
codex/health/go_through/health 2/mental-health 1.md,codex/health/go_through/health 2,codex,done,
codex/health/go_through/health 2/mental-health.md,codex/health/go_through/health 2,codex,done,
codex/health/go_through/health 2/mental.md,codex/health/go_through/health 2,codex,done,
codex/health/go_through/health 2/mental_health.md,codex/health/go_through/health 2,codex,done,
codex/health/go_through/health 2/mental_health_notebook.md,codex/health/go_through/health 2,codex,skipped,empty file
codex/health/go_through/health 2/mentalhealth.md,codex/health/go_through/health 2,codex,done,
codex/health/go_through/health 2/trauma.md,codex/health/go_through/health 2,codex,done,
codex/health/go_through/health 2/Wellness notebook/Diet.md,codex/health/go_through/health 2/Wellness notebook,codex,done,
codex/health/go_through/health 2/Wellness notebook/Fitness.md,codex/health/go_through/health 2/Wellness notebook,codex,done,
codex/health/go_through/health 2/Wellness notebook/Medical Information.md,codex/health/go_through/health 2/Wellness notebook,codex,done,
codex/health/go_through/health 2/Wellness notebook/Wellness notebook.md,codex/health/go_through/health 2/Wellness notebook,codex,done,
codex/health/go_through/health 2/Wellness notebook/What Is a Normal Heart Rate Live Science.md,codex/health/go_through/health 2/Wellness notebook,codex,done,
codex/health/go_through/health 2/Wellness notebook/Diet/Mediterranean diet.md,codex/health/go_through/health 2/Wellness notebook/Diet,codex,done,
codex/health/go_through/health 2/Wellness notebook/Diet/chicken marinades.md,codex/health/go_through/health 2/Wellness notebook/Diet,codex,done,
codex/health/go_through/health 2/Wellness notebook/Diet/chicken marinades/n4txpoy4zlp41.jpg,codex/health/go_through/health 2/Wellness notebook/Diet/chicken marinades,codex,skipped,non-text file
codex/health/go_through/health 2/Wellness notebook/Diet/Mediterranean diet/hnHL_sVuhEdOOIAEwAJ2tvrJ74UIxF5NegKR_M_qiuU.jpg,codex/health/go_through/health 2/Wellness notebook/Diet/Mediterranean diet,codex,skipped,non-text file
codex/health/go_through/health 2/Wellness notebook/Fitness/Cardio Workout.md,codex/health/go_through/health 2/Wellness notebook/Fitness,codex,done,
codex/health/go_through/health 2/Wellness notebook/Fitness/Fitness guide.md,codex/health/go_through/health 2/Wellness notebook/Fitness,codex,done,
codex/health/go_through/health 2/Wellness notebook/Medical Information/medication.png,codex/health/go_through/health 2/Wellness notebook/Medical Information,codex,skipped,non-text file
codex/health/go_through/health 2/Wellness notebook/What Is a Normal Heart Rate Live Science/3p9qLV0L-720.jpg,codex/health/go_through/health 2/Wellness notebook/What Is a Normal Heart Rate Live Science,codex,skipped,non-text file
codex/health/go_through/health 2/Mental Health/ADHD Symptoms I have.md,codex/health/go_through/health 2/Mental Health,codex,done,
codex/health/go_through/health 2/Mental Health/Mental Health.md,codex/health/go_through/health 2/Mental Health,codex,done,
codex/health/go_through/health 2/Mental Health/Traumas.md,codex/health/go_through/health 2/Mental Health,codex,done,
codex/health/go_through/health 2/Mental Health/Untitled.png,codex/health/go_through/health 2/Mental Health,codex,skipped,non-text file
codex/health/go_through/health 2/Mental Health/Tripping on Adderall/2_small_theories_(outcomes).png,codex/health/go_through/health 2/Mental Health/Tripping on Adderall,codex,skipped,non-text file
codex/health/go_through/health 2/Mental Health/Tripping on Adderall/more_applications_and_the_4th_demension.png,codex/health/go_through/health 2/Mental Health/Tripping on Adderall,codex,skipped,non-text file
codex/health/go_through/health 2/Mental Health/Tripping on Adderall/other_applications.png,codex/health/go_through/health 2/Mental Health/Tripping on Adderall,codex,skipped,non-text file
codex/health/go_through/health 2/Mental Health/Tripping on Adderall/putting_it_together_a_bit.txt,codex/health/go_through/health 2/Mental Health/Tripping on Adderall,codex,done,
codex/health/go_through/health 2/Mental Health/Tripping on Adderall/slowly_understanding.txt,codex/health/go_through/health 2/Mental Health/Tripping on Adderall,codex,done,
codex/health/go_through/general_health_notebooks/General Health notebook.md,codex/health/go_through/general_health_notebooks,codex,done,
codex/health/go_through/general_health_notebooks/Taking Vital Signs.md,codex/health/go_through/general_health_notebooks,codex,done,
codex/health/go_through/health 1/general_health_notebook.md,codex/health/go_through/health 1,codex,done,
codex/health/go_through/health 1/health 1.md,codex/health/go_through/health 1,codex,done,
codex/health/go_through/health 1/health.md,codex/health/go_through/health 1,codex,done,
codex/health/go_through/health 1/health_general_notebook.md,codex/health/go_through/health 1,codex,skipped,empty file
codex/health/go_through/health 1/insecurities.md,codex/health/go_through/health 1,codex,done,
codex/health/go_through/health 1/mental-health 1.md,codex/health/go_through/health 1,codex,done,
codex/health/go_through/health 1/mental-health.md,codex/health/go_through/health 1,codex,done,
codex/health/go_through/health 1/mental.md,codex/health/go_through/health 1,codex,done,
codex/health/go_through/health 1/mental_health.md,codex/health/go_through/health 1,codex,done,
codex/health/go_through/health 1/mental_health_notebook.md,codex/health/go_through/health 1,codex,skipped,empty file
codex/health/go_through/health 1/mental_health_summary.pdf,codex/health/go_through/health 1,codex,skipped,non-text file
codex/health/go_through/health 1/mentalhealth.md,codex/health/go_through/health 1,codex,done,
codex/health/go_through/health 1/trauma.md,codex/health/go_through/health 1,codex,done,
codex/health/go_through/health 1/Wellness notebook/Diet.md,codex/health/go_through/health 1/Wellness notebook,codex,done,
codex/health/go_through/health 1/Wellness notebook/Fitness.md,codex/health/go_through/health 1/Wellness notebook,codex,done,
codex/health/go_through/health 1/Wellness notebook/Medical Information.md,codex/health/go_through/health 1/Wellness notebook,codex,done,
codex/health/go_through/health 1/Wellness notebook/Wellness notebook.md,codex/health/go_through/health 1/Wellness notebook,codex,done,
codex/health/go_through/health 1/Wellness notebook/What Is a Normal Heart Rate Live Science.md,codex/health/go_through/health 1/Wellness notebook,codex,done,
codex/health/go_through/health 1/Wellness notebook/Diet/Mediterranean diet.md,codex/health/go_through/health 1/Wellness notebook/Diet,codex,done,
codex/health/go_through/health 1/Wellness notebook/Diet/chicken marinades.md,codex/health/go_through/health 1/Wellness notebook/Diet,codex,done,
codex/health/go_through/health 1/Wellness notebook/Diet/chicken marinades/n4txpoy4zlp41.jpg,codex/health/go_through/health 1/Wellness notebook/Diet/chicken marinades,codex,skipped,non-text file
codex/health/go_through/health 1/Wellness notebook/Diet/Mediterranean diet/hnHL_sVuhEdOOIAEwAJ2tvrJ74UIxF5NegKR_M_qiuU.jpg,codex/health/go_through/health 1/Wellness notebook/Diet/Mediterranean diet,codex,skipped,non-text file
codex/health/go_through/health 1/Wellness notebook/Fitness/Cardio Workout.md,codex/health/go_through/health 1/Wellness notebook/Fitness,codex,done,
codex/health/go_through/health 1/Wellness notebook/Fitness/Fitness guide.md,codex/health/go_through/health 1/Wellness notebook/Fitness,codex,done,
codex/health/go_through/health 1/Wellness notebook/Fitness/the_sleep_part_is_the_most_pleasant_but_least_achievable_-_Imgur.png,codex/health/go_through/health 1/Wellness notebook/Fitness,codex,skipped,non-text file
codex/health/go_through/health 1/Wellness notebook/Medical Information/medication.png,codex/health/go_through/health 1/Wellness notebook/Medical Information,codex,skipped,non-text file
codex/health/go_through/health 1/Wellness notebook/What Is a Normal Heart Rate Live Science/3p9qLV0L-720.jpg,codex/health/go_through/health 1/Wellness notebook/What Is a Normal Heart Rate Live Science,codex,skipped,non-text file
codex/health/go_through/health 1/Mental Health/ADHD Symptoms I have.md,codex/health/go_through/health 1/Mental Health,codex,done,
codex/health/go_through/health 1/Mental Health/Mental Health.md,codex/health/go_through/health 1/Mental Health,codex,done,
codex/health/go_through/health 1/Mental Health/Traumas.md,codex/health/go_through/health 1/Mental Health,codex,done,
codex/health/go_through/health 1/Mental Health/Untitled.png,codex/health/go_through/health 1/Mental Health,codex,skipped,non-text file
codex/health/go_through/health 1/Mental Health/Tripping on Adderall/11_or_more_demensions.png,codex/health/go_through/health 1/Mental Health/Tripping on Adderall,codex,skipped,non-text file
codex/health/go_through/health 1/Mental Health/Tripping on Adderall/2_small_theories_(outcomes).png,codex/health/go_through/health 1/Mental Health/Tripping on Adderall,codex,skipped,non-text file
codex/health/go_through/health 1/Mental Health/Tripping on Adderall/more_applications_and_the_4th_demension.png,codex/health/go_through/health 1/Mental Health/Tripping on Adderall,codex,skipped,non-text file
codex/health/go_through/health 1/Mental Health/Tripping on Adderall/other_applications.png,codex/health/go_through/health 1/Mental Health/Tripping on Adderall,codex,skipped,non-text file
codex/health/go_through/health 1/Mental Health/Tripping on Adderall/putting_it_together_a_bit.txt,codex/health/go_through/health 1/Mental Health/Tripping on Adderall,codex,done,
codex/health/go_through/health 1/Mental Health/Tripping on Adderall/slowly_understanding.txt,codex/health/go_through/health 1/Mental Health/Tripping on Adderall,codex,done,
codex/health/go_through/health/sciatica/sciatica.md,codex/health/go_through/health/sciatica,codex,done,
codex/health/nutrition/Basic Nutrition Guide.md,codex/health/nutrition,codex,done,
codex/health/nutrition/Nutrition Plan.md,codex/health/nutrition,codex,done,
codex/health/fitness/Fitness Plan.md,codex/health/fitness,codex,done,
codex/environment/vehicles/car_project.md,codex/environment/vehicles,codex,done,
codex/environment/inventory/Inventory 343f143ba05743ba9014e93210aab37a.csv,codex/environment/inventory,codex,skipped,non-text file
codex/environment/inventory/go_through/backpack.md,codex/environment/inventory/go_through,codex,done,
codex/environment/inventory/go_through/inventory.md,codex/environment/inventory/go_through,codex,done,
codex/environment/inventory/go_through/library.md,codex/environment/inventory/go_through,codex,done,
codex/environment/inventory/physical/2 Monitors.md,codex/environment/inventory/physical,codex,done,
codex/environment/inventory/physical/2 chairs.md,codex/environment/inventory/physical,codex,done,
codex/environment/inventory/physical/3 desk lamps.md,codex/environment/inventory/physical,codex,done,
codex/environment/inventory/physical/Backpack.md,codex/environment/inventory/physical,codex,done,
codex/environment/inventory/physical/Bedroom Rug.md,codex/environment/inventory/physical,codex,done,
codex/environment/inventory/physical/Bidet.md,codex/environment/inventory/physical,codex,done,
codex/environment/inventory/physical/Blankets Pillows.md,codex/environment/inventory/physical,codex,done,
codex/environment/inventory/physical/Blow up matress.md,codex/environment/inventory/physical,codex,done,
codex/environment/inventory/physical/Books.md,codex/environment/inventory/physical,codex,done,
codex/environment/inventory/physical/Cat bags (w cats).md,codex/environment/inventory/physical,codex,done,
codex/environment/inventory/physical/Cat supplies.md,codex/environment/inventory/physical,codex,done,
codex/environment/inventory/physical/Cat tree (take apart).md,codex/environment/inventory/physical,codex,done,
codex/environment/inventory/physical/Catstronaut Painting.md,codex/environment/inventory/physical,codex,done,
codex/environment/inventory/physical/Chinese New Year Decoration.md,codex/environment/inventory/physical,codex,done,
codex/environment/inventory/physical/Christmas Lights.md,codex/environment/inventory/physical,codex,done,
codex/environment/inventory/physical/Christmas Tree.md,codex/environment/inventory/physical,codex,done,
codex/environment/inventory/physical/Cleaning Supplies.md,codex/environment/inventory/physical,codex,done,
codex/environment/inventory/physical/Coat Rack.md,codex/environment/inventory/physical,codex,done,
codex/environment/inventory/physical/Coats.md,codex/environment/inventory/physical,codex,done,
codex/environment/inventory/physical/Coffee table.md,codex/environment/inventory/physical,codex,done,
codex/environment/inventory/physical/Computer Camera.md,codex/environment/inventory/physical,codex,done,
codex/environment/inventory/physical/Cords and Small Electronics.md,codex/environment/inventory/physical,codex,done,
codex/environment/inventory/physical/Couch.md,codex/environment/inventory/physical,codex,done,
codex/environment/inventory/physical/Desk and Chair.md,codex/environment/inventory/physical,codex,done,
codex/environment/inventory/physical/Display Shelf.md,codex/environment/inventory/physical,codex,done,
"codex/environment/inventory/physical/Do or do not, yoda art.md",codex/environment/inventory/physical,codex,done,
codex/environment/inventory/physical/Dresser Bin.md,codex/environment/inventory/physical,codex,done,
codex/environment/inventory/physical/Drum Sticks.md,codex/environment/inventory/physical,codex,done,
codex/environment/inventory/physical/Einstein Art.md,codex/environment/inventory/physical,codex,done,
codex/environment/inventory/physical/End Table 1.md,codex/environment/inventory/physical,codex,done,
codex/environment/inventory/physical/End Table 2.md,codex/environment/inventory/physical,codex,done,
codex/environment/inventory/physical/Framed Astronaut Picture.md,codex/environment/inventory/physical,codex,done,
codex/environment/inventory/physical/Girl smoking poster.md,codex/environment/inventory/physical,codex,done,
codex/environment/inventory/physical/Google Home 1.md,codex/environment/inventory/physical,codex,done,
codex/environment/inventory/physical/Google Home 2.md,codex/environment/inventory/physical,codex,done,
codex/environment/inventory/physical/Gorilla Painting.md,codex/environment/inventory/physical,codex,done,
codex/environment/inventory/physical/Hammock.md,codex/environment/inventory/physical,codex,done,
codex/environment/inventory/physical/Hats.md,codex/environment/inventory/physical,codex,done,
codex/environment/inventory/physical/Indian Painting.md,codex/environment/inventory/physical,codex,done,
codex/environment/inventory/physical/Keyboard.md,codex/environment/inventory/physical,codex,done,
codex/environment/inventory/physical/Kids Toys.md,codex/environment/inventory/physical,codex,done,
codex/environment/inventory/physical/Kindle.md,codex/environment/inventory/physical,codex,done,
codex/environment/inventory/physical/Kitchen supplies.md,codex/environment/inventory/physical,codex,done,
codex/environment/inventory/physical/Kung Fu Bag.md,codex/environment/inventory/physical,codex,done,
codex/environment/inventory/physical/Kung Fu Drum.md,codex/environment/inventory/physical,codex,done,
codex/environment/inventory/physical/Kung Fu equipment.md,codex/environment/inventory/physical,codex,done,
codex/environment/inventory/physical/Laptop Charger.md,codex/environment/inventory/physical,codex,done,
codex/environment/inventory/physical/Laptop Dock.md,codex/environment/inventory/physical,codex,done,
codex/environment/inventory/physical/Laptop.md,codex/environment/inventory/physical,codex,done,
codex/environment/inventory/physical/Light Tree.md,codex/environment/inventory/physical,codex,done,
codex/environment/inventory/physical/Lion painting.md,codex/environment/inventory/physical,codex,done,
codex/environment/inventory/physical/Litter Box 1.md,codex/environment/inventory/physical,codex,done,
codex/environment/inventory/physical/Litter Box 2.md,codex/environment/inventory/physical,codex,done,
codex/environment/inventory/physical/Living Room Lamp.md,codex/environment/inventory/physical,codex,done,
codex/environment/inventory/physical/Meds.md,codex/environment/inventory/physical,codex,done,
codex/environment/inventory/physical/Mic.md,codex/environment/inventory/physical,codex,done,
codex/environment/inventory/physical/Mini out of time painting.md,codex/environment/inventory/physical,codex,done,
codex/environment/inventory/physical/Monk painting.md,codex/environment/inventory/physical,codex,done,
codex/environment/inventory/physical/Mouse Pad.md,codex/environment/inventory/physical,codex,done,
codex/environment/inventory/physical/Mouse.md,codex/environment/inventory/physical,codex,done,
codex/environment/inventory/physical/Nicorette.md,codex/environment/inventory/physical,codex,done,
codex/environment/inventory/physical/Nvidia Shield TV.md,codex/environment/inventory/physical,codex,done,
codex/environment/inventory/physical/Old clothes.md,codex/environment/inventory/physical,codex,done,
codex/environment/inventory/physical/Old laptops.md,codex/environment/inventory/physical,codex,done,
codex/environment/inventory/physical/Pan Juns Books.md,codex/environment/inventory/physical,codex,done,
codex/environment/inventory/physical/Pants.md,codex/environment/inventory/physical,codex,done,
codex/environment/inventory/physical/Projector screen.md,codex/environment/inventory/physical,codex,done,
codex/environment/inventory/physical/Projector.md,codex/environment/inventory/physical,codex,done,
codex/environment/inventory/physical/Pursuit of happiness sign.md,codex/environment/inventory/physical,codex,done,
codex/environment/inventory/physical/Sanda Bag.md,codex/environment/inventory/physical,codex,done,
codex/environment/inventory/physical/Scale.md,codex/environment/inventory/physical,codex,done,
codex/environment/inventory/physical/Sentimental Box 1.md,codex/environment/inventory/physical,codex,done,
codex/environment/inventory/physical/Sentimental Box 2.md,codex/environment/inventory/physical,codex,done,
codex/environment/inventory/physical/Server.md,codex/environment/inventory/physical,codex,done,
codex/environment/inventory/physical/Shirts.md,codex/environment/inventory/physical,codex,done,
codex/environment/inventory/physical/Shoes.md,codex/environment/inventory/physical,codex,done,
codex/environment/inventory/physical/Shower Curtain.md,codex/environment/inventory/physical,codex,done,
codex/environment/inventory/physical/Smoking Supplies.md,codex/environment/inventory/physical,codex,done,
codex/environment/inventory/physical/Some Kitchen Supplies.md,codex/environment/inventory/physical,codex,done,
codex/environment/inventory/physical/Speaker System.md,codex/environment/inventory/physical,codex,done,
codex/environment/inventory/physical/Speaker.md,codex/environment/inventory/physical,codex,done,
codex/environment/inventory/physical/Sports equipment and games.md,codex/environment/inventory/physical,codex,done,
codex/environment/inventory/physical/Staff.md,codex/environment/inventory/physical,codex,done,
codex/environment/inventory/physical/TV stand.md,codex/environment/inventory/physical,codex,done,
codex/environment/inventory/physical/Table and chairs.md,codex/environment/inventory/physical,codex,done,
codex/environment/inventory/physical/Tapestries.md,codex/environment/inventory/physical,codex,done,
codex/environment/inventory/physical/Tiger Painting.md,codex/environment/inventory/physical,codex,done,
codex/environment/inventory/physical/Toiletries.md,codex/environment/inventory/physical,codex,done,
codex/environment/inventory/physical/Tool Box.md,codex/environment/inventory/physical,codex,done,
codex/environment/inventory/physical/Tools.md,codex/environment/inventory/physical,codex,done,
codex/environment/inventory/physical/Towels.md,codex/environment/inventory/physical,codex,done,
codex/environment/inventory/physical/Trash Painting.md,codex/environment/inventory/physical,codex,done,
codex/environment/inventory/physical/Trash can.md,codex/environment/inventory/physical,codex,done,
codex/environment/inventory/physical/Trophy.md,codex/environment/inventory/physical,codex,done,
codex/environment/inventory/physical/Twin Dragons Rug.md,codex/environment/inventory/physical,codex,done,
codex/environment/inventory/physical/Undergarments.md,codex/environment/inventory/physical,codex,done,
codex/environment/inventory/physical/Water cooler.md,codex/environment/inventory/physical,codex,done,
codex/environment/inventory/physical/Winter supplies.md,codex/environment/inventory/physical,codex,done,
codex/environment/inventory/physical/Work supplies.md,codex/environment/inventory/physical,codex,done,
codex/environment/inventory/physical/Yin Yang painting.md,codex/environment/inventory/physical,codex,done,
codex/environment/inventory/physical/Yoga Mat.md,codex/environment/inventory/physical,codex,done,
codex/environment/inventory/library/Book sites.md,codex/environment/inventory/library,codex,done,
codex/environment/inventory/library/Books.md,codex/environment/inventory/library,codex,done,
codex/environment/inventory/library/Good Story.md,codex/environment/inventory/library,codex,done,
codex/environment/inventory/library/Movies.md,codex/environment/inventory/library,codex,done,
codex/environment/inventory/library/TV Shows.md,codex/environment/inventory/library,codex,done,
codex/environment/inventory/library/Writing prompt with Alex (from ratchat).md,codex/environment/inventory/library,codex,done,
codex/environment/inventory/library/Movies/Owned Movies a223dcddc1454baa84fe55d6c42c47b2.csv,codex/environment/inventory/library/Movies,codex,skipped,non-text file
codex/environment/inventory/library/Movies/Owned Movies/10 Cloverfield Lane.md,codex/environment/inventory/library/Movies/Owned Movies,codex,done,
codex/environment/inventory/library/Movies/Owned Movies/2001 A Space Odyssey.md,codex/environment/inventory/library/Movies/Owned Movies,codex,done,
codex/environment/inventory/library/Movies/Owned Movies/2010.md,codex/environment/inventory/library/Movies/Owned Movies,codex,done,
codex/environment/inventory/library/Movies/Owned Movies/21 Jump Street.md,codex/environment/inventory/library/Movies/Owned Movies,codex,done,
codex/environment/inventory/library/Movies/Owned Movies/21.md,codex/environment/inventory/library/Movies/Owned Movies,codex,done,
codex/environment/inventory/library/Movies/Owned Movies/300.md,codex/environment/inventory/library/Movies/Owned Movies,codex,done,
codex/environment/inventory/library/Movies/Owned Movies/7 Days in Hell.md,codex/environment/inventory/library/Movies/Owned Movies,codex,done,
codex/environment/inventory/library/Movies/Owned Movies/A Christmas Carol.md,codex/environment/inventory/library/Movies/Owned Movies,codex,done,
codex/environment/inventory/library/Movies/Owned Movies/A Christmas Story.md,codex/environment/inventory/library/Movies/Owned Movies,codex,done,
codex/environment/inventory/library/Movies/Owned Movies/A Scanner Darkly.md,codex/environment/inventory/library/Movies/Owned Movies,codex,done,
codex/environment/inventory/library/Movies/Owned Movies/About Time.md,codex/environment/inventory/library/Movies/Owned Movies,codex,done,
codex/environment/inventory/library/Movies/Owned Movies/After the Dark.md,codex/environment/inventory/library/Movies/Owned Movies,codex,done,
codex/environment/inventory/library/Movies/Owned Movies/Alita Battle Angel.md,codex/environment/inventory/library/Movies/Owned Movies,codex,done,
codex/environment/inventory/library/Movies/Owned Movies/Ant-Man.md,codex/environment/inventory/library/Movies/Owned Movies,codex,done,
codex/environment/inventory/library/Movies/Owned Movies/Approaching the Unknown.md,codex/environment/inventory/library/Movies/Owned Movies,codex,done,
codex/environment/inventory/library/Movies/Owned Movies/Avatar.md,codex/environment/inventory/library/Movies/Owned Movies,codex,done,
codex/environment/inventory/library/Movies/Owned Movies/Avengers Endgame.md,codex/environment/inventory/library/Movies/Owned Movies,codex,done,
codex/environment/inventory/library/Movies/Owned Movies/Babylon A D.md,codex/environment/inventory/library/Movies/Owned Movies,codex,done,
codex/environment/inventory/library/Movies/Owned Movies/Back to the Future Part II.md,codex/environment/inventory/library/Movies/Owned Movies,codex,done,
codex/environment/inventory/library/Movies/Owned Movies/Bad Times at the El Royale.md,codex/environment/inventory/library/Movies/Owned Movies,codex,done,
codex/environment/inventory/library/Movies/Owned Movies/Battle Royale.md,codex/environment/inventory/library/Movies/Owned Movies,codex,done,
codex/environment/inventory/library/Movies/Owned Movies/Beerfest.md,codex/environment/inventory/library/Movies/Owned Movies,codex,done,
codex/environment/inventory/library/Movies/Owned Movies/Behaving Badly.md,codex/environment/inventory/library/Movies/Owned Movies,codex,done,
codex/environment/inventory/library/Movies/Owned Movies/BlacKkKlansman.md,codex/environment/inventory/library/Movies/Owned Movies,codex,done,
codex/environment/inventory/library/Movies/Owned Movies/Boyhood.md,codex/environment/inventory/library/Movies/Owned Movies,codex,done,
codex/environment/inventory/library/Movies/Owned Movies/Brightburn.md,codex/environment/inventory/library/Movies/Owned Movies,codex,done,
codex/environment/inventory/library/Movies/Owned Movies/Captain America The Winter Soldier.md,codex/environment/inventory/library/Movies/Owned Movies,codex,done,
codex/environment/inventory/library/Movies/Owned Movies/Captain Marvel.md,codex/environment/inventory/library/Movies/Owned Movies,codex,done,
codex/environment/inventory/library/Movies/Owned Movies/Carnage.md,codex/environment/inventory/library/Movies/Owned Movies,codex,done,
codex/environment/inventory/library/Movies/Owned Movies/Catch Me If You Can.md,codex/environment/inventory/library/Movies/Owned Movies,codex,done,
codex/environment/inventory/library/Movies/Owned Movies/Chef.md,codex/environment/inventory/library/Movies/Owned Movies,codex,done,
codex/environment/inventory/library/Movies/Owned Movies/Clerks.md,codex/environment/inventory/library/Movies/Owned Movies,codex,done,
codex/environment/inventory/library/Movies/Owned Movies/Cloud Atlas.md,codex/environment/inventory/library/Movies/Owned Movies,codex,done,
codex/environment/inventory/library/Movies/Owned Movies/Coherence.md,codex/environment/inventory/library/Movies/Owned Movies,codex,done,
codex/environment/inventory/library/Movies/Owned Movies/Contact.md,codex/environment/inventory/library/Movies/Owned Movies,codex,done,
"codex/environment/inventory/library/Movies/Owned Movies/Crazy, Stupid, Love.md",codex/environment/inventory/library/Movies/Owned Movies,codex,done,
codex/environment/inventory/library/Movies/Owned Movies/Criminal.md,codex/environment/inventory/library/Movies/Owned Movies,codex,done,
codex/environment/inventory/library/Movies/Owned Movies/Die Hard.md,codex/environment/inventory/library/Movies/Owned Movies,codex,done,
codex/environment/inventory/library/Movies/Owned Movies/Django Unchained.md,codex/environment/inventory/library/Movies/Owned Movies,codex,done,
codex/environment/inventory/library/Movies/Owned Movies/Do You Trust this Computer.md,codex/environment/inventory/library/Movies/Owned Movies,codex,done,
codex/environment/inventory/library/Movies/Owned Movies/Don Jon.md,codex/environment/inventory/library/Movies/Owned Movies,codex,done,
codex/environment/inventory/library/Movies/Owned Movies/Donnie Darko.md,codex/environment/inventory/library/Movies/Owned Movies,codex,done,
codex/environment/inventory/library/Movies/Owned Movies/Dont Breathe.md,codex/environment/inventory/library/Movies/Owned Movies,codex,done,
codex/environment/inventory/library/Movies/Owned Movies/Due Date.md,codex/environment/inventory/library/Movies/Owned Movies,codex,done,
codex/environment/inventory/library/Movies/Owned Movies/Duplex.md,codex/environment/inventory/library/Movies/Owned Movies,codex,done,
codex/environment/inventory/library/Movies/Owned Movies/Edge of Tomorrow.md,codex/environment/inventory/library/Movies/Owned Movies,codex,done,
codex/environment/inventory/library/Movies/Owned Movies/Eighth Grade.md,codex/environment/inventory/library/Movies/Owned Movies,codex,done,
codex/environment/inventory/library/Movies/Owned Movies/Elf.md,codex/environment/inventory/library/Movies/Owned Movies,codex,done,
codex/environment/inventory/library/Movies/Owned Movies/End of Watch.md,codex/environment/inventory/library/Movies/Owned Movies,codex,done,
codex/environment/inventory/library/Movies/Owned Movies/Enders Game.md,codex/environment/inventory/library/Movies/Owned Movies,codex,done,
codex/environment/inventory/library/Movies/Owned Movies/Everything is Illuminated.md,codex/environment/inventory/library/Movies/Owned Movies,codex,done,
codex/environment/inventory/library/Movies/Owned Movies/Ex Machina.md,codex/environment/inventory/library/Movies/Owned Movies,codex,done,
codex/environment/inventory/library/Movies/Owned Movies/Fargo.md,codex/environment/inventory/library/Movies/Owned Movies,codex,done,
codex/environment/inventory/library/Movies/Owned Movies/Fight Club.md,codex/environment/inventory/library/Movies/Owned Movies,codex,done,
codex/environment/inventory/library/Movies/Owned Movies/Fist of Fury.md,codex/environment/inventory/library/Movies/Owned Movies,codex,done,
codex/environment/inventory/library/Movies/Owned Movies/Game of Death.md,codex/environment/inventory/library/Movies/Owned Movies,codex,done,
codex/environment/inventory/library/Movies/Owned Movies/Gothika.md,codex/environment/inventory/library/Movies/Owned Movies,codex,done,
codex/environment/inventory/library/Movies/Owned Movies/Grandmas Boy.md,codex/environment/inventory/library/Movies/Owned Movies,codex,done,
codex/environment/inventory/library/Movies/Owned Movies/Grave of the Fireflies.md,codex/environment/inventory/library/Movies/Owned Movies,codex,done,
codex/environment/inventory/library/Movies/Owned Movies/Hackers.md,codex/environment/inventory/library/Movies/Owned Movies,codex,done,
codex/environment/inventory/library/Movies/Owned Movies/Half Baked.md,codex/environment/inventory/library/Movies/Owned Movies,codex,done,
codex/environment/inventory/library/Movies/Owned Movies/Hamburger Hill.md,codex/environment/inventory/library/Movies/Owned Movies,codex,done,
codex/environment/inventory/library/Movies/Owned Movies/Harold & Kumar Go to White Castle.md,codex/environment/inventory/library/Movies/Owned Movies,codex,done,
codex/environment/inventory/library/Movies/Owned Movies/Her.md,codex/environment/inventory/library/Movies/Owned Movies,codex,done,
codex/environment/inventory/library/Movies/Owned Movies/Home Alone 2 Lost in New York.md,codex/environment/inventory/library/Movies/Owned Movies,codex,done,
codex/environment/inventory/library/Movies/Owned Movies/Home Alone.md,codex/environment/inventory/library/Movies/Owned Movies,codex,done,
codex/environment/inventory/library/Movies/Owned Movies/Hot Shots!.md,codex/environment/inventory/library/Movies/Owned Movies,codex,done,
codex/environment/inventory/library/Movies/Owned Movies/Housebound.md,codex/environment/inventory/library/Movies/Owned Movies,codex,done,
codex/environment/inventory/library/Movies/Owned Movies/How to Train Your Dragon.md,codex/environment/inventory/library/Movies/Owned Movies,codex,done,
"codex/environment/inventory/library/Movies/Owned Movies/I Love You, Man.md",codex/environment/inventory/library/Movies/Owned Movies,codex,done,
codex/environment/inventory/library/Movies/Owned Movies/I Origins.md,codex/environment/inventory/library/Movies/Owned Movies,codex,done,
codex/environment/inventory/library/Movies/Owned Movies/Idiocracy.md,codex/environment/inventory/library/Movies/Owned Movies,codex,done,
codex/environment/inventory/library/Movies/Owned Movies/In the Blood.md,codex/environment/inventory/library/Movies/Owned Movies,codex,done,
codex/environment/inventory/library/Movies/Owned Movies/Inception.md,codex/environment/inventory/library/Movies/Owned Movies,codex,done,
codex/environment/inventory/library/Movies/Owned Movies/Infernal Affairs.md,codex/environment/inventory/library/Movies/Owned Movies,codex,done,
codex/environment/inventory/library/Movies/Owned Movies/Inglourious Basterds.md,codex/environment/inventory/library/Movies/Owned Movies,codex,done,
codex/environment/inventory/library/Movies/Owned Movies/Interstellar 2014 1080p BluRay H264 AAC-RARBG.md,codex/environment/inventory/library/Movies/Owned Movies,codex,done,
codex/environment/inventory/library/Movies/Owned Movies/Iron Man 2.md,codex/environment/inventory/library/Movies/Owned Movies,codex,done,
codex/environment/inventory/library/Movies/Owned Movies/Iron Man 3.md,codex/environment/inventory/library/Movies/Owned Movies,codex,done,
codex/environment/inventory/library/Movies/Owned Movies/Iron Man.md,codex/environment/inventory/library/Movies/Owned Movies,codex,done,
codex/environment/inventory/library/Movies/Owned Movies/JFK.md,codex/environment/inventory/library/Movies/Owned Movies,codex,done,
codex/environment/inventory/library/Movies/Owned Movies/Jerry Maguire.md,codex/environment/inventory/library/Movies/Owned Movies,codex,done,
codex/environment/inventory/library/Movies/Owned Movies/Jobs.md,codex/environment/inventory/library/Movies/Owned Movies,codex,done,
codex/environment/inventory/library/Movies/Owned Movies/John Wick Chapter 2.md,codex/environment/inventory/library/Movies/Owned Movies,codex,done,
codex/environment/inventory/library/Movies/Owned Movies/John Wick Chapter 3 – Parabellum.md,codex/environment/inventory/library/Movies/Owned Movies,codex,done,
codex/environment/inventory/library/Movies/Owned Movies/John Wick.md,codex/environment/inventory/library/Movies/Owned Movies,codex,done,
codex/environment/inventory/library/Movies/Owned Movies/Journey to the West Conquering the Demons.md,codex/environment/inventory/library/Movies/Owned Movies,codex,done,
codex/environment/inventory/library/Movies/Owned Movies/Keep Watching.md,codex/environment/inventory/library/Movies/Owned Movies,codex,done,
codex/environment/inventory/library/Movies/Owned Movies/Kiss Kiss Bang Bang.md,codex/environment/inventory/library/Movies/Owned Movies,codex,done,
codex/environment/inventory/library/Movies/Owned Movies/Knocked Up.md,codex/environment/inventory/library/Movies/Owned Movies,codex,done,
codex/environment/inventory/library/Movies/Owned Movies/Kung Fu Hustle.md,codex/environment/inventory/library/Movies/Owned Movies,codex,done,
codex/environment/inventory/library/Movies/Owned Movies/Kung Fu Panda.md,codex/environment/inventory/library/Movies/Owned Movies,codex,done,
codex/environment/inventory/library/Movies/Owned Movies/Kung Pow Enter the Fist.md,codex/environment/inventory/library/Movies/Owned Movies,codex,done,
codex/environment/inventory/library/Movies/Owned Movies/Long Shot.md,codex/environment/inventory/library/Movies/Owned Movies,codex,done,
codex/environment/inventory/library/Movies/Owned Movies/Love & Other Drugs.md,codex/environment/inventory/library/Movies/Owned Movies,codex,done,
codex/environment/inventory/library/Movies/Owned Movies/Loving Pablo.md,codex/environment/inventory/library/Movies/Owned Movies,codex,done,
codex/environment/inventory/library/Movies/Owned Movies/Mad Max Fury Road.md,codex/environment/inventory/library/Movies/Owned Movies,codex,done,
codex/environment/inventory/library/Movies/Owned Movies/Man of Tai Chi.md,codex/environment/inventory/library/Movies/Owned Movies,codex,done,
codex/environment/inventory/library/Movies/Owned Movies/Man on a Ledge.md,codex/environment/inventory/library/Movies/Owned Movies,codex,done,
codex/environment/inventory/library/Movies/Owned Movies/Mid90s.md,codex/environment/inventory/library/Movies/Owned Movies,codex,done,
codex/environment/inventory/library/Movies/Owned Movies/Mission Impossible - Rogue Nation.md,codex/environment/inventory/library/Movies/Owned Movies,codex,done,
codex/environment/inventory/library/Movies/Owned Movies/Mission Impossible II.md,codex/environment/inventory/library/Movies/Owned Movies,codex,done,
codex/environment/inventory/library/Movies/Owned Movies/Mission Impossible III.md,codex/environment/inventory/library/Movies/Owned Movies,codex,done,
codex/environment/inventory/library/Movies/Owned Movies/Monga.md,codex/environment/inventory/library/Movies/Owned Movies,codex,done,
codex/environment/inventory/library/Movies/Owned Movies/Monty Python and the Holy Grail.md,codex/environment/inventory/library/Movies/Owned Movies,codex,done,
codex/environment/inventory/library/Movies/Owned Movies/Mystery Team.md,codex/environment/inventory/library/Movies/Owned Movies,codex,done,
codex/environment/inventory/library/Movies/Owned Movies/National Lampoons Christmas Vacation.md,codex/environment/inventory/library/Movies/Owned Movies,codex,done,
codex/environment/inventory/library/Movies/Owned Movies/Natural Born Killers.md,codex/environment/inventory/library/Movies/Owned Movies,codex,done,
codex/environment/inventory/library/Movies/Owned Movies/Never Back Down.md,codex/environment/inventory/library/Movies/Owned Movies,codex,done,
codex/environment/inventory/library/Movies/Owned Movies/November Criminals.md,codex/environment/inventory/library/Movies/Owned Movies,codex,done,
codex/environment/inventory/library/Movies/Owned Movies/Only You.md,codex/environment/inventory/library/Movies/Owned Movies,codex,done,
codex/environment/inventory/library/Movies/Owned Movies/Pacific Rim.md,codex/environment/inventory/library/Movies/Owned Movies,codex,done,
codex/environment/inventory/library/Movies/Owned Movies/Pandorum.md,codex/environment/inventory/library/Movies/Owned Movies,codex,done,
codex/environment/inventory/library/Movies/Owned Movies/Pirates of Silicon Valley.md,codex/environment/inventory/library/Movies/Owned Movies,codex,done,
codex/environment/inventory/library/Movies/Owned Movies/Primer.md,codex/environment/inventory/library/Movies/Owned Movies,codex,done,
codex/environment/inventory/library/Movies/Owned Movies/Princess Mononoke.md,codex/environment/inventory/library/Movies/Owned Movies,codex,done,
codex/environment/inventory/library/Movies/Owned Movies/Project Almanac.md,codex/environment/inventory/library/Movies/Owned Movies,codex,done,
codex/environment/inventory/library/Movies/Owned Movies/Psycho.md,codex/environment/inventory/library/Movies/Owned Movies,codex,done,
codex/environment/inventory/library/Movies/Owned Movies/Public Enemies.md,codex/environment/inventory/library/Movies/Owned Movies,codex,done,
codex/environment/inventory/library/Movies/Owned Movies/Puddle Cruiser.md,codex/environment/inventory/library/Movies/Owned Movies,codex,done,
codex/environment/inventory/library/Movies/Owned Movies/Pulp Fiction.md,codex/environment/inventory/library/Movies/Owned Movies,codex,done,
codex/environment/inventory/library/Movies/Owned Movies/Return of the Jedi.md,codex/environment/inventory/library/Movies/Owned Movies,codex,done,
codex/environment/inventory/library/Movies/Owned Movies/Sausage Party.md,codex/environment/inventory/library/Movies/Owned Movies,codex,done,
codex/environment/inventory/library/Movies/Owned Movies/Scooby-Doo 2 Monsters Unleashed.md,codex/environment/inventory/library/Movies/Owned Movies,codex,done,
codex/environment/inventory/library/Movies/Owned Movies/Scooby-Doo.md,codex/environment/inventory/library/Movies/Owned Movies,codex,done,
codex/environment/inventory/library/Movies/Owned Movies/Scott Pilgrim vs the World.md,codex/environment/inventory/library/Movies/Owned Movies,codex,done,
codex/environment/inventory/library/Movies/Owned Movies/Serenity.md,codex/environment/inventory/library/Movies/Owned Movies,codex,done,
codex/environment/inventory/library/Movies/Owned Movies/Shaun of the Dead.md,codex/environment/inventory/library/Movies/Owned Movies,codex,done,
codex/environment/inventory/library/Movies/Owned Movies/Sherlock Holmes A Game of Shadows.md,codex/environment/inventory/library/Movies/Owned Movies,codex,done,
codex/environment/inventory/library/Movies/Owned Movies/Shutter Island.md,codex/environment/inventory/library/Movies/Owned Movies,codex,done,
codex/environment/inventory/library/Movies/Owned Movies/Silver Linings Playbook.md,codex/environment/inventory/library/Movies/Owned Movies,codex,done,
codex/environment/inventory/library/Movies/Owned Movies/Slumdog Millionaire.md,codex/environment/inventory/library/Movies/Owned Movies,codex,done,
codex/environment/inventory/library/Movies/Owned Movies/Something Borrowed.md,codex/environment/inventory/library/Movies/Owned Movies,codex,done,
codex/environment/inventory/library/Movies/Owned Movies/Source Code.md,codex/environment/inventory/library/Movies/Owned Movies,codex,done,
codex/environment/inventory/library/Movies/Owned Movies/Space Cowboys.md,codex/environment/inventory/library/Movies/Owned Movies,codex,done,
codex/environment/inventory/library/Movies/Owned Movies/Space Station 76.md,codex/environment/inventory/library/Movies/Owned Movies,codex,done,
codex/environment/inventory/library/Movies/Owned Movies/Spaceballs.md,codex/environment/inventory/library/Movies/Owned Movies,codex,done,
codex/environment/inventory/library/Movies/Owned Movies/Sphere.md,codex/environment/inventory/library/Movies/Owned Movies,codex,done,
codex/environment/inventory/library/Movies/Owned Movies/Spirited Away.md,codex/environment/inventory/library/Movies/Owned Movies,codex,done,
codex/environment/inventory/library/Movies/Owned Movies/Split.md,codex/environment/inventory/library/Movies/Owned Movies,codex,done,
codex/environment/inventory/library/Movies/Owned Movies/Star Trek Into Darkness.md,codex/environment/inventory/library/Movies/Owned Movies,codex,done,
codex/environment/inventory/library/Movies/Owned Movies/Star Trek.md,codex/environment/inventory/library/Movies/Owned Movies,codex,done,
codex/environment/inventory/library/Movies/Owned Movies/Star Wars Episode II - Attack of the Clones.md,codex/environment/inventory/library/Movies/Owned Movies,codex,done,
codex/environment/inventory/library/Movies/Owned Movies/Star Wars Episode III - Revenge of the Sith.md,codex/environment/inventory/library/Movies/Owned Movies,codex,done,
codex/environment/inventory/library/Movies/Owned Movies/Star Wars The Last Jedi.md,codex/environment/inventory/library/Movies/Owned Movies,codex,done,
codex/environment/inventory/library/Movies/Owned Movies/Star Wars.md,codex/environment/inventory/library/Movies/Owned Movies,codex,done,
codex/environment/inventory/library/Movies/Owned Movies/Step Brothers.md,codex/environment/inventory/library/Movies/Owned Movies,codex,done,
codex/environment/inventory/library/Movies/Owned Movies/Stranger Than Fiction.md,codex/environment/inventory/library/Movies/Owned Movies,codex,done,
codex/environment/inventory/library/Movies/Owned Movies/Sunshine.md,codex/environment/inventory/library/Movies/Owned Movies,codex,done,
codex/environment/inventory/library/Movies/Owned Movies/Super 8.md,codex/environment/inventory/library/Movies/Owned Movies,codex,done,
codex/environment/inventory/library/Movies/Owned Movies/Super Troopers.md,codex/environment/inventory/library/Movies/Owned Movies,codex,done,
codex/environment/inventory/library/Movies/Owned Movies/Superbad.md,codex/environment/inventory/library/Movies/Owned Movies,codex,done,
codex/environment/inventory/library/Movies/Owned Movies/THX 1138.md,codex/environment/inventory/library/Movies/Owned Movies,codex,done,
codex/environment/inventory/library/Movies/Owned Movies/Team America World Police.md,codex/environment/inventory/library/Movies/Owned Movies,codex,done,
codex/environment/inventory/library/Movies/Owned Movies/Terminator Genisys.md,codex/environment/inventory/library/Movies/Owned Movies,codex,done,
codex/environment/inventory/library/Movies/Owned Movies/The 40 Year Old Virgin.md,codex/environment/inventory/library/Movies/Owned Movies,codex,done,
codex/environment/inventory/library/Movies/Owned Movies/The Adjustment Bureau.md,codex/environment/inventory/library/Movies/Owned Movies,codex,done,
codex/environment/inventory/library/Movies/Owned Movies/The Avengers.md,codex/environment/inventory/library/Movies/Owned Movies,codex,done,
codex/environment/inventory/library/Movies/Owned Movies/The Big Lebowski.md,codex/environment/inventory/library/Movies/Owned Movies,codex,done,
codex/environment/inventory/library/Movies/Owned Movies/The Blues Brothers.md,codex/environment/inventory/library/Movies/Owned Movies,codex,done,
codex/environment/inventory/library/Movies/Owned Movies/The Boondock Saints II All Saints Day.md,codex/environment/inventory/library/Movies/Owned Movies,codex,done,
codex/environment/inventory/library/Movies/Owned Movies/The Boondock Saints.md,codex/environment/inventory/library/Movies/Owned Movies,codex,done,
codex/environment/inventory/library/Movies/Owned Movies/The Butterfly Effect.md,codex/environment/inventory/library/Movies/Owned Movies,codex,done,
codex/environment/inventory/library/Movies/Owned Movies/The Dark Knight Rises.md,codex/environment/inventory/library/Movies/Owned Movies,codex,done,
codex/environment/inventory/library/Movies/Owned Movies/The Departed.md,codex/environment/inventory/library/Movies/Owned Movies,codex,done,
codex/environment/inventory/library/Movies/Owned Movies/The Empire Strikes Back.md,codex/environment/inventory/library/Movies/Owned Movies,codex,done,
codex/environment/inventory/library/Movies/Owned Movies/The Fighter.md,codex/environment/inventory/library/Movies/Owned Movies,codex,done,
codex/environment/inventory/library/Movies/Owned Movies/The Foreigner.md,codex/environment/inventory/library/Movies/Owned Movies,codex,done,
codex/environment/inventory/library/Movies/Owned Movies/The Grand Budapest Hotel.md,codex/environment/inventory/library/Movies/Owned Movies,codex,done,
codex/environment/inventory/library/Movies/Owned Movies/The Great Gatsby.md,codex/environment/inventory/library/Movies/Owned Movies,codex,done,
codex/environment/inventory/library/Movies/Owned Movies/The Hate U Give.md,codex/environment/inventory/library/Movies/Owned Movies,codex,done,
codex/environment/inventory/library/Movies/Owned Movies/The Hitchhikers Guide to the Galaxy.md,codex/environment/inventory/library/Movies/Owned Movies,codex,done,
codex/environment/inventory/library/Movies/Owned Movies/The Hobbit An Unexpected Journey.md,codex/environment/inventory/library/Movies/Owned Movies,codex,done,
codex/environment/inventory/library/Movies/Owned Movies/The Hobbit The Desolation of Smaug.md,codex/environment/inventory/library/Movies/Owned Movies,codex,done,
codex/environment/inventory/library/Movies/Owned Movies/The Human Centipede (First Sequence).md,codex/environment/inventory/library/Movies/Owned Movies,codex,done,
codex/environment/inventory/library/Movies/Owned Movies/The Hunger Games Catching Fire.md,codex/environment/inventory/library/Movies/Owned Movies,codex,done,
codex/environment/inventory/library/Movies/Owned Movies/The Hunger Games.md,codex/environment/inventory/library/Movies/Owned Movies,codex,done,
codex/environment/inventory/library/Movies/Owned Movies/The Illusionist.md,codex/environment/inventory/library/Movies/Owned Movies,codex,done,
codex/environment/inventory/library/Movies/Owned Movies/The Impossible.md,codex/environment/inventory/library/Movies/Owned Movies,codex,done,
codex/environment/inventory/library/Movies/Owned Movies/The Internship.md,codex/environment/inventory/library/Movies/Owned Movies,codex,done,
codex/environment/inventory/library/Movies/Owned Movies/The Interview.md,codex/environment/inventory/library/Movies/Owned Movies,codex,done,
codex/environment/inventory/library/Movies/Owned Movies/The Invention of Lying.md,codex/environment/inventory/library/Movies/Owned Movies,codex,done,
codex/environment/inventory/library/Movies/Owned Movies/The Island.md,codex/environment/inventory/library/Movies/Owned Movies,codex,done,
codex/environment/inventory/library/Movies/Owned Movies/The Judge.md,codex/environment/inventory/library/Movies/Owned Movies,codex,done,
codex/environment/inventory/library/Movies/Owned Movies/The Last Dragon.md,codex/environment/inventory/library/Movies/Owned Movies,codex,done,
codex/environment/inventory/library/Movies/Owned Movies/The Lego Batman Movie.md,codex/environment/inventory/library/Movies/Owned Movies,codex,done,
codex/environment/inventory/library/Movies/Owned Movies/The Lego Movie.md,codex/environment/inventory/library/Movies/Owned Movies,codex,done,
codex/environment/inventory/library/Movies/Owned Movies/The Lord of the Rings The Fellowship of the Ring.md,codex/environment/inventory/library/Movies/Owned Movies,codex,done,
codex/environment/inventory/library/Movies/Owned Movies/The Lord of the Rings The Return of the King.md,codex/environment/inventory/library/Movies/Owned Movies,codex,done,
codex/environment/inventory/library/Movies/Owned Movies/The Lord of the Rings The Two Towers.md,codex/environment/inventory/library/Movies/Owned Movies,codex,done,
codex/environment/inventory/library/Movies/Owned Movies/The Man from Earth.md,codex/environment/inventory/library/Movies/Owned Movies,codex,done,
codex/environment/inventory/library/Movies/Owned Movies/The Man in the Iron Mask.md,codex/environment/inventory/library/Movies/Owned Movies,codex,done,
codex/environment/inventory/library/Movies/Owned Movies/The Matrix.md,codex/environment/inventory/library/Movies/Owned Movies,codex,done,
codex/environment/inventory/library/Movies/Owned Movies/The Meaning of Life.md,codex/environment/inventory/library/Movies/Owned Movies,codex,done,
codex/environment/inventory/library/Movies/Owned Movies/The Men Who Stare at Goats.md,codex/environment/inventory/library/Movies/Owned Movies,codex,done,
codex/environment/inventory/library/Movies/Owned Movies/The Mist.md,codex/environment/inventory/library/Movies/Owned Movies,codex,done,
codex/environment/inventory/library/Movies/Owned Movies/The Muppet Christmas Carol.md,codex/environment/inventory/library/Movies/Owned Movies,codex,done,
codex/environment/inventory/library/Movies/Owned Movies/The Muppet Movie.md,codex/environment/inventory/library/Movies/Owned Movies,codex,done,
codex/environment/inventory/library/Movies/Owned Movies/The New Guy.md,codex/environment/inventory/library/Movies/Owned Movies,codex,done,
codex/environment/inventory/library/Movies/Owned Movies/The Other Guys.md,codex/environment/inventory/library/Movies/Owned Movies,codex,done,
codex/environment/inventory/library/Movies/Owned Movies/The Pirates of Somalia.md,codex/environment/inventory/library/Movies/Owned Movies,codex,done,
codex/environment/inventory/library/Movies/Owned Movies/The Place Beyond the Pines.md,codex/environment/inventory/library/Movies/Owned Movies,codex,done,
codex/environment/inventory/library/Movies/Owned Movies/The Polar Express.md,codex/environment/inventory/library/Movies/Owned Movies,codex,done,
codex/environment/inventory/library/Movies/Owned Movies/The Poughkeepsie Tapes.md,codex/environment/inventory/library/Movies/Owned Movies,codex,done,
codex/environment/inventory/library/Movies/Owned Movies/The Prestige.md,codex/environment/inventory/library/Movies/Owned Movies,codex,done,
codex/environment/inventory/library/Movies/Owned Movies/The Princess Bride.md,codex/environment/inventory/library/Movies/Owned Movies,codex,done,
codex/environment/inventory/library/Movies/Owned Movies/The Purge Anarchy.md,codex/environment/inventory/library/Movies/Owned Movies,codex,done,
codex/environment/inventory/library/Movies/Owned Movies/The Purge.md,codex/environment/inventory/library/Movies/Owned Movies,codex,done,
codex/environment/inventory/library/Movies/Owned Movies/The Rocket.md,codex/environment/inventory/library/Movies/Owned Movies,codex,done,
codex/environment/inventory/library/Movies/Owned Movies/The Room.md,codex/environment/inventory/library/Movies/Owned Movies,codex,done,
codex/environment/inventory/library/Movies/Owned Movies/The Santa Clause.md,codex/environment/inventory/library/Movies/Owned Movies,codex,done,
codex/environment/inventory/library/Movies/Owned Movies/The Secret Life of Walter Mitty.md,codex/environment/inventory/library/Movies/Owned Movies,codex,done,
codex/environment/inventory/library/Movies/Owned Movies/The Signal.md,codex/environment/inventory/library/Movies/Owned Movies,codex,done,
codex/environment/inventory/library/Movies/Owned Movies/The Slammin Salmon.md,codex/environment/inventory/library/Movies/Owned Movies,codex,done,
codex/environment/inventory/library/Movies/Owned Movies/The Social Network.md,codex/environment/inventory/library/Movies/Owned Movies,codex,done,
codex/environment/inventory/library/Movies/Owned Movies/The Soloist.md,codex/environment/inventory/library/Movies/Owned Movies,codex,done,
codex/environment/inventory/library/Movies/Owned Movies/The Terminal.md,codex/environment/inventory/library/Movies/Owned Movies,codex,done,
codex/environment/inventory/library/Movies/Owned Movies/The Time Travelers Wife.md,codex/environment/inventory/library/Movies/Owned Movies,codex,done,
codex/environment/inventory/library/Movies/Owned Movies/The Upside.md,codex/environment/inventory/library/Movies/Owned Movies,codex,done,
codex/environment/inventory/library/Movies/Owned Movies/The Usual Suspects.md,codex/environment/inventory/library/Movies/Owned Movies,codex,done,
codex/environment/inventory/library/Movies/Owned Movies/The Vault.md,codex/environment/inventory/library/Movies/Owned Movies,codex,done,
codex/environment/inventory/library/Movies/Owned Movies/The Voices.md,codex/environment/inventory/library/Movies/Owned Movies,codex,done,
codex/environment/inventory/library/Movies/Owned Movies/The Wizard.md,codex/environment/inventory/library/Movies/Owned Movies,codex,done,
codex/environment/inventory/library/Movies/Owned Movies/The Wolf of Wall Street.md,codex/environment/inventory/library/Movies/Owned Movies,codex,done,
codex/environment/inventory/library/Movies/Owned Movies/The Zero Theorem.md,codex/environment/inventory/library/Movies/Owned Movies,codex,done,
codex/environment/inventory/library/Movies/Owned Movies/They Shall Not Grow Old.md,codex/environment/inventory/library/Movies/Owned Movies,codex,done,
codex/environment/inventory/library/Movies/Owned Movies/This Is the End.md,codex/environment/inventory/library/Movies/Owned Movies,codex,done,
codex/environment/inventory/library/Movies/Owned Movies/Thor.md,codex/environment/inventory/library/Movies/Owned Movies,codex,done,
codex/environment/inventory/library/Movies/Owned Movies/TiMER.md,codex/environment/inventory/library/Movies/Owned Movies,codex,done,
codex/environment/inventory/library/Movies/Owned Movies/Time Lapse.md,codex/environment/inventory/library/Movies/Owned Movies,codex,done,
codex/environment/inventory/library/Movies/Owned Movies/Toy Story 3.md,codex/environment/inventory/library/Movies/Owned Movies,codex,done,
codex/environment/inventory/library/Movies/Owned Movies/Transfer.md,codex/environment/inventory/library/Movies/Owned Movies,codex,done,
codex/environment/inventory/library/Movies/Owned Movies/Transformers Age of Extinction.md,codex/environment/inventory/library/Movies/Owned Movies,codex,done,
codex/environment/inventory/library/Movies/Owned Movies/Triangle.md,codex/environment/inventory/library/Movies/Owned Movies,codex,done,
codex/environment/inventory/library/Movies/Owned Movies/Tropic Thunder.md,codex/environment/inventory/library/Movies/Owned Movies,codex,done,
codex/environment/inventory/library/Movies/Owned Movies/True Story.md,codex/environment/inventory/library/Movies/Owned Movies,codex,done,
codex/environment/inventory/library/Movies/Owned Movies/Two Girls and a Guy.md,codex/environment/inventory/library/Movies/Owned Movies,codex,done,
codex/environment/inventory/library/Movies/Owned Movies/Unbreakable.md,codex/environment/inventory/library/Movies/Owned Movies,codex,done,
codex/environment/inventory/library/Movies/Owned Movies/Us.md,codex/environment/inventory/library/Movies/Owned Movies,codex,done,
codex/environment/inventory/library/Movies/Owned Movies/WALL·E.md,codex/environment/inventory/library/Movies/Owned Movies,codex,done,
codex/environment/inventory/library/Movies/Owned Movies/Waking Life.md,codex/environment/inventory/library/Movies/Owned Movies,codex,done,
codex/environment/inventory/library/Movies/Owned Movies/WarGames.md,codex/environment/inventory/library/Movies/Owned Movies,codex,done,
codex/environment/inventory/library/Movies/Owned Movies/Watchmen.md,codex/environment/inventory/library/Movies/Owned Movies,codex,done,
codex/environment/inventory/library/Movies/Owned Movies/Welcome to Marwen.md,codex/environment/inventory/library/Movies/Owned Movies,codex,done,
codex/environment/inventory/library/Movies/Owned Movies/White Boy Rick.md,codex/environment/inventory/library/Movies/Owned Movies,codex,done,
codex/environment/inventory/library/Movies/Owned Movies/Why Him.md,codex/environment/inventory/library/Movies/Owned Movies,codex,done,
codex/environment/inventory/library/Movies/Owned Movies/Wont You Be My Neighbor.md,codex/environment/inventory/library/Movies/Owned Movies,codex,done,
codex/environment/inventory/library/Movies/Owned Movies/World War Z.md,codex/environment/inventory/library/Movies/Owned Movies,codex,done,
codex/environment/inventory/library/Movies/Owned Movies/X-Men Days of Future Past.md,codex/environment/inventory/library/Movies/Owned Movies,codex,done,
codex/environment/inventory/library/Movies/Owned Movies/X-Men First Class.md,codex/environment/inventory/library/Movies/Owned Movies,codex,done,
codex/environment/inventory/library/Movies/Owned Movies/Zombieland.md,codex/environment/inventory/library/Movies/Owned Movies,codex,done,
codex/environment/inventory/library/Movies/Owned Movies/interstate 60.md,codex/environment/inventory/library/Movies/Owned Movies,codex,done,
codex/environment/inventory/library/booked/Books.md,codex/environment/inventory/library/booked,codex,done,
codex/environment/inventory/library/booked/Boundaries Course by Kelli Younglove.md,codex/environment/inventory/library/booked,codex,done,
codex/environment/inventory/library/booked/How to win friends and influence people.md,codex/environment/inventory/library/booked,codex,done,
codex/environment/inventory/library/booked/The Self Taught Programmer.md,codex/environment/inventory/library/booked,codex,done,
codex/environment/inventory/library/booked/Boundaries Course by Kelli Younglove/A Bonus from Jaya the Trust Coach.md,codex/environment/inventory/library/booked/Boundaries Course by Kelli Younglove,codex,done,
codex/environment/inventory/library/booked/Boundaries Course by Kelli Younglove/Articles Blogs.md,codex/environment/inventory/library/booked/Boundaries Course by Kelli Younglove,codex,done,
codex/environment/inventory/library/booked/Boundaries Course by Kelli Younglove/Books.md,codex/environment/inventory/library/booked/Boundaries Course by Kelli Younglove,codex,done,
codex/environment/inventory/library/booked/Boundaries Course by Kelli Younglove/Boundary Scripts to get you Started.md,codex/environment/inventory/library/booked/Boundaries Course by Kelli Younglove,codex,done,
codex/environment/inventory/library/booked/Boundaries Course by Kelli Younglove/Boundary Violations VS Boundary Mistakes.md,codex/environment/inventory/library/booked/Boundaries Course by Kelli Younglove,codex,done,
codex/environment/inventory/library/booked/Boundaries Course by Kelli Younglove/Dealing with Difficult People.md,codex/environment/inventory/library/booked/Boundaries Course by Kelli Younglove,codex,done,
codex/environment/inventory/library/booked/Boundaries Course by Kelli Younglove/Dealing with Fallout.md,codex/environment/inventory/library/booked/Boundaries Course by Kelli Younglove,codex,done,
codex/environment/inventory/library/booked/Boundaries Course by Kelli Younglove/Defenses aren’t Boundaries.md,codex/environment/inventory/library/booked/Boundaries Course by Kelli Younglove,codex,done,
codex/environment/inventory/library/booked/Boundaries Course by Kelli Younglove/Enmeshment isn’t Love.md,codex/environment/inventory/library/booked/Boundaries Course by Kelli Younglove,codex,done,
codex/environment/inventory/library/booked/Boundaries Course by Kelli Younglove/How to Create Healthy Emotional Boundaries.md,codex/environment/inventory/library/booked/Boundaries Course by Kelli Younglove,codex,done,
codex/environment/inventory/library/booked/Boundaries Course by Kelli Younglove/How to Create Healthy Energetic Boundaries.md,codex/environment/inventory/library/booked/Boundaries Course by Kelli Younglove,codex,done,
codex/environment/inventory/library/booked/Boundaries Course by Kelli Younglove/How to Create Healthy Mental Boundaries.md,codex/environment/inventory/library/booked/Boundaries Course by Kelli Younglove,codex,done,
codex/environment/inventory/library/booked/Boundaries Course by Kelli Younglove/Letter from Kelli.md,codex/environment/inventory/library/booked/Boundaries Course by Kelli Younglove,codex,done,
codex/environment/inventory/library/booked/Boundaries Course by Kelli Younglove/Requests and Consequences.md,codex/environment/inventory/library/booked/Boundaries Course by Kelli Younglove,codex,done,
codex/environment/inventory/library/booked/Boundaries Course by Kelli Younglove/Respect is not Given.md,codex/environment/inventory/library/booked/Boundaries Course by Kelli Younglove,codex,done,
codex/environment/inventory/library/booked/Boundaries Course by Kelli Younglove/Solutions for the Compliant.md,codex/environment/inventory/library/booked/Boundaries Course by Kelli Younglove,codex,done,
codex/environment/inventory/library/booked/Boundaries Course by Kelli Younglove/Solutions for the Controller.md,codex/environment/inventory/library/booked/Boundaries Course by Kelli Younglove,codex,done,
codex/environment/inventory/library/booked/Boundaries Course by Kelli Younglove/The Compliant and the Controller.md,codex/environment/inventory/library/booked/Boundaries Course by Kelli Younglove,codex,done,
codex/environment/inventory/library/booked/Boundaries Course by Kelli Younglove/The Different Types of Boundaries.md,codex/environment/inventory/library/booked/Boundaries Course by Kelli Younglove,codex,done,
codex/environment/inventory/library/booked/Boundaries Course by Kelli Younglove/The Three Kinds of Business.md,codex/environment/inventory/library/booked/Boundaries Course by Kelli Younglove,codex,done,
codex/environment/inventory/library/booked/Boundaries Course by Kelli Younglove/Using Distance to Create Healthy Boundaries.md,codex/environment/inventory/library/booked/Boundaries Course by Kelli Younglove,codex,done,
codex/environment/inventory/library/booked/Boundaries Course by Kelli Younglove/Using Flexibility to Create Healthy Boundaries.md,codex/environment/inventory/library/booked/Boundaries Course by Kelli Younglove,codex,done,
codex/environment/inventory/library/booked/Boundaries Course by Kelli Younglove/Using Words to Create Healthy Boundaries.md,codex/environment/inventory/library/booked/Boundaries Course by Kelli Younglove,codex,done,
codex/environment/inventory/library/booked/Boundaries Course by Kelli Younglove/What are Boundaries.md,codex/environment/inventory/library/booked/Boundaries Course by Kelli Younglove,codex,done,
"codex/environment/inventory/library/booked/Boundaries Course by Kelli Younglove/Yes, No, Maybe.md",codex/environment/inventory/library/booked/Boundaries Course by Kelli Younglove,codex,done,
codex/environment/inventory/library/booked/Boundaries Course by Kelli Younglove/The Different Types of Boundaries/Untitled.png,codex/environment/inventory/library/booked/Boundaries Course by Kelli Younglove/The Different Types of Boundaries,codex,skipped,non-text file
codex/environment/inventory/library/Books/Library.md,codex/environment/inventory/library/Books,codex,done,
codex/environment/inventory/library/Books/My books 015d4e2cb4834b12a340546637b5618b.csv,codex/environment/inventory/library/Books,codex,skipped,non-text file
codex/environment/inventory/library/Books/My_books.csv,codex/environment/inventory/library/Books,codex,skipped,non-text file
codex/environment/inventory/library/Books/Library/Media df2e83880e134b24a2917d4ede91d35f.csv,codex/environment/inventory/library/Books/Library,codex,skipped,non-text file
codex/environment/inventory/library/Books/Library/Physical Copies d3929521749c42baa75d2e9e6ab1d2ea.csv,codex/environment/inventory/library/Books/Library,codex,skipped,non-text file
codex/environment/inventory/library/Books/Library/Untitled.png,codex/environment/inventory/library/Books/Library,codex,skipped,non-text file
codex/environment/inventory/library/Books/Library/Media/12 Essential Skills for Software Architects.md,codex/environment/inventory/library/Books/Library/Media,codex,done,
codex/environment/inventory/library/Books/Library/Media/2001 A Space Odyssey.md,codex/environment/inventory/library/Books/Library/Media,codex,done,
codex/environment/inventory/library/Books/Library/Media/2010 Odyssey Two.md,codex/environment/inventory/library/Books/Library/Media,codex,done,
codex/environment/inventory/library/Books/Library/Media/2061 Odyssey Three (Space Odyssey Series).md,codex/environment/inventory/library/Books/Library/Media,codex,done,
codex/environment/inventory/library/Books/Library/Media/30 Days to a Better Man.md,codex/environment/inventory/library/Books/Library/Media,codex,done,
codex/environment/inventory/library/Books/Library/Media/3001 The Final Odyssey.md,codex/environment/inventory/library/Books/Library/Media,codex,done,
codex/environment/inventory/library/Books/Library/Media/7 Habits of Highly Effective People.md,codex/environment/inventory/library/Books/Library/Media,codex,done,
codex/environment/inventory/library/Books/Library/Media/97 Things Every Programmer Should Know.md,codex/environment/inventory/library/Books/Library/Media,codex,done,
codex/environment/inventory/library/Books/Library/Media/A Bug Hunters Diary A Guided Tour Through the Wil.md,codex/environment/inventory/library/Books/Library/Media,codex,done,
codex/environment/inventory/library/Books/Library/Media/A Clash of Kings.md,codex/environment/inventory/library/Books/Library/Media,codex,done,
codex/environment/inventory/library/Books/Library/Media/A Dance With Dragons.md,codex/environment/inventory/library/Books/Library/Media,codex,done,
codex/environment/inventory/library/Books/Library/Media/A Feast for Crows.md,codex/environment/inventory/library/Books/Library/Media,codex,done,
codex/environment/inventory/library/Books/Library/Media/A Game of Thrones.md,codex/environment/inventory/library/Books/Library/Media,codex,done,
codex/environment/inventory/library/Books/Library/Media/A History of the World in 6 Glasses.md,codex/environment/inventory/library/Books/Library/Media,codex,done,
"codex/environment/inventory/library/Books/Library/Media/A Life of Being, Having, and Doing Enough.md",codex/environment/inventory/library/Books/Library/Media,codex,done,
codex/environment/inventory/library/Books/Library/Media/A Short History of Nearly Everything.md,codex/environment/inventory/library/Books/Library/Media,codex,done,
codex/environment/inventory/library/Books/Library/Media/A Storm of Swords.md,codex/environment/inventory/library/Books/Library/Media,codex,done,
codex/environment/inventory/library/Books/Library/Media/A Theory of Human Motivation.md,codex/environment/inventory/library/Books/Library/Media,codex,done,
codex/environment/inventory/library/Books/Library/Media/American Gods (The Tenth Anniversary Edition).md,codex/environment/inventory/library/Books/Library/Media,codex,done,
"codex/environment/inventory/library/Books/Library/Media/American Shaolin Flying Kicks, Buddhist Monks, and.md",codex/environment/inventory/library/Books/Library/Media,codex,done,
codex/environment/inventory/library/Books/Library/Media/An Astronauts Guide to Life on Earth What Going t.md,codex/environment/inventory/library/Books/Library/Media,codex,done,
codex/environment/inventory/library/Books/Library/Media/An Engineering Managers Guide to Design Patterns.md,codex/environment/inventory/library/Books/Library/Media,codex,done,
codex/environment/inventory/library/Books/Library/Media/An Idiot Abroad The Travel Diaries of Karl Pilking.md,codex/environment/inventory/library/Books/Library/Media,codex,done,
codex/environment/inventory/library/Books/Library/Media/Anathem.md,codex/environment/inventory/library/Books/Library/Media,codex,done,
codex/environment/inventory/library/Books/Library/Media/Animal Farm.md,codex/environment/inventory/library/Books/Library/Media,codex,done,
codex/environment/inventory/library/Books/Library/Media/Astrophysics for People in a Hurry.md,codex/environment/inventory/library/Books/Library/Media,codex,done,
codex/environment/inventory/library/Books/Library/Media/Becoming Leonardo An Exploded View of the Life of.md,codex/environment/inventory/library/Books/Library/Media,codex,done,
codex/environment/inventory/library/Books/Library/Media/Becoming a Better Programmer.md,codex/environment/inventory/library/Books/Library/Media,codex,done,
codex/environment/inventory/library/Books/Library/Media/Beyond Civilization Humanitys Next Great Adventur.md,codex/environment/inventory/library/Books/Library/Media,codex,done,
codex/environment/inventory/library/Books/Library/Media/Beyond Feelings A Guide to Critical Thinking.md,codex/environment/inventory/library/Books/Library/Media,codex,done,
codex/environment/inventory/library/Books/Library/Media/Billions and Billions.md,codex/environment/inventory/library/Books/Library/Media,codex,done,
codex/environment/inventory/library/Books/Library/Media/Black Tie.md,codex/environment/inventory/library/Books/Library/Media,codex,done,
codex/environment/inventory/library/Books/Library/Media/Born to Win Find Your Success Code.md,codex/environment/inventory/library/Books/Library/Media,codex,done,
codex/environment/inventory/library/Books/Library/Media/Brain Rules for Aging Well 10 Principles for Stayi.md,codex/environment/inventory/library/Books/Library/Media,codex,done,
codex/environment/inventory/library/Books/Library/Media/Brave New World.md,codex/environment/inventory/library/Books/Library/Media,codex,done,
codex/environment/inventory/library/Books/Library/Media/Brief Answers to the Big Questions.md,codex/environment/inventory/library/Books/Library/Media,codex,done,
codex/environment/inventory/library/Books/Library/Media/Buddha 1.md,codex/environment/inventory/library/Books/Library/Media,codex,done,
codex/environment/inventory/library/Books/Library/Media/Buddha 2.md,codex/environment/inventory/library/Books/Library/Media,codex,done,
codex/environment/inventory/library/Books/Library/Media/Buddha 3.md,codex/environment/inventory/library/Books/Library/Media,codex,done,
codex/environment/inventory/library/Books/Library/Media/Buddha 4.md,codex/environment/inventory/library/Books/Library/Media,codex,done,
codex/environment/inventory/library/Books/Library/Media/Buddha 5.md,codex/environment/inventory/library/Books/Library/Media,codex,done,
codex/environment/inventory/library/Books/Library/Media/Buddha 6.md,codex/environment/inventory/library/Books/Library/Media,codex,done,
codex/environment/inventory/library/Books/Library/Media/Buddha 7.md,codex/environment/inventory/library/Books/Library/Media,codex,done,
codex/environment/inventory/library/Books/Library/Media/Buddha 8.md,codex/environment/inventory/library/Books/Library/Media,codex,done,
codex/environment/inventory/library/Books/Library/Media/Caesar and Christ The Story of Civilization.md,codex/environment/inventory/library/Books/Library/Media,codex,done,
codex/environment/inventory/library/Books/Library/Media/Carl Sagans Cosmic Connection An Extraterrestrial.md,codex/environment/inventory/library/Books/Library/Media,codex,done,
codex/environment/inventory/library/Books/Library/Media/Code Craft The Practice of Writing Excellent Code.md,codex/environment/inventory/library/Books/Library/Media,codex,done,
codex/environment/inventory/library/Books/Library/Media/Code The Hidden Language of Computer Hardware and.md,codex/environment/inventory/library/Books/Library/Media,codex,done,
codex/environment/inventory/library/Books/Library/Media/Computer Science Distilled Learn the Art of Solvin.md,codex/environment/inventory/library/Books/Library/Media,codex,done,
codex/environment/inventory/library/Books/Library/Media/Concepts of Programming Languages.md,codex/environment/inventory/library/Books/Library/Media,codex,done,
codex/environment/inventory/library/Books/Library/Media/Contact.md,codex/environment/inventory/library/Books/Library/Media,codex,done,
codex/environment/inventory/library/Books/Library/Media/Cosmos.md,codex/environment/inventory/library/Books/Library/Media,codex,done,
codex/environment/inventory/library/Books/Library/Media/Critical Thinking.md,codex/environment/inventory/library/Books/Library/Media,codex,done,
codex/environment/inventory/library/Books/Library/Media/Cryptonomicon.md,codex/environment/inventory/library/Books/Library/Media,codex,done,
codex/environment/inventory/library/Books/Library/Media/Darkly Dreaming Dexter.md,codex/environment/inventory/library/Books/Library/Media,codex,done,
codex/environment/inventory/library/Books/Library/Media/Daytime Dating.md,codex/environment/inventory/library/Books/Library/Media,codex,done,
codex/environment/inventory/library/Books/Library/Media/Dearly Devoted Dexter.md,codex/environment/inventory/library/Books/Library/Media,codex,done,
codex/environment/inventory/library/Books/Library/Media/Deep Work Rules for Focused Success in a Distracte.md,codex/environment/inventory/library/Books/Library/Media,codex,done,
codex/environment/inventory/library/Books/Library/Media/Developing Large Web Applications Producing Code T.md,codex/environment/inventory/library/Books/Library/Media,codex,done,
codex/environment/inventory/library/Books/Library/Media/Dexter Is Dead.md,codex/environment/inventory/library/Books/Library/Media,codex,done,
codex/environment/inventory/library/Books/Library/Media/Dexter Is Delicious Dexter Morgan (5).md,codex/environment/inventory/library/Books/Library/Media,codex,done,
codex/environment/inventory/library/Books/Library/Media/Dexter by Design.md,codex/environment/inventory/library/Books/Library/Media,codex,done,
codex/environment/inventory/library/Books/Library/Media/Dexter in the Dark.md,codex/environment/inventory/library/Books/Library/Media,codex,done,
codex/environment/inventory/library/Books/Library/Media/Dexters Final Cut.md,codex/environment/inventory/library/Books/Library/Media,codex,done,
codex/environment/inventory/library/Books/Library/Media/DnD 5e Players Handbook (BnW OCR).md,codex/environment/inventory/library/Books/Library/Media,codex,done,
codex/environment/inventory/library/Books/Library/Media/Do Androids Dream of Electric Sheep.md,codex/environment/inventory/library/Books/Library/Media,codex,done,
"codex/environment/inventory/library/Books/Library/Media/Do the Gods Wear Capes Spirituality, Fantasy, and.md",codex/environment/inventory/library/Books/Library/Media,codex,done,
codex/environment/inventory/library/Books/Library/Media/Dont Sweat the Small Stuff And Its All Small Stu.md,codex/environment/inventory/library/Books/Library/Media,codex,done,
codex/environment/inventory/library/Books/Library/Media/Double Dexter Dexter Morgan (6).md,codex/environment/inventory/library/Books/Library/Media,codex,done,
codex/environment/inventory/library/Books/Library/Media/Dune.md,codex/environment/inventory/library/Books/Library/Media,codex,done,
codex/environment/inventory/library/Books/Library/Media/Dungeons & Dragons Basic Rules.md,codex/environment/inventory/library/Books/Library/Media,codex,done,
codex/environment/inventory/library/Books/Library/Media/Early Retirement Extreme.md,codex/environment/inventory/library/Books/Library/Media,codex,done,
codex/environment/inventory/library/Books/Library/Media/Ego Is the Enemy.md,codex/environment/inventory/library/Books/Library/Media,codex,done,
codex/environment/inventory/library/Books/Library/Media/Einstein His Life and Universe.md,codex/environment/inventory/library/Books/Library/Media,codex,done,
"codex/environment/inventory/library/Books/Library/Media/Elon Musk Tesla, SpaceX, and the Quest for a Fanta.md",codex/environment/inventory/library/Books/Library/Media,codex,done,
"codex/environment/inventory/library/Books/Library/Media/Enlightenment Now The Case for Reason, Science, Hu.md",codex/environment/inventory/library/Books/Library/Media,codex,done,
codex/environment/inventory/library/Books/Library/Media/Essential Life Skills Hierchy - A Holistic Exponen.md,codex/environment/inventory/library/Books/Library/Media,codex,done,
codex/environment/inventory/library/Books/Library/Media/First Man The Life of Neil A Armstrong.md,codex/environment/inventory/library/Books/Library/Media,codex,done,
codex/environment/inventory/library/Books/Library/Media/Flatland A Romance of Many Dimensions.md,codex/environment/inventory/library/Books/Library/Media,codex,done,
codex/environment/inventory/library/Books/Library/Media/Flow The Psychology of Optimal Experience (Harper.md,codex/environment/inventory/library/Books/Library/Media,codex,done,
codex/environment/inventory/library/Books/Library/Media/Food of the Gods The Search for the Original Tree.md,codex/environment/inventory/library/Books/Library/Media,codex,done,
codex/environment/inventory/library/Books/Library/Media/Forward the Foundation.md,codex/environment/inventory/library/Books/Library/Media,codex,done,
codex/environment/inventory/library/Books/Library/Media/Foundation and Earth.md,codex/environment/inventory/library/Books/Library/Media,codex,done,
codex/environment/inventory/library/Books/Library/Media/Foundation and Empire.md,codex/environment/inventory/library/Books/Library/Media,codex,done,
codex/environment/inventory/library/Books/Library/Media/Foundation.md,codex/environment/inventory/library/Books/Library/Media,codex,done,
codex/environment/inventory/library/Books/Library/Media/Foundations Edge.md,codex/environment/inventory/library/Books/Library/Media,codex,done,
codex/environment/inventory/library/Books/Library/Media/Frankenstein.md,codex/environment/inventory/library/Books/Library/Media,codex,done,
codex/environment/inventory/library/Books/Library/Media/Good Omens The Nice and Accurate Prophecies of Agn.md,codex/environment/inventory/library/Books/Library/Media,codex,done,
codex/environment/inventory/library/Books/Library/Media/Guide to Java A Concise Introduction to Programmin.md,codex/environment/inventory/library/Books/Library/Media,codex,done,
codex/environment/inventory/library/Books/Library/Media/Guide to Software Development Designing and Managi.md,codex/environment/inventory/library/Books/Library/Media,codex,done,
"codex/environment/inventory/library/Books/Library/Media/Hacking The Art of Exploitation, 2nd Edition.md",codex/environment/inventory/library/Books/Library/Media,codex,done,
codex/environment/inventory/library/Books/Library/Media/Hamlets BlackBerry A Practical Philosophy for Bui.md,codex/environment/inventory/library/Books/Library/Media,codex,done,
codex/environment/inventory/library/Books/Library/Media/History of Western Philosophy.md,codex/environment/inventory/library/Books/Library/Media,codex,done,
codex/environment/inventory/library/Books/Library/Media/Homers Iliad A Commentary on the Translation of R.md,codex/environment/inventory/library/Books/Library/Media,codex,done,
codex/environment/inventory/library/Books/Library/Media/Homo Deus A Brief History of Tomorrow.md,codex/environment/inventory/library/Books/Library/Media,codex,done,
codex/environment/inventory/library/Books/Library/Media/How Linux Works What Every Superuser Should Know.md,codex/environment/inventory/library/Books/Library/Media,codex,done,
"codex/environment/inventory/library/Books/Library/Media/How Software Works The Magic Behind Encryption, CG.md",codex/environment/inventory/library/Books/Library/Media,codex,done,
codex/environment/inventory/library/Books/Library/Media/How To Stop Worrying And Start Living.md,codex/environment/inventory/library/Books/Library/Media,codex,done,
codex/environment/inventory/library/Books/Library/Media/How to Be an Adult in Relationships.md,codex/environment/inventory/library/Books/Library/Media,codex,done,
codex/environment/inventory/library/Books/Library/Media/How to Read a Book The Classic Guide to Intelligen.md,codex/environment/inventory/library/Books/Library/Media,codex,done,
codex/environment/inventory/library/Books/Library/Media/How to Think Like a Roman Emperor The Stoic Philos.md,codex/environment/inventory/library/Books/Library/Media,codex,done,
codex/environment/inventory/library/Books/Library/Media/How to Think Straight About Psychology (Custom).md,codex/environment/inventory/library/Books/Library/Media,codex,done,
codex/environment/inventory/library/Books/Library/Media/How to Win Friends and Influence People (Special A.md,codex/environment/inventory/library/Books/Library/Media,codex,done,
codex/environment/inventory/library/Books/Library/Media/I Am Legend.md,codex/environment/inventory/library/Books/Library/Media,codex,done,
"codex/environment/inventory/library/Books/Library/Media/I, Robot.md",codex/environment/inventory/library/Books/Library/Media,codex,done,
codex/environment/inventory/library/Books/Library/Media/If Hemingway Wrote JavaScript.md,codex/environment/inventory/library/Books/Library/Media,codex,done,
codex/environment/inventory/library/Books/Library/Media/In the Beginning Was the Command Line.md,codex/environment/inventory/library/Books/Library/Media,codex,done,
codex/environment/inventory/library/Books/Library/Media/Interface.md,codex/environment/inventory/library/Books/Library/Media,codex,done,
codex/environment/inventory/library/Books/Library/Media/Introduction to Psychology.md,codex/environment/inventory/library/Books/Library/Media,codex,done,
codex/environment/inventory/library/Books/Library/Media/Ishmael An Adventure of the Mind and Spirit.md,codex/environment/inventory/library/Books/Library/Media,codex,done,
codex/environment/inventory/library/Books/Library/Media/Jesus Christ In the Name of the Gun A Hollow Cost.md,codex/environment/inventory/library/Books/Library/Media,codex,done,
codex/environment/inventory/library/Books/Library/Media/Jesus and the Lost Goddess The Secret Teachings of.md,codex/environment/inventory/library/Books/Library/Media,codex,done,
codex/environment/inventory/library/Books/Library/Media/Kungfu Basics.md,codex/environment/inventory/library/Books/Library/Media,codex,done,
codex/environment/inventory/library/Books/Library/Media/LSD my problem.md,codex/environment/inventory/library/Books/Library/Media,codex,done,
codex/environment/inventory/library/Books/Library/Media/Last Words.md,codex/environment/inventory/library/Books/Library/Media,codex,done,
codex/environment/inventory/library/Books/Library/Media/Launching a Leadership Revolution.md,codex/environment/inventory/library/Books/Library/Media,codex,done,
codex/environment/inventory/library/Books/Library/Media/Life of Greece.md,codex/environment/inventory/library/Books/Library/Media,codex,done,
codex/environment/inventory/library/Books/Library/Media/Linux Basics for Hackers.md,codex/environment/inventory/library/Books/Library/Media,codex,done,
codex/environment/inventory/library/Books/Library/Media/Linux Command Line & Shell Scripting Bible.md,codex/environment/inventory/library/Books/Library/Media,codex,done,
codex/environment/inventory/library/Books/Library/Media/Make It Stick.md,codex/environment/inventory/library/Books/Library/Media,codex,done,
codex/environment/inventory/library/Books/Library/Media/Mans Search for Meaning.md,codex/environment/inventory/library/Books/Library/Media,codex,done,
codex/environment/inventory/library/Books/Library/Media/Manufacturing Consent The Political Economy of the.md,codex/environment/inventory/library/Books/Library/Media,codex,done,
codex/environment/inventory/library/Books/Library/Media/Mastermind How to Think Like Sherlock Holmes.md,codex/environment/inventory/library/Books/Library/Media,codex,done,
codex/environment/inventory/library/Books/Library/Media/Meditations.md,codex/environment/inventory/library/Books/Library/Media,codex,done,
codex/environment/inventory/library/Books/Library/Media/Mindfulness Meditation (For Everyday Life).md,codex/environment/inventory/library/Books/Library/Media,codex,done,
"codex/environment/inventory/library/Books/Library/Media/Mindhacker 60 Tips, Tricks, and Games to Take Your.md",codex/environment/inventory/library/Books/Library/Media,codex,done,
codex/environment/inventory/library/Books/Library/Media/Moonwalking With Einstein The Art and Science of R.md,codex/environment/inventory/library/Books/Library/Media,codex,done,
codex/environment/inventory/library/Books/Library/Media/My Ishmael.md,codex/environment/inventory/library/Books/Library/Media,codex,done,
codex/environment/inventory/library/Books/Library/Media/My Most Excellent Year.md,codex/environment/inventory/library/Books/Library/Media,codex,done,
codex/environment/inventory/library/Books/Library/Media/Network Know-How An Essential Guide for the Accide.md,codex/environment/inventory/library/Books/Library/Media,codex,done,
codex/environment/inventory/library/Books/Library/Media/No Bullshit Guide to Math and Physics.md,codex/environment/inventory/library/Books/Library/Media,codex,done,
codex/environment/inventory/library/Books/Library/Media/Norse Mythology.md,codex/environment/inventory/library/Books/Library/Media,codex,done,
codex/environment/inventory/library/Books/Library/Media/Open by Design.md,codex/environment/inventory/library/Books/Library/Media,codex,done,
codex/environment/inventory/library/Books/Library/Media/Our Incredible World.md,codex/environment/inventory/library/Books/Library/Media,codex,done,
codex/environment/inventory/library/Books/Library/Media/Our Revolution A Future to Believe In.md,codex/environment/inventory/library/Books/Library/Media,codex,done,
codex/environment/inventory/library/Books/Library/Media/Out of the Silent Planet.md,codex/environment/inventory/library/Books/Library/Media,codex,done,
"codex/environment/inventory/library/Books/Library/Media/Own the Day, Own Your Life Optimized Practices for.md",codex/environment/inventory/library/Books/Library/Media,codex,done,
codex/environment/inventory/library/Books/Library/Media/Pale Blue Dot A Vision of the Human Future in Spac.md,codex/environment/inventory/library/Books/Library/Media,codex,done,
codex/environment/inventory/library/Books/Library/Media/Paradigms of Artificial Intelligence Programming C.md,codex/environment/inventory/library/Books/Library/Media,codex,done,
codex/environment/inventory/library/Books/Library/Media/Perelandra.md,codex/environment/inventory/library/Books/Library/Media,codex,done,
codex/environment/inventory/library/Books/Library/Media/Personality Types Jungs Model of Typology.md,codex/environment/inventory/library/Books/Library/Media,codex,done,
codex/environment/inventory/library/Books/Library/Media/Platos Republic.md,codex/environment/inventory/library/Books/Library/Media,codex,done,
"codex/environment/inventory/library/Books/Library/Media/PoC or GTFO, Volume 2.md",codex/environment/inventory/library/Books/Library/Media,codex,done,
codex/environment/inventory/library/Books/Library/Media/Prelude to Foundation.md,codex/environment/inventory/library/Books/Library/Media,codex,done,
codex/environment/inventory/library/Books/Library/Media/Problem Solving and Programming Concepts.md,codex/environment/inventory/library/Books/Library/Media,codex,done,
codex/environment/inventory/library/Books/Library/Media/Programming From the Ground Up.md,codex/environment/inventory/library/Books/Library/Media,codex,done,
codex/environment/inventory/library/Books/Library/Media/Programming Interviews Exposed Coding Your Way Thr.md,codex/environment/inventory/library/Books/Library/Media,codex,done,
codex/environment/inventory/library/Books/Library/Media/Rationality From AI to Zombies.md,codex/environment/inventory/library/Books/Library/Media,codex,done,
codex/environment/inventory/library/Books/Library/Media/React Up & Running Building Web Applications.md,codex/environment/inventory/library/Books/Library/Media,codex,done,
codex/environment/inventory/library/Books/Library/Media/Ready Player One.md,codex/environment/inventory/library/Books/Library/Media,codex,done,
codex/environment/inventory/library/Books/Library/Media/Recovery Freedom From Our Addictions.md,codex/environment/inventory/library/Books/Library/Media,codex,done,
codex/environment/inventory/library/Books/Library/Media/Relativity.md,codex/environment/inventory/library/Books/Library/Media,codex,done,
codex/environment/inventory/library/Books/Library/Media/Rhetorica Ad Herennium.md,codex/environment/inventory/library/Books/Library/Media,codex,done,
codex/environment/inventory/library/Books/Library/Media/Romance of the Three Kingdoms.md,codex/environment/inventory/library/Books/Library/Media,codex,done,
codex/environment/inventory/library/Books/Library/Media/Rousseau and Revolution The Story of Civilization.md,codex/environment/inventory/library/Books/Library/Media,codex,done,
codex/environment/inventory/library/Books/Library/Media/Saint Young Men.md,codex/environment/inventory/library/Books/Library/Media,codex,done,
codex/environment/inventory/library/Books/Library/Media/Sapiens A Brief History of Humankind.md,codex/environment/inventory/library/Books/Library/Media,codex,done,
codex/environment/inventory/library/Books/Library/Media/Search Inside Yourself The Unexpected Path to Achi.md,codex/environment/inventory/library/Books/Library/Media,codex,done,
codex/environment/inventory/library/Books/Library/Media/Sherlock Holmes The Complete Illustrated Novels.md,codex/environment/inventory/library/Books/Library/Media,codex,done,
codex/environment/inventory/library/Books/Library/Media/Six Pillars of Self-Esteem.md,codex/environment/inventory/library/Books/Library/Media,codex,done,
codex/environment/inventory/library/Books/Library/Media/Slaughterhouse-Five A Novel.md,codex/environment/inventory/library/Books/Library/Media,codex,done,
codex/environment/inventory/library/Books/Library/Media/Snow Crash.md,codex/environment/inventory/library/Books/Library/Media,codex,done,
codex/environment/inventory/library/Books/Library/Media/Software & Hardware Collide.md,codex/environment/inventory/library/Books/Library/Media,codex,done,
codex/environment/inventory/library/Books/Library/Media/Software Above the Level of a Single Device.md,codex/environment/inventory/library/Books/Library/Media,codex,done,
codex/environment/inventory/library/Books/Library/Media/Software Architecture Patterns.md,codex/environment/inventory/library/Books/Library/Media,codex,done,
codex/environment/inventory/library/Books/Library/Media/Statistics Done Wrong The Woefully Complete Guide.md,codex/environment/inventory/library/Books/Library/Media,codex,done,
codex/environment/inventory/library/Books/Library/Media/Steal This Computer Book 4 0 What They Wont Tell.md,codex/environment/inventory/library/Books/Library/Media,codex,done,
codex/environment/inventory/library/Books/Library/Media/Story of Civilization.md,codex/environment/inventory/library/Books/Library/Media,codex,done,
codex/environment/inventory/library/Books/Library/Media/StrengthsFinder 2 0.md,codex/environment/inventory/library/Books/Library/Media,codex,done,
codex/environment/inventory/library/Books/Library/Media/Summary The Lean Startup Eric Ries.md,codex/environment/inventory/library/Books/Library/Media,codex,done,
codex/environment/inventory/library/Books/Library/Media/Survival Guide for Citizens in a Revolution.md,codex/environment/inventory/library/Books/Library/Media,codex,done,
codex/environment/inventory/library/Books/Library/Media/Symposium.md,codex/environment/inventory/library/Books/Library/Media,codex,done,
codex/environment/inventory/library/Books/Library/Media/Ten Steps to Linux Survival.md,codex/environment/inventory/library/Books/Library/Media,codex,done,
codex/environment/inventory/library/Books/Library/Media/That Hideous Strength.md,codex/environment/inventory/library/Books/Library/Media,codex,done,
codex/environment/inventory/library/Books/Library/Media/The 5 Love Languages The Secret to Love That Lasts.md,codex/environment/inventory/library/Books/Library/Media,codex,done,
codex/environment/inventory/library/Books/Library/Media/The Age of Faith The Story of Civilization.md,codex/environment/inventory/library/Books/Library/Media,codex,done,
codex/environment/inventory/library/Books/Library/Media/The Age of Louis XIV The Story of Civilization.md,codex/environment/inventory/library/Books/Library/Media,codex,done,
codex/environment/inventory/library/Books/Library/Media/The Age of Napoleon The Story of Civilization.md,codex/environment/inventory/library/Books/Library/Media,codex,done,
codex/environment/inventory/library/Books/Library/Media/The Age of Reason Begins The Story of Civilization.md,codex/environment/inventory/library/Books/Library/Media,codex,done,
codex/environment/inventory/library/Books/Library/Media/The Age of Voltaire The Story of Civilization.md,codex/environment/inventory/library/Books/Library/Media,codex,done,
codex/environment/inventory/library/Books/Library/Media/The Analects of Confucius.md,codex/environment/inventory/library/Books/Library/Media,codex,done,
codex/environment/inventory/library/Books/Library/Media/The Art of Interactive Design A Euphonious and Ill.md,codex/environment/inventory/library/Books/Library/Media,codex,done,
codex/environment/inventory/library/Books/Library/Media/The Art of Public Speaking.md,codex/environment/inventory/library/Books/Library/Media,codex,done,
codex/environment/inventory/library/Books/Library/Media/The Art of Readable Code.md,codex/environment/inventory/library/Books/Library/Media,codex,done,
codex/environment/inventory/library/Books/Library/Media/The Backyard Homestead Guide to Energy Self-Suffic.md,codex/environment/inventory/library/Books/Library/Media,codex,done,
codex/environment/inventory/library/Books/Library/Media/The Book of CSS3 A Developers Guide to the Future.md,codex/environment/inventory/library/Books/Library/Media,codex,done,
codex/environment/inventory/library/Books/Library/Media/The Cobweb A Novel.md,codex/environment/inventory/library/Books/Library/Media,codex,done,
"codex/environment/inventory/library/Books/Library/Media/The Code Book - HOW TO MAKE IT, BREAK IT, HACK IT,.md",codex/environment/inventory/library/Books/Library/Media,codex,done,
codex/environment/inventory/library/Books/Library/Media/The Cosmic Connection.md,codex/environment/inventory/library/Books/Library/Media,codex,done,
codex/environment/inventory/library/Books/Library/Media/The Courage to Be Disliked.md,codex/environment/inventory/library/Books/Library/Media,codex,done,
codex/environment/inventory/library/Books/Library/Media/The Dark Tower I The Gunslinger.md,codex/environment/inventory/library/Books/Library/Media,codex,done,
codex/environment/inventory/library/Books/Library/Media/The Definitive Book of Body Language How to Read O.md,codex/environment/inventory/library/Books/Library/Media,codex,done,
codex/environment/inventory/library/Books/Library/Media/The Demon-Haunted World Science as a Candle in the.md,codex/environment/inventory/library/Books/Library/Media,codex,done,
"codex/environment/inventory/library/Books/Library/Media/The Devil in the White City Murder, Magic and Madn.md",codex/environment/inventory/library/Books/Library/Media,codex,done,
"codex/environment/inventory/library/Books/Library/Media/The Disaster Artist My Life Inside the Room, the G.md",codex/environment/inventory/library/Books/Library/Media,codex,done,
"codex/environment/inventory/library/Books/Library/Media/The Divine Matrix Bridging Time, Space, Miracles,.md",codex/environment/inventory/library/Books/Library/Media,codex,done,
codex/environment/inventory/library/Books/Library/Media/The Dragons of Eden Speculations on the Evolution.md,codex/environment/inventory/library/Books/Library/Media,codex,done,
codex/environment/inventory/library/Books/Library/Media/The Dude and the Zen Master.md,codex/environment/inventory/library/Books/Library/Media,codex,done,
codex/environment/inventory/library/Books/Library/Media/The Effective Executive.md,codex/environment/inventory/library/Books/Library/Media,codex,done,
codex/environment/inventory/library/Books/Library/Media/The Elements of Style.md,codex/environment/inventory/library/Books/Library/Media,codex,done,
codex/environment/inventory/library/Books/Library/Media/The Four Agreements A Practical Guide to Personal.md,codex/environment/inventory/library/Books/Library/Media,codex,done,
codex/environment/inventory/library/Books/Library/Media/The Further Adventures of an Idiot Abroad.md,codex/environment/inventory/library/Books/Library/Media,codex,done,
codex/environment/inventory/library/Books/Library/Media/The Google Resume How to Prepare for a Career and.md,codex/environment/inventory/library/Books/Library/Media,codex,done,
codex/environment/inventory/library/Books/Library/Media/The Guild Leaders Handbook Strategies and Guidanc.md,codex/environment/inventory/library/Books/Library/Media,codex,done,
"codex/environment/inventory/library/Books/Library/Media/The Happiness Trap Stop Struggling, Start Living.md",codex/environment/inventory/library/Books/Library/Media,codex,done,
codex/environment/inventory/library/Books/Library/Media/The Hate U Give Collectors Edition.md,codex/environment/inventory/library/Books/Library/Media,codex,done,
codex/environment/inventory/library/Books/Library/Media/The Hero With a Thousand Faces.md,codex/environment/inventory/library/Books/Library/Media,codex,done,
codex/environment/inventory/library/Books/Library/Media/The Hitchhikers Guide to the Galaxy.md,codex/environment/inventory/library/Books/Library/Media,codex,done,
codex/environment/inventory/library/Books/Library/Media/The Hobbit.md,codex/environment/inventory/library/Books/Library/Media,codex,done,
codex/environment/inventory/library/Books/Library/Media/The Leadership Challenge Workbook.md,codex/environment/inventory/library/Books/Library/Media,codex,done,
codex/environment/inventory/library/Books/Library/Media/The Leadership Challenge.md,codex/environment/inventory/library/Books/Library/Media,codex,done,
codex/environment/inventory/library/Books/Library/Media/The Linux Command Line.md,codex/environment/inventory/library/Books/Library/Media,codex,done,
codex/environment/inventory/library/Books/Library/Media/The Linux Programming Interface.md,codex/environment/inventory/library/Books/Library/Media,codex,done,
codex/environment/inventory/library/Books/Library/Media/The Lord of the Rings.md,codex/environment/inventory/library/Books/Library/Media,codex,done,
codex/environment/inventory/library/Books/Library/Media/The Makers Guide to the Zombie Apocalypse Defend.md,codex/environment/inventory/library/Books/Library/Media,codex,done,
codex/environment/inventory/library/Books/Library/Media/The Manga Guide to Biochemistry.md,codex/environment/inventory/library/Books/Library/Media,codex,done,
codex/environment/inventory/library/Books/Library/Media/The Manga Guide to Calculus.md,codex/environment/inventory/library/Books/Library/Media,codex,done,
codex/environment/inventory/library/Books/Library/Media/The Manga Guide to Cryptography.md,codex/environment/inventory/library/Books/Library/Media,codex,done,
codex/environment/inventory/library/Books/Library/Media/The Manga Guide to Databases.md,codex/environment/inventory/library/Books/Library/Media,codex,done,
codex/environment/inventory/library/Books/Library/Media/The Manga Guide to Electricity.md,codex/environment/inventory/library/Books/Library/Media,codex,done,
codex/environment/inventory/library/Books/Library/Media/The Manga Guide to Linear Algebrea.md,codex/environment/inventory/library/Books/Library/Media,codex,done,
codex/environment/inventory/library/Books/Library/Media/The Manga Guide to Microprocessors.md,codex/environment/inventory/library/Books/Library/Media,codex,done,
codex/environment/inventory/library/Books/Library/Media/The Manga Guide to Molecular Biology.md,codex/environment/inventory/library/Books/Library/Media,codex,done,
codex/environment/inventory/library/Books/Library/Media/The Manga Guide to Physics.md,codex/environment/inventory/library/Books/Library/Media,codex,done,
codex/environment/inventory/library/Books/Library/Media/The Manga Guide to Physiology.md,codex/environment/inventory/library/Books/Library/Media,codex,done,
codex/environment/inventory/library/Books/Library/Media/The Manga Guide to Regression Analysis.md,codex/environment/inventory/library/Books/Library/Media,codex,done,
codex/environment/inventory/library/Books/Library/Media/The Manga Guide to Relativity.md,codex/environment/inventory/library/Books/Library/Media,codex,done,
codex/environment/inventory/library/Books/Library/Media/The Manga Guide to Statistics.md,codex/environment/inventory/library/Books/Library/Media,codex,done,
codex/environment/inventory/library/Books/Library/Media/The Manga Guide to the Universe.md,codex/environment/inventory/library/Books/Library/Media,codex,done,
codex/environment/inventory/library/Books/Library/Media/The Martian.md,codex/environment/inventory/library/Books/Library/Media,codex,done,
"codex/environment/inventory/library/Books/Library/Media/The Medici Effect, With a New Preface and Discussi.md",codex/environment/inventory/library/Books/Library/Media,codex,done,
codex/environment/inventory/library/Books/Library/Media/The Mencius.md,codex/environment/inventory/library/Books/Library/Media,codex,done,
codex/environment/inventory/library/Books/Library/Media/The Mind Map Book.md,codex/environment/inventory/library/Books/Library/Media,codex,done,
codex/environment/inventory/library/Books/Library/Media/The Mindful Geek Mindfulness Meditation for Secula.md,codex/environment/inventory/library/Books/Library/Media,codex,done,
codex/environment/inventory/library/Books/Library/Media/The Modern Web Multi-Device Web Development With H.md,codex/environment/inventory/library/Books/Library/Media,codex,done,
codex/environment/inventory/library/Books/Library/Media/The Odyssey of Homer.md,codex/environment/inventory/library/Books/Library/Media,codex,done,
codex/environment/inventory/library/Books/Library/Media/The Path of Least Resistance Learning to Become th.md,codex/environment/inventory/library/Books/Library/Media,codex,done,
codex/environment/inventory/library/Books/Library/Media/The Penguin Complete Sherlock Holmes.md,codex/environment/inventory/library/Books/Library/Media,codex,done,
codex/environment/inventory/library/Books/Library/Media/The Power of Myth.md,codex/environment/inventory/library/Books/Library/Media,codex,done,
codex/environment/inventory/library/Books/Library/Media/The Pragmatic Programmer From Journeyman to Master.md,codex/environment/inventory/library/Books/Library/Media,codex,done,
codex/environment/inventory/library/Books/Library/Media/The Pragmatist’s Guide to Life.md,codex/environment/inventory/library/Books/Library/Media,codex,done,
codex/environment/inventory/library/Books/Library/Media/The Preppers Complete Book of Disaster Readiness.md,codex/environment/inventory/library/Books/Library/Media,codex,done,
codex/environment/inventory/library/Books/Library/Media/The Princess Bride.md,codex/environment/inventory/library/Books/Library/Media,codex,done,
codex/environment/inventory/library/Books/Library/Media/The Principles of Object-Oriented JavaScript.md,codex/environment/inventory/library/Books/Library/Media,codex,done,
codex/environment/inventory/library/Books/Library/Media/The Reformation The Story of Civilization.md,codex/environment/inventory/library/Books/Library/Media,codex,done,
codex/environment/inventory/library/Books/Library/Media/The Renaissance The Story of Civilization.md,codex/environment/inventory/library/Books/Library/Media,codex,done,
codex/environment/inventory/library/Books/Library/Media/The Self-Taught Programmer.md,codex/environment/inventory/library/Books/Library/Media,codex,done,
codex/environment/inventory/library/Books/Library/Media/The Story of B.md,codex/environment/inventory/library/Books/Library/Media,codex,done,
codex/environment/inventory/library/Books/Library/Media/The Story of Philosophy.md,codex/environment/inventory/library/Books/Library/Media,codex,done,
codex/environment/inventory/library/Books/Library/Media/The Strange Life of Nikola Tesla.md,codex/environment/inventory/library/Books/Library/Media,codex,done,
codex/environment/inventory/library/Books/Library/Media/The Subtle Art of Not Giving a F ck A Counterintui.md,codex/environment/inventory/library/Books/Library/Media,codex,done,
codex/environment/inventory/library/Books/Library/Media/The Tao Te Ching A New Translation with Commentary.md,codex/environment/inventory/library/Books/Library/Media,codex,done,
codex/environment/inventory/library/Books/Library/Media/The Total Money Makeove Workbook A Proven Plan for.md,codex/environment/inventory/library/Books/Library/Media,codex,done,
codex/environment/inventory/library/Books/Library/Media/The Total Money Makeover Classic Edition A Proven.md,codex/environment/inventory/library/Books/Library/Media,codex,done,
codex/environment/inventory/library/Books/Library/Media/The Ultimate Book of Mind Maps.md,codex/environment/inventory/library/Books/Library/Media,codex,done,
codex/environment/inventory/library/Books/Library/Media/The Ultimate Sales Revolution Sell Differently Cha.md,codex/environment/inventory/library/Books/Library/Media,codex,done,
codex/environment/inventory/library/Books/Library/Media/The Universe in a Single Atom The Convergence of S.md,codex/environment/inventory/library/Books/Library/Media,codex,done,
codex/environment/inventory/library/Books/Library/Media/The Varieties of Scientific Experience A Personal.md,codex/environment/inventory/library/Books/Library/Media,codex,done,
codex/environment/inventory/library/Books/Library/Media/The Walking Dead Compendium v01 (2011).md,codex/environment/inventory/library/Books/Library/Media,codex,done,
codex/environment/inventory/library/Books/Library/Media/The Walking Dead Compendium v03 (2015).md,codex/environment/inventory/library/Books/Library/Media,codex,done,
codex/environment/inventory/library/Books/Library/Media/The Walking Dead Compendium v2 (2013).md,codex/environment/inventory/library/Books/Library/Media,codex,done,
codex/environment/inventory/library/Books/Library/Media/The Warrior Mind Ancient Wisdom From the Martial A.md,codex/environment/inventory/library/Books/Library/Media,codex,done,
codex/environment/inventory/library/Books/Library/Media/The Way of the Superior Man A Spiritual Guide to M.md,codex/environment/inventory/library/Books/Library/Media,codex,done,
codex/environment/inventory/library/Books/Library/Media/The Wealthy Barber Returns.md,codex/environment/inventory/library/Books/Library/Media,codex,done,
codex/environment/inventory/library/Books/Library/Media/There Is Nothing Wrong With You.md,codex/environment/inventory/library/Books/Library/Media,codex,done,
codex/environment/inventory/library/Books/Library/Media/Think Like a Programmer An Introduction to Creativ.md,codex/environment/inventory/library/Books/Library/Media,codex,done,
codex/environment/inventory/library/Books/Library/Media/This Is Marketing You Cant Be Seen Until You Lear.md,codex/environment/inventory/library/Books/Library/Media,codex,done,
codex/environment/inventory/library/Books/Library/Media/Tribe.md,codex/environment/inventory/library/Books/Library/Media,codex,done,
codex/environment/inventory/library/Books/Library/Media/Waking Up.md,codex/environment/inventory/library/Books/Library/Media,codex,done,
codex/environment/inventory/library/Books/Library/Media/Watchmen.md,codex/environment/inventory/library/Books/Library/Media,codex,done,
codex/environment/inventory/library/Books/Library/Media/What If Serious Scientific Answers to Absurd Hypot.md,codex/environment/inventory/library/Books/Library/Media,codex,done,
codex/environment/inventory/library/Books/Library/Media/What Is the Internet of Things.md,codex/environment/inventory/library/Books/Library/Media,codex,done,
codex/environment/inventory/library/Books/Library/Media/When Hardware Meets Software.md,codex/environment/inventory/library/Books/Library/Media,codex,done,
codex/environment/inventory/library/Books/Library/Media/Why Greatness Cannot Be Planned The Myth of the Ob.md,codex/environment/inventory/library/Books/Library/Media,codex,done,
codex/environment/inventory/library/Books/Library/Media/Wonderful Life With the Elements The Periodic Tabl.md,codex/environment/inventory/library/Books/Library/Media,codex,done,
codex/environment/inventory/library/Books/Library/Media/Write Great Code Understanding the Machine.md,codex/environment/inventory/library/Books/Library/Media,codex,done,
"codex/environment/inventory/library/Books/Library/Media/Write Great Code, Volume 2 Thinking Low Level, Wri.md",codex/environment/inventory/library/Books/Library/Media,codex,done,
codex/environment/inventory/library/Books/Library/Media/Youll Be Perfect When Youre Dead Collected Onlin.md,codex/environment/inventory/library/Books/Library/Media,codex,done,
codex/environment/inventory/library/Books/Library/Media/Zen and the Art of Motorcycle Maintenance.md,codex/environment/inventory/library/Books/Library/Media,codex,done,
codex/environment/inventory/library/Books/Library/Media/Zodiac.md,codex/environment/inventory/library/Books/Library/Media,codex,done,
codex/environment/inventory/library/Books/Library/Media/A Game of Thrones/cover.jpg,codex/environment/inventory/library/Books/Library/Media/A Game of Thrones,codex,skipped,non-text file
codex/environment/inventory/library/Books/Library/Media/The Leadership Challenge Workbook/cover.jpg,codex/environment/inventory/library/Books/Library/Media/The Leadership Challenge Workbook,codex,skipped,non-text file
codex/environment/inventory/library/Books/Library/Media/The Path of Least Resistance Learning to Become th/cover.jpg,codex/environment/inventory/library/Books/Library/Media/The Path of Least Resistance Learning to Become th,codex,skipped,non-text file
codex/environment/inventory/library/Books/Library/Media/Programming Interviews Exposed Coding Your Way Thr/cover.jpg,codex/environment/inventory/library/Books/Library/Media/Programming Interviews Exposed Coding Your Way Thr,codex,skipped,non-text file
codex/environment/inventory/library/Books/Library/Media/The Tao Te Ching A New Translation with Commentary/cover.jpg,codex/environment/inventory/library/Books/Library/Media/The Tao Te Ching A New Translation with Commentary,codex,skipped,non-text file
codex/environment/inventory/library/Books/Library/Media/A History of the World in 6 Glasses/cover.jpg,codex/environment/inventory/library/Books/Library/Media/A History of the World in 6 Glasses,codex,skipped,non-text file
codex/environment/inventory/library/Books/Library/Media/The Manga Guide to Regression Analysis/cover.jpg,codex/environment/inventory/library/Books/Library/Media/The Manga Guide to Regression Analysis,codex,skipped,non-text file
codex/environment/inventory/library/Books/Library/Media/Critical Thinking/cover.jpg,codex/environment/inventory/library/Books/Library/Media/Critical Thinking,codex,skipped,non-text file
codex/environment/inventory/library/Books/Library/Media/Search Inside Yourself The Unexpected Path to Achi/cover.jpg,codex/environment/inventory/library/Books/Library/Media/Search Inside Yourself The Unexpected Path to Achi,codex,skipped,non-text file
codex/environment/inventory/library/Books/Library/Media/The Power of Myth/cover.jpg,codex/environment/inventory/library/Books/Library/Media/The Power of Myth,codex,skipped,non-text file
codex/environment/inventory/library/Books/Library/Media/The Dragons of Eden Speculations on the Evolution/cover.jpg,codex/environment/inventory/library/Books/Library/Media/The Dragons of Eden Speculations on the Evolution,codex,skipped,non-text file
codex/environment/inventory/library/Books/Library/Media/How To Stop Worrying And Start Living/cover.jpg,codex/environment/inventory/library/Books/Library/Media/How To Stop Worrying And Start Living,codex,skipped,non-text file
codex/environment/inventory/library/Books/Library/Media/Buddha 2/cover.jpg,codex/environment/inventory/library/Books/Library/Media/Buddha 2,codex,skipped,non-text file
codex/environment/inventory/library/Books/Library/Media/How to Win Friends and Influence People (Special A/cover.jpg,codex/environment/inventory/library/Books/Library/Media/How to Win Friends and Influence People (Special A,codex,skipped,non-text file
codex/environment/inventory/library/Books/Library/Media/The Cobweb A Novel/cover.jpg,codex/environment/inventory/library/Books/Library/Media/The Cobweb A Novel,codex,skipped,non-text file
codex/environment/inventory/library/Books/Library/Media/Ishmael An Adventure of the Mind and Spirit/cover.jpg,codex/environment/inventory/library/Books/Library/Media/Ishmael An Adventure of the Mind and Spirit,codex,skipped,non-text file
codex/environment/inventory/library/Books/Library/Media/Wonderful Life With the Elements The Periodic Tabl/cover.jpg,codex/environment/inventory/library/Books/Library/Media/Wonderful Life With the Elements The Periodic Tabl,codex,skipped,non-text file
codex/environment/inventory/library/Books/Library/Media/Six Pillars of Self-Esteem/cover.jpg,codex/environment/inventory/library/Books/Library/Media/Six Pillars of Self-Esteem,codex,skipped,non-text file
codex/environment/inventory/library/Books/Library/Media/Caesar and Christ The Story of Civilization/cover.jpg,codex/environment/inventory/library/Books/Library/Media/Caesar and Christ The Story of Civilization,codex,skipped,non-text file
codex/environment/inventory/library/Books/Library/Media/Brief Answers to the Big Questions/cover.jpg,codex/environment/inventory/library/Books/Library/Media/Brief Answers to the Big Questions,codex,skipped,non-text file
"codex/environment/inventory/library/Books/Library/Media/PoC or GTFO, Volume 2/cover.jpg","codex/environment/inventory/library/Books/Library/Media/PoC or GTFO, Volume 2",codex,skipped,non-text file
codex/environment/inventory/library/Books/Library/Media/A Theory of Human Motivation/cover.jpg,codex/environment/inventory/library/Books/Library/Media/A Theory of Human Motivation,codex,skipped,non-text file
codex/environment/inventory/library/Books/Library/Media/The Leadership Challenge/cover.jpg,codex/environment/inventory/library/Books/Library/Media/The Leadership Challenge,codex,skipped,non-text file
codex/environment/inventory/library/Books/Library/Media/The Story of Philosophy/cover.jpg,codex/environment/inventory/library/Books/Library/Media/The Story of Philosophy,codex,skipped,non-text file
codex/environment/inventory/library/Books/Library/Media/12 Essential Skills for Software Architects/cover.jpg,codex/environment/inventory/library/Books/Library/Media/12 Essential Skills for Software Architects,codex,skipped,non-text file
codex/environment/inventory/library/Books/Library/Media/The Ultimate Sales Revolution Sell Differently Cha/cover.jpg,codex/environment/inventory/library/Books/Library/Media/The Ultimate Sales Revolution Sell Differently Cha,codex,skipped,non-text file
codex/environment/inventory/library/Books/Library/Media/Pale Blue Dot A Vision of the Human Future in Spac/cover.jpg,codex/environment/inventory/library/Books/Library/Media/Pale Blue Dot A Vision of the Human Future in Spac,codex,skipped,non-text file
codex/environment/inventory/library/Books/Library/Media/Forward the Foundation/cover.jpg,codex/environment/inventory/library/Books/Library/Media/Forward the Foundation,codex,skipped,non-text file
codex/environment/inventory/library/Books/Library/Media/Black Tie/cover.jpg,codex/environment/inventory/library/Books/Library/Media/Black Tie,codex,skipped,non-text file
codex/environment/inventory/library/Books/Library/Media/The Guild Leaders Handbook Strategies and Guidanc/cover.jpg,codex/environment/inventory/library/Books/Library/Media/The Guild Leaders Handbook Strategies and Guidanc,codex,skipped,non-text file
codex/environment/inventory/library/Books/Library/Media/Paradigms of Artificial Intelligence Programming C/cover.jpg,codex/environment/inventory/library/Books/Library/Media/Paradigms of Artificial Intelligence Programming C,codex,skipped,non-text file
"codex/environment/inventory/library/Books/Library/Media/Own the Day, Own Your Life Optimized Practices for/cover.jpg","codex/environment/inventory/library/Books/Library/Media/Own the Day, Own Your Life Optimized Practices for",codex,skipped,non-text file
codex/environment/inventory/library/Books/Library/Media/Watchmen/cover.jpg,codex/environment/inventory/library/Books/Library/Media/Watchmen,codex,skipped,non-text file
codex/environment/inventory/library/Books/Library/Media/Ready Player One/cover.jpg,codex/environment/inventory/library/Books/Library/Media/Ready Player One,codex,skipped,non-text file
codex/environment/inventory/library/Books/Library/Media/Zodiac/cover.jpg,codex/environment/inventory/library/Books/Library/Media/Zodiac,codex,skipped,non-text file
codex/environment/inventory/library/Books/Library/Media/Buddha 3/cover.jpg,codex/environment/inventory/library/Books/Library/Media/Buddha 3,codex,skipped,non-text file
codex/environment/inventory/library/Books/Library/Media/The Hate U Give Collectors Edition/cover.jpg,codex/environment/inventory/library/Books/Library/Media/The Hate U Give Collectors Edition,codex,skipped,non-text file
codex/environment/inventory/library/Books/Library/Media/The Hitchhikers Guide to the Galaxy/cover.jpg,codex/environment/inventory/library/Books/Library/Media/The Hitchhikers Guide to the Galaxy,codex,skipped,non-text file
codex/environment/inventory/library/Books/Library/Media/The Universe in a Single Atom The Convergence of S/cover.jpg,codex/environment/inventory/library/Books/Library/Media/The Universe in a Single Atom The Convergence of S,codex,skipped,non-text file
codex/environment/inventory/library/Books/Library/Media/Buddha 5/cover.jpg,codex/environment/inventory/library/Books/Library/Media/Buddha 5,codex,skipped,non-text file
codex/environment/inventory/library/Books/Library/Media/Survival Guide for Citizens in a Revolution/cover.jpg,codex/environment/inventory/library/Books/Library/Media/Survival Guide for Citizens in a Revolution,codex,skipped,non-text file
codex/environment/inventory/library/Books/Library/Media/Zen and the Art of Motorcycle Maintenance/cover.jpg,codex/environment/inventory/library/Books/Library/Media/Zen and the Art of Motorcycle Maintenance,codex,skipped,non-text file
codex/environment/inventory/library/Books/Library/Media/How to Read a Book The Classic Guide to Intelligen/cover.jpg,codex/environment/inventory/library/Books/Library/Media/How to Read a Book The Classic Guide to Intelligen,codex,skipped,non-text file
codex/environment/inventory/library/Books/Library/Media/Perelandra/cover.jpg,codex/environment/inventory/library/Books/Library/Media/Perelandra,codex,skipped,non-text file
codex/environment/inventory/library/Books/Library/Media/Slaughterhouse-Five A Novel/cover.jpg,codex/environment/inventory/library/Books/Library/Media/Slaughterhouse-Five A Novel,codex,skipped,non-text file
codex/environment/inventory/library/Books/Library/Media/Frankenstein/cover.jpg,codex/environment/inventory/library/Books/Library/Media/Frankenstein,codex,skipped,non-text file
codex/environment/inventory/library/Books/Library/Media/Life of Greece/cover.jpg,codex/environment/inventory/library/Books/Library/Media/Life of Greece,codex,skipped,non-text file
codex/environment/inventory/library/Books/Library/Media/The Analects of Confucius/cover.jpg,codex/environment/inventory/library/Books/Library/Media/The Analects of Confucius,codex,skipped,non-text file
codex/environment/inventory/library/Books/Library/Media/Beyond Feelings A Guide to Critical Thinking/cover.jpg,codex/environment/inventory/library/Books/Library/Media/Beyond Feelings A Guide to Critical Thinking,codex,skipped,non-text file
codex/environment/inventory/library/Books/Library/Media/The Manga Guide to Relativity/cover.jpg,codex/environment/inventory/library/Books/Library/Media/The Manga Guide to Relativity,codex,skipped,non-text file
codex/environment/inventory/library/Books/Library/Media/Waking Up/cover.jpg,codex/environment/inventory/library/Books/Library/Media/Waking Up,codex,skipped,non-text file
codex/environment/inventory/library/Books/Library/Media/Software & Hardware Collide/cover.jpg,codex/environment/inventory/library/Books/Library/Media/Software & Hardware Collide,codex,skipped,non-text file
codex/environment/inventory/library/Books/Library/Media/Good Omens The Nice and Accurate Prophecies of Agn/cover.jpg,codex/environment/inventory/library/Books/Library/Media/Good Omens The Nice and Accurate Prophecies of Agn,codex,skipped,non-text file
codex/environment/inventory/library/Books/Library/Media/Platos Republic/cover.jpg,codex/environment/inventory/library/Books/Library/Media/Platos Republic,codex,skipped,non-text file
codex/environment/inventory/library/Books/Library/Media/The Manga Guide to the Universe/cover.jpg,codex/environment/inventory/library/Books/Library/Media/The Manga Guide to the Universe,codex,skipped,non-text file
codex/environment/inventory/library/Books/Library/Media/Steal This Computer Book 4 0 What They Wont Tell/cover.jpg,codex/environment/inventory/library/Books/Library/Media/Steal This Computer Book 4 0 What They Wont Tell,codex,skipped,non-text file
codex/environment/inventory/library/Books/Library/Media/The Further Adventures of an Idiot Abroad/cover.jpg,codex/environment/inventory/library/Books/Library/Media/The Further Adventures of an Idiot Abroad,codex,skipped,non-text file
codex/environment/inventory/library/Books/Library/Media/Foundation and Earth/cover.jpg,codex/environment/inventory/library/Books/Library/Media/Foundation and Earth,codex,skipped,non-text file
"codex/environment/inventory/library/Books/Library/Media/Enlightenment Now The Case for Reason, Science, Hu/cover.jpg","codex/environment/inventory/library/Books/Library/Media/Enlightenment Now The Case for Reason, Science, Hu",codex,skipped,non-text file
codex/environment/inventory/library/Books/Library/Media/Code Craft The Practice of Writing Excellent Code/cover.jpg,codex/environment/inventory/library/Books/Library/Media/Code Craft The Practice of Writing Excellent Code,codex,skipped,non-text file
codex/environment/inventory/library/Books/Library/Media/Dont Sweat the Small Stuff And Its All Small Stu/cover.jpg,codex/environment/inventory/library/Books/Library/Media/Dont Sweat the Small Stuff And Its All Small Stu,codex,skipped,non-text file
codex/environment/inventory/library/Books/Library/Media/Story of Civilization/cover.jpg,codex/environment/inventory/library/Books/Library/Media/Story of Civilization,codex,skipped,non-text file
codex/environment/inventory/library/Books/Library/Media/Jesus and the Lost Goddess The Secret Teachings of/cover.jpg,codex/environment/inventory/library/Books/Library/Media/Jesus and the Lost Goddess The Secret Teachings of,codex,skipped,non-text file
"codex/environment/inventory/library/Books/Library/Media/Write Great Code, Volume 2 Thinking Low Level, Wri/cover.jpg","codex/environment/inventory/library/Books/Library/Media/Write Great Code, Volume 2 Thinking Low Level, Wri",codex,skipped,non-text file
codex/environment/inventory/library/Books/Library/Media/The Backyard Homestead Guide to Energy Self-Suffic/cover.jpg,codex/environment/inventory/library/Books/Library/Media/The Backyard Homestead Guide to Energy Self-Suffic,codex,skipped,non-text file
codex/environment/inventory/library/Books/Library/Media/Homo Deus A Brief History of Tomorrow/cover.jpg,codex/environment/inventory/library/Books/Library/Media/Homo Deus A Brief History of Tomorrow,codex,skipped,non-text file
codex/environment/inventory/library/Books/Library/Media/StrengthsFinder 2 0/cover.jpg,codex/environment/inventory/library/Books/Library/Media/StrengthsFinder 2 0,codex,skipped,non-text file
codex/environment/inventory/library/Books/Library/Media/The Penguin Complete Sherlock Holmes/cover.jpg,codex/environment/inventory/library/Books/Library/Media/The Penguin Complete Sherlock Holmes,codex,skipped,non-text file
"codex/environment/inventory/library/Books/Library/Media/Hacking The Art of Exploitation, 2nd Edition/cover.jpg","codex/environment/inventory/library/Books/Library/Media/Hacking The Art of Exploitation, 2nd Edition",codex,skipped,non-text file
codex/environment/inventory/library/Books/Library/Media/Think Like a Programmer An Introduction to Creativ/cover.jpg,codex/environment/inventory/library/Books/Library/Media/Think Like a Programmer An Introduction to Creativ,codex,skipped,non-text file
codex/environment/inventory/library/Books/Library/Media/Personality Types Jungs Model of Typology/cover.jpg,codex/environment/inventory/library/Books/Library/Media/Personality Types Jungs Model of Typology,codex,skipped,non-text file
"codex/environment/inventory/library/Books/Library/Media/How Software Works The Magic Behind Encryption, CG/cover.jpg","codex/environment/inventory/library/Books/Library/Media/How Software Works The Magic Behind Encryption, CG",codex,skipped,non-text file
codex/environment/inventory/library/Books/Library/Media/Dexter Is Delicious Dexter Morgan (5)/cover.jpg,codex/environment/inventory/library/Books/Library/Media/Dexter Is Delicious Dexter Morgan (5),codex,skipped,non-text file
codex/environment/inventory/library/Books/Library/Media/Kungfu Basics/cover.jpg,codex/environment/inventory/library/Books/Library/Media/Kungfu Basics,codex,skipped,non-text file
codex/environment/inventory/library/Books/Library/Media/The Renaissance The Story of Civilization/cover.jpg,codex/environment/inventory/library/Books/Library/Media/The Renaissance The Story of Civilization,codex,skipped,non-text file
codex/environment/inventory/library/Books/Library/Media/How to Think Straight About Psychology (Custom)/cover.jpg,codex/environment/inventory/library/Books/Library/Media/How to Think Straight About Psychology (Custom),codex,skipped,non-text file
codex/environment/inventory/library/Books/Library/Media/Tribe/cover.jpg,codex/environment/inventory/library/Books/Library/Media/Tribe,codex,skipped,non-text file
codex/environment/inventory/library/Books/Library/Media/The Manga Guide to Statistics/cover.jpg,codex/environment/inventory/library/Books/Library/Media/The Manga Guide to Statistics,codex,skipped,non-text file
codex/environment/inventory/library/Books/Library/Media/The Manga Guide to Physiology/cover.jpg,codex/environment/inventory/library/Books/Library/Media/The Manga Guide to Physiology,codex,skipped,non-text file
codex/environment/inventory/library/Books/Library/Media/DnD 5e Players Handbook (BnW OCR)/cover.jpg,codex/environment/inventory/library/Books/Library/Media/DnD 5e Players Handbook (BnW OCR),codex,skipped,non-text file
codex/environment/inventory/library/Books/Library/Media/Last Words/cover.jpg,codex/environment/inventory/library/Books/Library/Media/Last Words,codex,skipped,non-text file
codex/environment/inventory/library/Books/Library/Media/How Linux Works What Every Superuser Should Know/cover.jpg,codex/environment/inventory/library/Books/Library/Media/How Linux Works What Every Superuser Should Know,codex,skipped,non-text file
"codex/environment/inventory/library/Books/Library/Media/Elon Musk Tesla, SpaceX, and the Quest for a Fanta/cover.jpg","codex/environment/inventory/library/Books/Library/Media/Elon Musk Tesla, SpaceX, and the Quest for a Fanta",codex,skipped,non-text file
codex/environment/inventory/library/Books/Library/Media/Symposium/cover.jpg,codex/environment/inventory/library/Books/Library/Media/Symposium,codex,skipped,non-text file
"codex/environment/inventory/library/Books/Library/Media/Do the Gods Wear Capes Spirituality, Fantasy, and/cover.jpg","codex/environment/inventory/library/Books/Library/Media/Do the Gods Wear Capes Spirituality, Fantasy, and",codex,skipped,non-text file
codex/environment/inventory/library/Books/Library/Media/Foundation/cover.jpg,codex/environment/inventory/library/Books/Library/Media/Foundation,codex,skipped,non-text file
codex/environment/inventory/library/Books/Library/Media/The Strange Life of Nikola Tesla/cover.jpg,codex/environment/inventory/library/Books/Library/Media/The Strange Life of Nikola Tesla,codex,skipped,non-text file
codex/environment/inventory/library/Books/Library/Media/Relativity/cover.jpg,codex/environment/inventory/library/Books/Library/Media/Relativity,codex,skipped,non-text file
codex/environment/inventory/library/Books/Library/Media/The Age of Louis XIV The Story of Civilization/cover.jpg,codex/environment/inventory/library/Books/Library/Media/The Age of Louis XIV The Story of Civilization,codex,skipped,non-text file
codex/environment/inventory/library/Books/Library/Media/Interface/cover.jpg,codex/environment/inventory/library/Books/Library/Media/Interface,codex,skipped,non-text file
codex/environment/inventory/library/Books/Library/Media/Brave New World/cover.jpg,codex/environment/inventory/library/Books/Library/Media/Brave New World,codex,skipped,non-text file
codex/environment/inventory/library/Books/Library/Media/History of Western Philosophy/cover.jpg,codex/environment/inventory/library/Books/Library/Media/History of Western Philosophy,codex,skipped,non-text file
codex/environment/inventory/library/Books/Library/Media/The Manga Guide to Microprocessors/cover.jpg,codex/environment/inventory/library/Books/Library/Media/The Manga Guide to Microprocessors,codex,skipped,non-text file
codex/environment/inventory/library/Books/Library/Media/Buddha 1/cover.jpg,codex/environment/inventory/library/Books/Library/Media/Buddha 1,codex,skipped,non-text file
codex/environment/inventory/library/Books/Library/Media/Brain Rules for Aging Well 10 Principles for Stayi/cover.jpg,codex/environment/inventory/library/Books/Library/Media/Brain Rules for Aging Well 10 Principles for Stayi,codex,skipped,non-text file
codex/environment/inventory/library/Books/Library/Media/Einstein His Life and Universe/cover.jpg,codex/environment/inventory/library/Books/Library/Media/Einstein His Life and Universe,codex,skipped,non-text file
codex/environment/inventory/library/Books/Library/Media/How to Be an Adult in Relationships/cover.jpg,codex/environment/inventory/library/Books/Library/Media/How to Be an Adult in Relationships,codex,skipped,non-text file
codex/environment/inventory/library/Books/Library/Media/Billions and Billions/cover.jpg,codex/environment/inventory/library/Books/Library/Media/Billions and Billions,codex,skipped,non-text file
codex/environment/inventory/library/Books/Library/Media/What Is the Internet of Things/cover.jpg,codex/environment/inventory/library/Books/Library/Media/What Is the Internet of Things,codex,skipped,non-text file
codex/environment/inventory/library/Books/Library/Media/In the Beginning Was the Command Line/cover.jpg,codex/environment/inventory/library/Books/Library/Media/In the Beginning Was the Command Line,codex,skipped,non-text file
codex/environment/inventory/library/Books/Library/Media/First Man The Life of Neil A Armstrong/cover.jpg,codex/environment/inventory/library/Books/Library/Media/First Man The Life of Neil A Armstrong,codex,skipped,non-text file
codex/environment/inventory/library/Books/Library/Media/Prelude to Foundation/cover.jpg,codex/environment/inventory/library/Books/Library/Media/Prelude to Foundation,codex,skipped,non-text file
codex/environment/inventory/library/Books/Library/Media/Computer Science Distilled Learn the Art of Solvin/cover.jpg,codex/environment/inventory/library/Books/Library/Media/Computer Science Distilled Learn the Art of Solvin,codex,skipped,non-text file
codex/environment/inventory/library/Books/Library/Media/My Most Excellent Year/cover.jpg,codex/environment/inventory/library/Books/Library/Media/My Most Excellent Year,codex,skipped,non-text file
codex/environment/inventory/library/Books/Library/Media/The Wealthy Barber Returns/cover.jpg,codex/environment/inventory/library/Books/Library/Media/The Wealthy Barber Returns,codex,skipped,non-text file
codex/environment/inventory/library/Books/Library/Media/The Age of Reason Begins The Story of Civilization/cover.jpg,codex/environment/inventory/library/Books/Library/Media/The Age of Reason Begins The Story of Civilization,codex,skipped,non-text file
codex/environment/inventory/library/Books/Library/Media/The Elements of Style/cover.jpg,codex/environment/inventory/library/Books/Library/Media/The Elements of Style,codex,skipped,non-text file
codex/environment/inventory/library/Books/Library/Media/2001 A Space Odyssey/cover.jpg,codex/environment/inventory/library/Books/Library/Media/2001 A Space Odyssey,codex,skipped,non-text file
codex/environment/inventory/library/Books/Library/Media/Food of the Gods The Search for the Original Tree/cover.jpg,codex/environment/inventory/library/Books/Library/Media/Food of the Gods The Search for the Original Tree,codex,skipped,non-text file
codex/environment/inventory/library/Books/Library/Media/Our Incredible World/cover.jpg,codex/environment/inventory/library/Books/Library/Media/Our Incredible World,codex,skipped,non-text file
codex/environment/inventory/library/Books/Library/Media/The Odyssey of Homer/cover.jpg,codex/environment/inventory/library/Books/Library/Media/The Odyssey of Homer,codex,skipped,non-text file
codex/environment/inventory/library/Books/Library/Media/Open by Design/cover.jpg,codex/environment/inventory/library/Books/Library/Media/Open by Design,codex,skipped,non-text file
codex/environment/inventory/library/Books/Library/Media/Snow Crash/cover.jpg,codex/environment/inventory/library/Books/Library/Media/Snow Crash,codex,skipped,non-text file
codex/environment/inventory/library/Books/Library/Media/Meditations/cover.jpg,codex/environment/inventory/library/Books/Library/Media/Meditations,codex,skipped,non-text file
"codex/environment/inventory/library/Books/Library/Media/The Divine Matrix Bridging Time, Space, Miracles,/cover.jpg","codex/environment/inventory/library/Books/Library/Media/The Divine Matrix Bridging Time, Space, Miracles,",codex,skipped,non-text file
codex/environment/inventory/library/Books/Library/Media/My Ishmael/cover.jpg,codex/environment/inventory/library/Books/Library/Media/My Ishmael,codex,skipped,non-text file
codex/environment/inventory/library/Books/Library/Media/The Linux Programming Interface/cover.jpg,codex/environment/inventory/library/Books/Library/Media/The Linux Programming Interface,codex,skipped,non-text file
codex/environment/inventory/library/Books/Library/Media/Dearly Devoted Dexter/cover.jpg,codex/environment/inventory/library/Books/Library/Media/Dearly Devoted Dexter,codex,skipped,non-text file
codex/environment/inventory/library/Books/Library/Media/Ego Is the Enemy/cover.jpg,codex/environment/inventory/library/Books/Library/Media/Ego Is the Enemy,codex,skipped,non-text file
codex/environment/inventory/library/Books/Library/Media/Network Know-How An Essential Guide for the Accide/cover.jpg,codex/environment/inventory/library/Books/Library/Media/Network Know-How An Essential Guide for the Accide,codex,skipped,non-text file
codex/environment/inventory/library/Books/Library/Media/The Art of Interactive Design A Euphonious and Ill/cover.jpg,codex/environment/inventory/library/Books/Library/Media/The Art of Interactive Design A Euphonious and Ill,codex,skipped,non-text file
codex/environment/inventory/library/Books/Library/Media/30 Days to a Better Man/cover.jpg,codex/environment/inventory/library/Books/Library/Media/30 Days to a Better Man,codex,skipped,non-text file
codex/environment/inventory/library/Books/Library/Media/Software Above the Level of a Single Device/cover.jpg,codex/environment/inventory/library/Books/Library/Media/Software Above the Level of a Single Device,codex,skipped,non-text file
codex/environment/inventory/library/Books/Library/Media/Mindfulness Meditation (For Everyday Life)/cover.jpg,codex/environment/inventory/library/Books/Library/Media/Mindfulness Meditation (For Everyday Life),codex,skipped,non-text file
codex/environment/inventory/library/Books/Library/Media/Saint Young Men/cover.jpg,codex/environment/inventory/library/Books/Library/Media/Saint Young Men,codex,skipped,non-text file
codex/environment/inventory/library/Books/Library/Media/LSD my problem/cover.jpg,codex/environment/inventory/library/Books/Library/Media/LSD my problem,codex,skipped,non-text file
codex/environment/inventory/library/Books/Library/Media/The Definitive Book of Body Language How to Read O/cover.jpg,codex/environment/inventory/library/Books/Library/Media/The Definitive Book of Body Language How to Read O,codex,skipped,non-text file
codex/environment/inventory/library/Books/Library/Media/The Four Agreements A Practical Guide to Personal/cover.jpg,codex/environment/inventory/library/Books/Library/Media/The Four Agreements A Practical Guide to Personal,codex,skipped,non-text file
codex/environment/inventory/library/Books/Library/Media/Summary The Lean Startup Eric Ries/cover.jpg,codex/environment/inventory/library/Books/Library/Media/Summary The Lean Startup Eric Ries,codex,skipped,non-text file
codex/environment/inventory/library/Books/Library/Media/How to Think Like a Roman Emperor The Stoic Philos/cover.jpg,codex/environment/inventory/library/Books/Library/Media/How to Think Like a Roman Emperor The Stoic Philos,codex,skipped,non-text file
codex/environment/inventory/library/Books/Library/Media/The Effective Executive/cover.jpg,codex/environment/inventory/library/Books/Library/Media/The Effective Executive,codex,skipped,non-text file
codex/environment/inventory/library/Books/Library/Media/Flow The Psychology of Optimal Experience (Harper/cover.jpg,codex/environment/inventory/library/Books/Library/Media/Flow The Psychology of Optimal Experience (Harper,codex,skipped,non-text file
codex/environment/inventory/library/Books/Library/Media/When Hardware Meets Software/cover.jpg,codex/environment/inventory/library/Books/Library/Media/When Hardware Meets Software,codex,skipped,non-text file
codex/environment/inventory/library/Books/Library/Media/Buddha 6/cover.jpg,codex/environment/inventory/library/Books/Library/Media/Buddha 6,codex,skipped,non-text file
codex/environment/inventory/library/Books/Library/Media/Linux Command Line & Shell Scripting Bible/cover.jpg,codex/environment/inventory/library/Books/Library/Media/Linux Command Line & Shell Scripting Bible,codex,skipped,non-text file
codex/environment/inventory/library/Books/Library/Media/The Total Money Makeover Classic Edition A Proven/cover.jpg,codex/environment/inventory/library/Books/Library/Media/The Total Money Makeover Classic Edition A Proven,codex,skipped,non-text file
codex/environment/inventory/library/Books/Library/Media/Foundations Edge/cover.jpg,codex/environment/inventory/library/Books/Library/Media/Foundations Edge,codex,skipped,non-text file
codex/environment/inventory/library/Books/Library/Media/The Manga Guide to Databases/cover.jpg,codex/environment/inventory/library/Books/Library/Media/The Manga Guide to Databases,codex,skipped,non-text file
codex/environment/inventory/library/Books/Library/Media/Dexter Is Dead/cover.jpg,codex/environment/inventory/library/Books/Library/Media/Dexter Is Dead,codex,skipped,non-text file
codex/environment/inventory/library/Books/Library/Media/Dune/cover.jpg,codex/environment/inventory/library/Books/Library/Media/Dune,codex,skipped,non-text file
codex/environment/inventory/library/Books/Library/Media/A Storm of Swords/cover.jpg,codex/environment/inventory/library/Books/Library/Media/A Storm of Swords,codex,skipped,non-text file
codex/environment/inventory/library/Books/Library/Media/Carl Sagans Cosmic Connection An Extraterrestrial/cover.jpg,codex/environment/inventory/library/Books/Library/Media/Carl Sagans Cosmic Connection An Extraterrestrial,codex,skipped,non-text file
codex/environment/inventory/library/Books/Library/Media/The Mindful Geek Mindfulness Meditation for Secula/cover.jpg,codex/environment/inventory/library/Books/Library/Media/The Mindful Geek Mindfulness Meditation for Secula,codex,skipped,non-text file
codex/environment/inventory/library/Books/Library/Media/Recovery Freedom From Our Addictions/cover.jpg,codex/environment/inventory/library/Books/Library/Media/Recovery Freedom From Our Addictions,codex,skipped,non-text file
"codex/environment/inventory/library/Books/Library/Media/The Disaster Artist My Life Inside the Room, the G/cover.jpg","codex/environment/inventory/library/Books/Library/Media/The Disaster Artist My Life Inside the Room, the G",codex,skipped,non-text file
codex/environment/inventory/library/Books/Library/Media/The Total Money Makeove Workbook A Proven Plan for/cover.jpg,codex/environment/inventory/library/Books/Library/Media/The Total Money Makeove Workbook A Proven Plan for,codex,skipped,non-text file
codex/environment/inventory/library/Books/Library/Media/A Short History of Nearly Everything/cover.jpg,codex/environment/inventory/library/Books/Library/Media/A Short History of Nearly Everything,codex,skipped,non-text file
codex/environment/inventory/library/Books/Library/Media/The Makers Guide to the Zombie Apocalypse Defend/cover.jpg,codex/environment/inventory/library/Books/Library/Media/The Makers Guide to the Zombie Apocalypse Defend,codex,skipped,non-text file
codex/environment/inventory/library/Books/Library/Media/No Bullshit Guide to Math and Physics/cover.jpg,codex/environment/inventory/library/Books/Library/Media/No Bullshit Guide to Math and Physics,codex,skipped,non-text file
codex/environment/inventory/library/Books/Library/Media/The Manga Guide to Physics/cover.jpg,codex/environment/inventory/library/Books/Library/Media/The Manga Guide to Physics,codex,skipped,non-text file
codex/environment/inventory/library/Books/Library/Media/Manufacturing Consent The Political Economy of the/cover.jpg,codex/environment/inventory/library/Books/Library/Media/Manufacturing Consent The Political Economy of the,codex,skipped,non-text file
codex/environment/inventory/library/Books/Library/Media/Guide to Java A Concise Introduction to Programmin/cover.jpg,codex/environment/inventory/library/Books/Library/Media/Guide to Java A Concise Introduction to Programmin,codex,skipped,non-text file
codex/environment/inventory/library/Books/Library/Media/The Manga Guide to Cryptography/cover.jpg,codex/environment/inventory/library/Books/Library/Media/The Manga Guide to Cryptography,codex,skipped,non-text file
codex/environment/inventory/library/Books/Library/Media/The Pragmatic Programmer From Journeyman to Master/cover.jpg,codex/environment/inventory/library/Books/Library/Media/The Pragmatic Programmer From Journeyman to Master,codex,skipped,non-text file
codex/environment/inventory/library/Books/Library/Media/Do Androids Dream of Electric Sheep/cover.jpg,codex/environment/inventory/library/Books/Library/Media/Do Androids Dream of Electric Sheep,codex,skipped,non-text file
codex/environment/inventory/library/Books/Library/Media/There Is Nothing Wrong With You/cover.jpg,codex/environment/inventory/library/Books/Library/Media/There Is Nothing Wrong With You,codex,skipped,non-text file
codex/environment/inventory/library/Books/Library/Media/The Manga Guide to Linear Algebrea/cover.jpg,codex/environment/inventory/library/Books/Library/Media/The Manga Guide to Linear Algebrea,codex,skipped,non-text file
codex/environment/inventory/library/Books/Library/Media/The Pragmatist’s Guide to Life/cover.jpg,codex/environment/inventory/library/Books/Library/Media/The Pragmatist’s Guide to Life,codex,skipped,non-text file
"codex/environment/inventory/library/Books/Library/Media/The Devil in the White City Murder, Magic and Madn/cover.jpg","codex/environment/inventory/library/Books/Library/Media/The Devil in the White City Murder, Magic and Madn",codex,skipped,non-text file
codex/environment/inventory/library/Books/Library/Media/Foundation and Empire/cover.jpg,codex/environment/inventory/library/Books/Library/Media/Foundation and Empire,codex,skipped,non-text file
codex/environment/inventory/library/Books/Library/Media/The Google Resume How to Prepare for a Career and/cover.jpg,codex/environment/inventory/library/Books/Library/Media/The Google Resume How to Prepare for a Career and,codex,skipped,non-text file
codex/environment/inventory/library/Books/Library/Media/The Age of Voltaire The Story of Civilization/cover.jpg,codex/environment/inventory/library/Books/Library/Media/The Age of Voltaire The Story of Civilization,codex,skipped,non-text file
codex/environment/inventory/library/Books/Library/Media/Code The Hidden Language of Computer Hardware and/cover.jpg,codex/environment/inventory/library/Books/Library/Media/Code The Hidden Language of Computer Hardware and,codex,skipped,non-text file
codex/environment/inventory/library/Books/Library/Media/The Varieties of Scientific Experience A Personal/cover.jpg,codex/environment/inventory/library/Books/Library/Media/The Varieties of Scientific Experience A Personal,codex,skipped,non-text file
codex/environment/inventory/library/Books/Library/Media/I Am Legend/cover.jpg,codex/environment/inventory/library/Books/Library/Media/I Am Legend,codex,skipped,non-text file
codex/environment/inventory/library/Books/Library/Media/Rationality From AI to Zombies/cover.jpg,codex/environment/inventory/library/Books/Library/Media/Rationality From AI to Zombies,codex,skipped,non-text file
codex/environment/inventory/library/Books/Library/Media/This Is Marketing You Cant Be Seen Until You Lear/cover.jpg,codex/environment/inventory/library/Books/Library/Media/This Is Marketing You Cant Be Seen Until You Lear,codex,skipped,non-text file
codex/environment/inventory/library/Books/Library/Media/Write Great Code Understanding the Machine/cover.jpg,codex/environment/inventory/library/Books/Library/Media/Write Great Code Understanding the Machine,codex,skipped,non-text file
codex/environment/inventory/library/Books/Library/Media/An Idiot Abroad The Travel Diaries of Karl Pilking/cover.jpg,codex/environment/inventory/library/Books/Library/Media/An Idiot Abroad The Travel Diaries of Karl Pilking,codex,skipped,non-text file
codex/environment/inventory/library/Books/Library/Media/The Dark Tower I The Gunslinger/cover.jpg,codex/environment/inventory/library/Books/Library/Media/The Dark Tower I The Gunslinger,codex,skipped,non-text file
codex/environment/inventory/library/Books/Library/Media/The Linux Command Line/cover.jpg,codex/environment/inventory/library/Books/Library/Media/The Linux Command Line,codex,skipped,non-text file
codex/environment/inventory/library/Books/Library/Media/A Dance With Dragons/cover.jpg,codex/environment/inventory/library/Books/Library/Media/A Dance With Dragons,codex,skipped,non-text file
codex/environment/inventory/library/Books/Library/Media/What If Serious Scientific Answers to Absurd Hypot/cover.jpg,codex/environment/inventory/library/Books/Library/Media/What If Serious Scientific Answers to Absurd Hypot,codex,skipped,non-text file
codex/environment/inventory/library/Books/Library/Media/Make It Stick/cover.jpg,codex/environment/inventory/library/Books/Library/Media/Make It Stick,codex,skipped,non-text file
codex/environment/inventory/library/Books/Library/Media/Dungeons & Dragons Basic Rules/cover.jpg,codex/environment/inventory/library/Books/Library/Media/Dungeons & Dragons Basic Rules,codex,skipped,non-text file
codex/environment/inventory/library/Books/Library/Media/Double Dexter Dexter Morgan (6)/cover.jpg,codex/environment/inventory/library/Books/Library/Media/Double Dexter Dexter Morgan (6),codex,skipped,non-text file
codex/environment/inventory/library/Books/Library/Media/Hamlets BlackBerry A Practical Philosophy for Bui/cover.jpg,codex/environment/inventory/library/Books/Library/Media/Hamlets BlackBerry A Practical Philosophy for Bui,codex,skipped,non-text file
codex/environment/inventory/library/Books/Library/Media/The Walking Dead Compendium v01 (2011)/cover.jpg,codex/environment/inventory/library/Books/Library/Media/The Walking Dead Compendium v01 (2011),codex,skipped,non-text file
codex/environment/inventory/library/Books/Library/Media/Early Retirement Extreme/cover.jpg,codex/environment/inventory/library/Books/Library/Media/Early Retirement Extreme,codex,skipped,non-text file
codex/environment/inventory/library/Books/Library/Media/If Hemingway Wrote JavaScript/cover.jpg,codex/environment/inventory/library/Books/Library/Media/If Hemingway Wrote JavaScript,codex,skipped,non-text file
codex/environment/inventory/library/Books/Library/Media/Linux Basics for Hackers/cover.jpg,codex/environment/inventory/library/Books/Library/Media/Linux Basics for Hackers,codex,skipped,non-text file
codex/environment/inventory/library/Books/Library/Media/Mastermind How to Think Like Sherlock Holmes/cover.jpg,codex/environment/inventory/library/Books/Library/Media/Mastermind How to Think Like Sherlock Holmes,codex,skipped,non-text file
codex/environment/inventory/library/Books/Library/Media/Launching a Leadership Revolution/cover.jpg,codex/environment/inventory/library/Books/Library/Media/Launching a Leadership Revolution,codex,skipped,non-text file
codex/environment/inventory/library/Books/Library/Media/Our Revolution A Future to Believe In/cover.jpg,codex/environment/inventory/library/Books/Library/Media/Our Revolution A Future to Believe In,codex,skipped,non-text file
codex/environment/inventory/library/Books/Library/Media/Problem Solving and Programming Concepts/cover.jpg,codex/environment/inventory/library/Books/Library/Media/Problem Solving and Programming Concepts,codex,skipped,non-text file
codex/environment/inventory/library/Books/Library/Media/Astrophysics for People in a Hurry/cover.jpg,codex/environment/inventory/library/Books/Library/Media/Astrophysics for People in a Hurry,codex,skipped,non-text file
codex/environment/inventory/library/Books/Library/Media/The Reformation The Story of Civilization/cover.jpg,codex/environment/inventory/library/Books/Library/Media/The Reformation The Story of Civilization,codex,skipped,non-text file
codex/environment/inventory/library/Books/Library/Media/The Dude and the Zen Master/cover.jpg,codex/environment/inventory/library/Books/Library/Media/The Dude and the Zen Master,codex,skipped,non-text file
codex/environment/inventory/library/Books/Library/Media/The Principles of Object-Oriented JavaScript/cover.jpg,codex/environment/inventory/library/Books/Library/Media/The Principles of Object-Oriented JavaScript,codex,skipped,non-text file
codex/environment/inventory/library/Books/Library/Media/Contact/cover.jpg,codex/environment/inventory/library/Books/Library/Media/Contact,codex,skipped,non-text file
codex/environment/inventory/library/Books/Library/Media/Beyond Civilization Humanitys Next Great Adventur/cover.jpg,codex/environment/inventory/library/Books/Library/Media/Beyond Civilization Humanitys Next Great Adventur,codex,skipped,non-text file
codex/environment/inventory/library/Books/Library/Media/The Ultimate Book of Mind Maps/cover.jpg,codex/environment/inventory/library/Books/Library/Media/The Ultimate Book of Mind Maps,codex,skipped,non-text file
codex/environment/inventory/library/Books/Library/Media/Youll Be Perfect When Youre Dead Collected Onlin/cover.jpg,codex/environment/inventory/library/Books/Library/Media/Youll Be Perfect When Youre Dead Collected Onlin,codex,skipped,non-text file
codex/environment/inventory/library/Books/Library/Media/The Self-Taught Programmer/cover.jpg,codex/environment/inventory/library/Books/Library/Media/The Self-Taught Programmer,codex,skipped,non-text file
codex/environment/inventory/library/Books/Library/Media/The Manga Guide to Biochemistry/cover.jpg,codex/environment/inventory/library/Books/Library/Media/The Manga Guide to Biochemistry,codex,skipped,non-text file
codex/environment/inventory/library/Books/Library/Media/Buddha 8/cover.jpg,codex/environment/inventory/library/Books/Library/Media/Buddha 8,codex,skipped,non-text file
codex/environment/inventory/library/Books/Library/Media/Becoming a Better Programmer/cover.jpg,codex/environment/inventory/library/Books/Library/Media/Becoming a Better Programmer,codex,skipped,non-text file
codex/environment/inventory/library/Books/Library/Media/Moonwalking With Einstein The Art and Science of R/cover.jpg,codex/environment/inventory/library/Books/Library/Media/Moonwalking With Einstein The Art and Science of R,codex,skipped,non-text file
"codex/environment/inventory/library/Books/Library/Media/I, Robot/cover.jpg","codex/environment/inventory/library/Books/Library/Media/I, Robot",codex,skipped,non-text file
codex/environment/inventory/library/Books/Library/Media/Mans Search for Meaning/cover.jpg,codex/environment/inventory/library/Books/Library/Media/Mans Search for Meaning,codex,skipped,non-text file
"codex/environment/inventory/library/Books/Library/Media/Mindhacker 60 Tips, Tricks, and Games to Take Your/cover.jpg","codex/environment/inventory/library/Books/Library/Media/Mindhacker 60 Tips, Tricks, and Games to Take Your",codex,skipped,non-text file
codex/environment/inventory/library/Books/Library/Media/The Courage to Be Disliked/cover.jpg,codex/environment/inventory/library/Books/Library/Media/The Courage to Be Disliked,codex,skipped,non-text file
codex/environment/inventory/library/Books/Library/Media/The Modern Web Multi-Device Web Development With H/cover.jpg,codex/environment/inventory/library/Books/Library/Media/The Modern Web Multi-Device Web Development With H,codex,skipped,non-text file
codex/environment/inventory/library/Books/Library/Media/Ten Steps to Linux Survival/cover.jpg,codex/environment/inventory/library/Books/Library/Media/Ten Steps to Linux Survival,codex,skipped,non-text file
codex/environment/inventory/library/Books/Library/Media/A Clash of Kings/cover.jpg,codex/environment/inventory/library/Books/Library/Media/A Clash of Kings,codex,skipped,non-text file
codex/environment/inventory/library/Books/Library/Media/97 Things Every Programmer Should Know/cover.jpg,codex/environment/inventory/library/Books/Library/Media/97 Things Every Programmer Should Know,codex,skipped,non-text file
codex/environment/inventory/library/Books/Library/Media/Rousseau and Revolution The Story of Civilization/cover.jpg,codex/environment/inventory/library/Books/Library/Media/Rousseau and Revolution The Story of Civilization,codex,skipped,non-text file
codex/environment/inventory/library/Books/Library/Media/The Preppers Complete Book of Disaster Readiness/cover.jpg,codex/environment/inventory/library/Books/Library/Media/The Preppers Complete Book of Disaster Readiness,codex,skipped,non-text file
codex/environment/inventory/library/Books/Library/Media/A Bug Hunters Diary A Guided Tour Through the Wil/cover.jpg,codex/environment/inventory/library/Books/Library/Media/A Bug Hunters Diary A Guided Tour Through the Wil,codex,skipped,non-text file
codex/environment/inventory/library/Books/Library/Media/Guide to Software Development Designing and Managi/cover.jpg,codex/environment/inventory/library/Books/Library/Media/Guide to Software Development Designing and Managi,codex,skipped,non-text file
codex/environment/inventory/library/Books/Library/Media/Jesus Christ In the Name of the Gun A Hollow Cost  847cf6d188d24cc79051b670a0b3eb82/cover.jpg,codex/environment/inventory/library/Books/Library/Media/Jesus Christ In the Name of the Gun A Hollow Cost  847cf6d188d24cc79051b670a0b3eb82,codex,skipped,non-text file
codex/environment/inventory/library/Books/Library/Media/Essential Life Skills Hierchy - A Holistic Exponen/cover.jpg,codex/environment/inventory/library/Books/Library/Media/Essential Life Skills Hierchy - A Holistic Exponen,codex,skipped,non-text file
codex/environment/inventory/library/Books/Library/Media/Out of the Silent Planet/cover.jpg,codex/environment/inventory/library/Books/Library/Media/Out of the Silent Planet,codex,skipped,non-text file
"codex/environment/inventory/library/Books/Library/Media/American Shaolin Flying Kicks, Buddhist Monks, and/cover.jpg","codex/environment/inventory/library/Books/Library/Media/American Shaolin Flying Kicks, Buddhist Monks, and",codex,skipped,non-text file
codex/environment/inventory/library/Books/Library/Media/2010 Odyssey Two/cover.jpg,codex/environment/inventory/library/Books/Library/Media/2010 Odyssey Two,codex,skipped,non-text file
codex/environment/inventory/library/Books/Library/Media/The Manga Guide to Electricity/cover.jpg,codex/environment/inventory/library/Books/Library/Media/The Manga Guide to Electricity,codex,skipped,non-text file
codex/environment/inventory/library/Books/Library/Media/The Age of Napoleon The Story of Civilization/cover.jpg,codex/environment/inventory/library/Books/Library/Media/The Age of Napoleon The Story of Civilization,codex,skipped,non-text file
codex/environment/inventory/library/Books/Library/Media/Animal Farm/cover.jpg,codex/environment/inventory/library/Books/Library/Media/Animal Farm,codex,skipped,non-text file
codex/environment/inventory/library/Books/Library/Media/The Walking Dead Compendium v2 (2013)/cover.jpg,codex/environment/inventory/library/Books/Library/Media/The Walking Dead Compendium v2 (2013),codex,skipped,non-text file
codex/environment/inventory/library/Books/Library/Media/The Age of Faith The Story of Civilization/cover.jpg,codex/environment/inventory/library/Books/Library/Media/The Age of Faith The Story of Civilization,codex,skipped,non-text file
codex/environment/inventory/library/Books/Library/Media/Daytime Dating/cover.jpg,codex/environment/inventory/library/Books/Library/Media/Daytime Dating,codex,skipped,non-text file
codex/environment/inventory/library/Books/Library/Media/7 Habits of Highly Effective People/cover.jpg,codex/environment/inventory/library/Books/Library/Media/7 Habits of Highly Effective People,codex,skipped,non-text file
codex/environment/inventory/library/Books/Library/Media/An Astronauts Guide to Life on Earth What Going t/cover.jpg,codex/environment/inventory/library/Books/Library/Media/An Astronauts Guide to Life on Earth What Going t,codex,skipped,non-text file
codex/environment/inventory/library/Books/Library/Media/Introduction to Psychology/cover.jpg,codex/environment/inventory/library/Books/Library/Media/Introduction to Psychology,codex,skipped,non-text file
codex/environment/inventory/library/Books/Library/Media/Developing Large Web Applications Producing Code T/cover.jpg,codex/environment/inventory/library/Books/Library/Media/Developing Large Web Applications Producing Code T,codex,skipped,non-text file
codex/environment/inventory/library/Books/Library/Media/Dexter by Design/cover.jpg,codex/environment/inventory/library/Books/Library/Media/Dexter by Design,codex,skipped,non-text file
"codex/environment/inventory/library/Books/Library/Media/The Code Book - HOW TO MAKE IT, BREAK IT, HACK IT,/cover.jpg","codex/environment/inventory/library/Books/Library/Media/The Code Book - HOW TO MAKE IT, BREAK IT, HACK IT,",codex,skipped,non-text file
codex/environment/inventory/library/Books/Library/Media/An Engineering Managers Guide to Design Patterns/cover.jpg,codex/environment/inventory/library/Books/Library/Media/An Engineering Managers Guide to Design Patterns,codex,skipped,non-text file
codex/environment/inventory/library/Books/Library/Media/The Demon-Haunted World Science as a Candle in the/cover.jpg,codex/environment/inventory/library/Books/Library/Media/The Demon-Haunted World Science as a Candle in the,codex,skipped,non-text file
codex/environment/inventory/library/Books/Library/Media/Rhetorica Ad Herennium/cover.jpg,codex/environment/inventory/library/Books/Library/Media/Rhetorica Ad Herennium,codex,skipped,non-text file
codex/environment/inventory/library/Books/Library/Media/Anathem/cover.jpg,codex/environment/inventory/library/Books/Library/Media/Anathem,codex,skipped,non-text file
codex/environment/inventory/library/Books/Library/Media/Sapiens A Brief History of Humankind/cover.jpg,codex/environment/inventory/library/Books/Library/Media/Sapiens A Brief History of Humankind,codex,skipped,non-text file
codex/environment/inventory/library/Books/Library/Media/Dexters Final Cut/cover.jpg,codex/environment/inventory/library/Books/Library/Media/Dexters Final Cut,codex,skipped,non-text file
codex/environment/inventory/library/Books/Library/Media/The Manga Guide to Calculus/cover.jpg,codex/environment/inventory/library/Books/Library/Media/The Manga Guide to Calculus,codex,skipped,non-text file
codex/environment/inventory/library/Books/Library/Media/The Hero With a Thousand Faces/cover.jpg,codex/environment/inventory/library/Books/Library/Media/The Hero With a Thousand Faces,codex,skipped,non-text file
codex/environment/inventory/library/Books/Library/Media/That Hideous Strength/cover.jpg,codex/environment/inventory/library/Books/Library/Media/That Hideous Strength,codex,skipped,non-text file
codex/environment/inventory/library/Books/Library/Media/Jesus Christ In the Name of the Gun A Hollow Cost  e837268d9659432a9c2d1bd364b18c6f/cover.jpg,codex/environment/inventory/library/Books/Library/Media/Jesus Christ In the Name of the Gun A Hollow Cost  e837268d9659432a9c2d1bd364b18c6f,codex,skipped,non-text file
codex/environment/inventory/library/Books/Library/Media/React Up & Running Building Web Applications/cover.jpg,codex/environment/inventory/library/Books/Library/Media/React Up & Running Building Web Applications,codex,skipped,non-text file
codex/environment/inventory/library/Books/Library/Media/Romance of the Three Kingdoms/cover.jpg,codex/environment/inventory/library/Books/Library/Media/Romance of the Three Kingdoms,codex,skipped,non-text file
codex/environment/inventory/library/Books/Library/Media/American Gods (The Tenth Anniversary Edition)/cover.jpg,codex/environment/inventory/library/Books/Library/Media/American Gods (The Tenth Anniversary Edition),codex,skipped,non-text file
codex/environment/inventory/library/Books/Library/Media/The Art of Readable Code/cover.jpg,codex/environment/inventory/library/Books/Library/Media/The Art of Readable Code,codex,skipped,non-text file
codex/environment/inventory/library/Books/Library/Media/Becoming Leonardo An Exploded View of the Life of/cover.jpg,codex/environment/inventory/library/Books/Library/Media/Becoming Leonardo An Exploded View of the Life of,codex,skipped,non-text file
codex/environment/inventory/library/Books/Library/Media/Norse Mythology/cover.jpg,codex/environment/inventory/library/Books/Library/Media/Norse Mythology,codex,skipped,non-text file
codex/environment/inventory/library/Books/Library/Media/3001 The Final Odyssey/cover.jpg,codex/environment/inventory/library/Books/Library/Media/3001 The Final Odyssey,codex,skipped,non-text file
codex/environment/inventory/library/Books/Library/Media/The Art of Public Speaking/cover.jpg,codex/environment/inventory/library/Books/Library/Media/The Art of Public Speaking,codex,skipped,non-text file
codex/environment/inventory/library/Books/Library/Media/Buddha 7/cover.jpg,codex/environment/inventory/library/Books/Library/Media/Buddha 7,codex,skipped,non-text file
codex/environment/inventory/library/Books/Library/Media/The Hobbit/cover.jpg,codex/environment/inventory/library/Books/Library/Media/The Hobbit,codex,skipped,non-text file
codex/environment/inventory/library/Books/Library/Media/Darkly Dreaming Dexter/cover.jpg,codex/environment/inventory/library/Books/Library/Media/Darkly Dreaming Dexter,codex,skipped,non-text file
codex/environment/inventory/library/Books/Library/Media/Statistics Done Wrong The Woefully Complete Guide/cover.jpg,codex/environment/inventory/library/Books/Library/Media/Statistics Done Wrong The Woefully Complete Guide,codex,skipped,non-text file
codex/environment/inventory/library/Books/Library/Media/The Martian/cover.jpg,codex/environment/inventory/library/Books/Library/Media/The Martian,codex,skipped,non-text file
codex/environment/inventory/library/Books/Library/Media/The Princess Bride/cover.jpg,codex/environment/inventory/library/Books/Library/Media/The Princess Bride,codex,skipped,non-text file
codex/environment/inventory/library/Books/Library/Media/Cosmos/cover.jpg,codex/environment/inventory/library/Books/Library/Media/Cosmos,codex,skipped,non-text file
codex/environment/inventory/library/Books/Library/Media/The Subtle Art of Not Giving a F ck A Counterintui/cover.jpg,codex/environment/inventory/library/Books/Library/Media/The Subtle Art of Not Giving a F ck A Counterintui,codex,skipped,non-text file
codex/environment/inventory/library/Books/Library/Media/The Book of CSS3 A Developers Guide to the Future/cover.jpg,codex/environment/inventory/library/Books/Library/Media/The Book of CSS3 A Developers Guide to the Future,codex,skipped,non-text file
codex/environment/inventory/library/Books/Library/Media/Why Greatness Cannot Be Planned The Myth of the Ob/cover.jpg,codex/environment/inventory/library/Books/Library/Media/Why Greatness Cannot Be Planned The Myth of the Ob,codex,skipped,non-text file
"codex/environment/inventory/library/Books/Library/Media/The Medici Effect, With a New Preface and Discussi/cover.jpg","codex/environment/inventory/library/Books/Library/Media/The Medici Effect, With a New Preface and Discussi",codex,skipped,non-text file
codex/environment/inventory/library/Books/Library/Media/The Cosmic Connection/cover.jpg,codex/environment/inventory/library/Books/Library/Media/The Cosmic Connection,codex,skipped,non-text file
codex/environment/inventory/library/Books/Library/Media/The Warrior Mind Ancient Wisdom From the Martial A/cover.jpg,codex/environment/inventory/library/Books/Library/Media/The Warrior Mind Ancient Wisdom From the Martial A,codex,skipped,non-text file
"codex/environment/inventory/library/Books/Library/Media/A Life of Being, Having, and Doing Enough/cover.jpg","codex/environment/inventory/library/Books/Library/Media/A Life of Being, Having, and Doing Enough",codex,skipped,non-text file
codex/environment/inventory/library/Books/Library/Media/Deep Work Rules for Focused Success in a Distracte/cover.jpg,codex/environment/inventory/library/Books/Library/Media/Deep Work Rules for Focused Success in a Distracte,codex,skipped,non-text file
codex/environment/inventory/library/Books/Library/Media/Flatland A Romance of Many Dimensions/cover.jpg,codex/environment/inventory/library/Books/Library/Media/Flatland A Romance of Many Dimensions,codex,skipped,non-text file
codex/environment/inventory/library/Books/Library/Media/Concepts of Programming Languages/cover.jpg,codex/environment/inventory/library/Books/Library/Media/Concepts of Programming Languages,codex,skipped,non-text file
codex/environment/inventory/library/Books/Library/Media/2061 Odyssey Three (Space Odyssey Series)/cover.jpg,codex/environment/inventory/library/Books/Library/Media/2061 Odyssey Three (Space Odyssey Series),codex,skipped,non-text file
codex/environment/inventory/library/Books/Library/Media/Software Architecture Patterns/cover.jpg,codex/environment/inventory/library/Books/Library/Media/Software Architecture Patterns,codex,skipped,non-text file
codex/environment/inventory/library/Books/Library/Media/Cryptonomicon/cover.jpg,codex/environment/inventory/library/Books/Library/Media/Cryptonomicon,codex,skipped,non-text file
codex/environment/inventory/library/Books/Library/Media/Buddha 4/cover.jpg,codex/environment/inventory/library/Books/Library/Media/Buddha 4,codex,skipped,non-text file
codex/environment/inventory/library/Books/Library/Media/The Mencius/cover.jpg,codex/environment/inventory/library/Books/Library/Media/The Mencius,codex,skipped,non-text file
codex/environment/inventory/library/Books/Library/Media/Programming From the Ground Up/cover.jpg,codex/environment/inventory/library/Books/Library/Media/Programming From the Ground Up,codex,skipped,non-text file
codex/environment/inventory/library/Books/Library/Media/The Story of B/cover.jpg,codex/environment/inventory/library/Books/Library/Media/The Story of B,codex,skipped,non-text file
codex/environment/inventory/library/Books/Library/Media/Jesus Christ In the Name of the Gun A Hollow Cost/cover.jpg,codex/environment/inventory/library/Books/Library/Media/Jesus Christ In the Name of the Gun A Hollow Cost,codex,skipped,non-text file
codex/environment/inventory/library/Books/Library/Media/Born to Win Find Your Success Code/cover.jpg,codex/environment/inventory/library/Books/Library/Media/Born to Win Find Your Success Code,codex,skipped,non-text file
codex/environment/inventory/library/Books/Library/Media/Dexter in the Dark/cover.jpg,codex/environment/inventory/library/Books/Library/Media/Dexter in the Dark,codex,skipped,non-text file
codex/environment/inventory/library/Books/Library/Media/A Feast for Crows/cover.jpg,codex/environment/inventory/library/Books/Library/Media/A Feast for Crows,codex,skipped,non-text file
codex/environment/inventory/library/Books/Library/Media/The Mind Map Book/cover.jpg,codex/environment/inventory/library/Books/Library/Media/The Mind Map Book,codex,skipped,non-text file
codex/environment/inventory/library/Books/Library/Media/Homers Iliad A Commentary on the Translation of R/cover.jpg,codex/environment/inventory/library/Books/Library/Media/Homers Iliad A Commentary on the Translation of R,codex,skipped,non-text file
codex/environment/inventory/library/Books/Library/Media/The Walking Dead Compendium v03 (2015)/cover.jpg,codex/environment/inventory/library/Books/Library/Media/The Walking Dead Compendium v03 (2015),codex,skipped,non-text file
codex/environment/inventory/library/Books/Library/Media/The Lord of the Rings/cover.jpg,codex/environment/inventory/library/Books/Library/Media/The Lord of the Rings,codex,skipped,non-text file
codex/environment/inventory/library/Books/Library/Media/The Manga Guide to Molecular Biology/cover.jpg,codex/environment/inventory/library/Books/Library/Media/The Manga Guide to Molecular Biology,codex,skipped,non-text file
"codex/environment/inventory/library/Books/Library/Media/The Happiness Trap Stop Struggling, Start Living/cover.jpg","codex/environment/inventory/library/Books/Library/Media/The Happiness Trap Stop Struggling, Start Living",codex,skipped,non-text file
codex/environment/inventory/library/Books/Library/Media/Sherlock Holmes The Complete Illustrated Novels/cover.jpg,codex/environment/inventory/library/Books/Library/Media/Sherlock Holmes The Complete Illustrated Novels,codex,skipped,non-text file
codex/environment/inventory/library/Books/Library/Media/The 5 Love Languages The Secret to Love That Lasts/cover.jpg,codex/environment/inventory/library/Books/Library/Media/The 5 Love Languages The Secret to Love That Lasts,codex,skipped,non-text file
codex/environment/inventory/library/Books/Library/Media/The Way of the Superior Man A Spiritual Guide to M/cover.jpg,codex/environment/inventory/library/Books/Library/Media/The Way of the Superior Man A Spiritual Guide to M,codex,skipped,non-text file
codex/environment/inventory/library/Books/Library/Physical Copies/Untitled.md,codex/environment/inventory/library/Books/Library/Physical Copies,codex,done,
"codex/environment/inventory/library/Books/My books/Adams, Douglas.md",codex/environment/inventory/library/Books/My books,codex,done,
"codex/environment/inventory/library/Books/My books/Adler, Mortimer J.md",codex/environment/inventory/library/Books/My books,codex,done,
"codex/environment/inventory/library/Books/My books/Agena, Keiko.md",codex/environment/inventory/library/Books/My books,codex,done,
"codex/environment/inventory/library/Books/My books/Althoff, Cory.md",codex/environment/inventory/library/Books/My books,codex,done,
"codex/environment/inventory/library/Books/My books/Andrews, Scott F.md",codex/environment/inventory/library/Books/My books,codex,done,
"codex/environment/inventory/library/Books/My books/Asimov, Isaac.md",codex/environment/inventory/library/Books/My books,codex,done,
"codex/environment/inventory/library/Books/My books/Aumasson, Jean-Philippe.md",codex/environment/inventory/library/Books/My books,codex,done,
"codex/environment/inventory/library/Books/My books/Aurelius, Marcus.md",codex/environment/inventory/library/Books/My books,codex,done,
"codex/environment/inventory/library/Books/My books/Beckbessinger, Sam.md",codex/environment/inventory/library/Books/My books,codex,done,
"codex/environment/inventory/library/Books/My books/Bliss, Sara.md",codex/environment/inventory/library/Books/My books,codex,done,
"codex/environment/inventory/library/Books/My books/Braden, Gregg.md",codex/environment/inventory/library/Books/My books,codex,done,
"codex/environment/inventory/library/Books/My books/Brady, Chris & Woodward, Orrin.md",codex/environment/inventory/library/Books/My books,codex,done,
"codex/environment/inventory/library/Books/My books/Brand, Russell.md",codex/environment/inventory/library/Books/My books,codex,done,
"codex/environment/inventory/library/Books/My books/Branden, Nathaniel.md",codex/environment/inventory/library/Books/My books,codex,done,
"codex/environment/inventory/library/Books/My books/Bridges, Jeff & Glassman, Bernie.md",codex/environment/inventory/library/Books/My books,codex,done,
"codex/environment/inventory/library/Books/My books/Brin, David.md",codex/environment/inventory/library/Books/My books,codex,done,
"codex/environment/inventory/library/Books/My books/Brown, Nakada.md",codex/environment/inventory/library/Books/My books,codex,done,
"codex/environment/inventory/library/Books/My books/Brown, Peter C.md",codex/environment/inventory/library/Books/My books,codex,done,
"codex/environment/inventory/library/Books/My books/Bryson, Bill.md",codex/environment/inventory/library/Books/My books,codex,done,
"codex/environment/inventory/library/Books/My books/Buzan, Tony & Buzan, Barry.md",codex/environment/inventory/library/Books/My books,codex,done,
"codex/environment/inventory/library/Books/My books/Buzan, Tony.md",codex/environment/inventory/library/Books/My books,codex,done,
"codex/environment/inventory/library/Books/My books/Campbell, Joseph.md",codex/environment/inventory/library/Books/My books,codex,done,
codex/environment/inventory/library/Books/My books/Carl Sagan.md,codex/environment/inventory/library/Books/My books,codex,done,
"codex/environment/inventory/library/Books/My books/Carlson, Richard.md",codex/environment/inventory/library/Books/My books,codex,done,
"codex/environment/inventory/library/Books/My books/Carnegie, Dale & Esenwein, J Berg.md",codex/environment/inventory/library/Books/My books,codex,done,
"codex/environment/inventory/library/Books/My books/Carnegie, Dale.md",codex/environment/inventory/library/Books/My books,codex,done,
"codex/environment/inventory/library/Books/My books/Chapman, Gary.md",codex/environment/inventory/library/Books/My books,codex,done,
"codex/environment/inventory/library/Books/My books/Chilton, David.md",codex/environment/inventory/library/Books/My books,codex,done,
"codex/environment/inventory/library/Books/My books/Choudhary, Harry Hariom.md",codex/environment/inventory/library/Books/My books,codex,done,
"codex/environment/inventory/library/Books/My books/Cicero & Caplan, Harry.md",codex/environment/inventory/library/Books/My books,codex,done,
"codex/environment/inventory/library/Books/My books/Clarke, Arthur C & Kubrick, Stanley.md",codex/environment/inventory/library/Books/My books,codex,done,
"codex/environment/inventory/library/Books/My books/Clarke, Arthur C.md",codex/environment/inventory/library/Books/My books,codex,done,
"codex/environment/inventory/library/Books/My books/Clarke, Arthur Charles.md",codex/environment/inventory/library/Books/My books,codex,done,
"codex/environment/inventory/library/Books/My books/Cline, Ernest.md",codex/environment/inventory/library/Books/My books,codex,done,
"codex/environment/inventory/library/Books/My books/Cobb, Jim.md",codex/environment/inventory/library/Books/My books,codex,done,
"codex/environment/inventory/library/Books/My books/Collins, Malcolm & Collins, Simone.md",codex/environment/inventory/library/Books/My books,codex,done,
"codex/environment/inventory/library/Books/My books/Connection, The Cosmic.md",codex/environment/inventory/library/Books/My books,codex,done,
"codex/environment/inventory/library/Books/My books/Covey, Stephen R.md",codex/environment/inventory/library/Books/My books,codex,done,
"codex/environment/inventory/library/Books/My books/Crawford, Chris.md",codex/environment/inventory/library/Books/My books,codex,done,
"codex/environment/inventory/library/Books/My books/Croll, Angus.md",codex/environment/inventory/library/Books/My books,codex,done,
"codex/environment/inventory/library/Books/My books/Csikszentmihalyi, Mihaly.md",codex/environment/inventory/library/Books/My books,codex,done,
"codex/environment/inventory/library/Books/My books/Debarros, Anthony.md",codex/environment/inventory/library/Books/My books,codex,done,
"codex/environment/inventory/library/Books/My books/Deida, David.md",codex/environment/inventory/library/Books/My books,codex,done,
"codex/environment/inventory/library/Books/My books/Dick, Philip K.md",codex/environment/inventory/library/Books/My books,codex,done,
"codex/environment/inventory/library/Books/My books/Doyle, Arthur Conan.md",codex/environment/inventory/library/Books/My books,codex,done,
"codex/environment/inventory/library/Books/My books/Drucker, Peter.md",codex/environment/inventory/library/Books/My books,codex,done,
"codex/environment/inventory/library/Books/My books/Durant, Will.md",codex/environment/inventory/library/Books/My books,codex,done,
"codex/environment/inventory/library/Books/My books/Eden, The Dragons of.md",codex/environment/inventory/library/Books/My books,codex,done,
"codex/environment/inventory/library/Books/My books/Eng, Paul.md",codex/environment/inventory/library/Books/My books,codex,done,
"codex/environment/inventory/library/Books/My books/Eno, Bob.md",codex/environment/inventory/library/Books/My books,codex,done,
"codex/environment/inventory/library/Books/My books/Erickson, Jon.md",codex/environment/inventory/library/Books/My books,codex,done,
"codex/environment/inventory/library/Books/My books/Evans, Julia.md",codex/environment/inventory/library/Books/My books,codex,done,
"codex/environment/inventory/library/Books/My books/Filho, Wladston Ferreira.md",codex/environment/inventory/library/Books/My books,codex,done,
"codex/environment/inventory/library/Books/My books/Fisker, Jacob Lund.md",codex/environment/inventory/library/Books/My books,codex,done,
"codex/environment/inventory/library/Books/My books/Foer, Joshua.md",codex/environment/inventory/library/Books/My books,codex,done,
"codex/environment/inventory/library/Books/My books/Frankl, Viktor E.md",codex/environment/inventory/library/Books/My books,codex,done,
"codex/environment/inventory/library/Books/My books/Freke, Tim & Gandy, Peter.md",codex/environment/inventory/library/Books/My books,codex,done,
"codex/environment/inventory/library/Books/My books/Fritz, Robert.md",codex/environment/inventory/library/Books/My books,codex,done,
"codex/environment/inventory/library/Books/My books/Fujitaki, Kazuhiro & Matsuda & Trend-Pro Co Ltd.md",codex/environment/inventory/library/Books/My books,codex,done,
"codex/environment/inventory/library/Books/My books/Gaiman, Neil & Pratchett, Terry.md",codex/environment/inventory/library/Books/My books,codex,done,
"codex/environment/inventory/library/Books/My books/Gaiman, Neil.md",codex/environment/inventory/library/Books/My books,codex,done,
"codex/environment/inventory/library/Books/My books/Gasston, Peter.md",codex/environment/inventory/library/Books/My books,codex,done,
"codex/environment/inventory/library/Books/My books/Godin, Seth.md",codex/environment/inventory/library/Books/My books,codex,done,
"codex/environment/inventory/library/Books/My books/Goldman, William.md",codex/environment/inventory/library/Books/My books,codex,done,
"codex/environment/inventory/library/Books/My books/Goodliffe, Pete.md",codex/environment/inventory/library/Books/My books,codex,done,
"codex/environment/inventory/library/Books/My books/Graham, Paul.md",codex/environment/inventory/library/Books/My books,codex,done,
"codex/environment/inventory/library/Books/My books/HERBERT, FRANK.md",codex/environment/inventory/library/Books/My books,codex,done,
"codex/environment/inventory/library/Books/My books/Hadfield, Chris.md",codex/environment/inventory/library/Books/My books,codex,done,
"codex/environment/inventory/library/Books/My books/Hale-Evans, Ron & Hale-Evans, Marty.md",codex/environment/inventory/library/Books/My books,codex,done,
"codex/environment/inventory/library/Books/My books/Hanan, Rebecca & Patterson, Bre.md",codex/environment/inventory/library/Books/My books,codex,done,
"codex/environment/inventory/library/Books/My books/Hansen, James R.md",codex/environment/inventory/library/Books/My books,codex,done,
"codex/environment/inventory/library/Books/My books/Harari, Yuval Noah.md",codex/environment/inventory/library/Books/My books,codex,done,
"codex/environment/inventory/library/Books/My books/Harris, Russ.md",codex/environment/inventory/library/Books/My books,codex,done,
"codex/environment/inventory/library/Books/My books/Harris, Sam.md",codex/environment/inventory/library/Books/My books,codex,done,
"codex/environment/inventory/library/Books/My books/Herman, Edward S & Chomsky, Noam.md",codex/environment/inventory/library/Books/My books,codex,done,
"codex/environment/inventory/library/Books/My books/Hofmann, Albert.md",codex/environment/inventory/library/Books/My books,codex,done,
"codex/environment/inventory/library/Books/My books/Holiday, Ryan.md",codex/environment/inventory/library/Books/My books,codex,done,
"codex/environment/inventory/library/Books/My books/Huber, Cheri.md",codex/environment/inventory/library/Books/My books,codex,done,
"codex/environment/inventory/library/Books/My books/Hunt, Andy & Thomas, Dave.md",codex/environment/inventory/library/Books/My books,codex,done,
"codex/environment/inventory/library/Books/My books/Huxley, Aldous.md",codex/environment/inventory/library/Books/My books,codex,done,
"codex/environment/inventory/library/Books/My books/Hyde, Randall.md",codex/environment/inventory/library/Books/My books,codex,done,
codex/environment/inventory/library/Books/My books/Inc Cosmos Studios.md,codex/environment/inventory/library/Books/My books,codex,done,
"codex/environment/inventory/library/Books/My books/Isaacson, Walter.md",codex/environment/inventory/library/Books/My books,codex,done,
"codex/environment/inventory/library/Books/My books/Ishida, Moriteru & Miyazaki, Shuichi.md",codex/environment/inventory/library/Books/My books,codex,done,
"codex/environment/inventory/library/Books/My books/Ishikawa, Kenji & Kawabata, Kiyoshi & Corp , Verte.md",codex/environment/inventory/library/Books/My books,codex,done,
"codex/environment/inventory/library/Books/My books/Johansson, Frans.md",codex/environment/inventory/library/Books/My books,codex,done,
"codex/environment/inventory/library/Books/My books/Kabat-Zinn, Jon.md",codex/environment/inventory/library/Books/My books,codex,done,
"codex/environment/inventory/library/Books/My books/Kalat, James W.md",codex/environment/inventory/library/Books/My books,codex,done,
"codex/environment/inventory/library/Books/My books/Kennedy, Brian & Guo, Elizabeth.md",codex/environment/inventory/library/Books/My books,codex,done,
"codex/environment/inventory/library/Books/My books/Kerrisk, Michael.md",codex/environment/inventory/library/Books/My books,codex,done,
"codex/environment/inventory/library/Books/My books/King, Stephen.md",codex/environment/inventory/library/Books/My books,codex,done,
"codex/environment/inventory/library/Books/My books/Kishimi, Ichiro & Koga, Fumitake.md",codex/environment/inventory/library/Books/My books,codex,done,
"codex/environment/inventory/library/Books/My books/Klein, Tobias.md",codex/environment/inventory/library/Books/My books,codex,done,
"codex/environment/inventory/library/Books/My books/Kluger, Steve.md",codex/environment/inventory/library/Books/My books,codex,done,
"codex/environment/inventory/library/Books/My books/Kojima, Hiroyuki & Nishida, Shinjiro & Shimada, Ei.md",codex/environment/inventory/library/Books/My books,codex,done,
"codex/environment/inventory/library/Books/My books/Konnikova, Maria.md",codex/environment/inventory/library/Books/My books,codex,done,
"codex/environment/inventory/library/Books/My books/Kouzes, James M & Posner, Barry Z.md",codex/environment/inventory/library/Books/My books,codex,done,
"codex/environment/inventory/library/Books/My books/Kuan-Chung, Lo & Luo, Guanzhong.md",codex/environment/inventory/library/Books/My books,codex,done,
"codex/environment/inventory/library/Books/My books/Kubica, Jeremy.md",codex/environment/inventory/library/Books/My books,codex,done,
"codex/environment/inventory/library/Books/My books/Kurt, Will.md",codex/environment/inventory/library/Books/My books,codex,done,
"codex/environment/inventory/library/Books/My books/Lankford, Mike.md",codex/environment/inventory/library/Books/My books,codex,done,
"codex/environment/inventory/library/Books/My books/Laphroaig, Manul.md",codex/environment/inventory/library/Books/My books,codex,done,
"codex/environment/inventory/library/Books/My books/Larson, Erik.md",codex/environment/inventory/library/Books/My books,codex,done,
"codex/environment/inventory/library/Books/My books/Lattimore, Richmond.md",codex/environment/inventory/library/Books/My books,codex,done,
"codex/environment/inventory/library/Books/My books/Leroux, Michel.md",codex/environment/inventory/library/Books/My books,codex,done,
"codex/environment/inventory/library/Books/My books/Lindsay, Jeff.md",codex/environment/inventory/library/Books/My books,codex,done,
"codex/environment/inventory/library/Books/My books/Lishansky, Steve.md",codex/environment/inventory/library/Books/My books,codex,done,
"codex/environment/inventory/library/Books/My books/Manson, Mark & Meredith, Dan.md",codex/environment/inventory/library/Books/My books,codex,done,
"codex/environment/inventory/library/Books/My books/Marcus, Aubrey.md",codex/environment/inventory/library/Books/My books,codex,done,
"codex/environment/inventory/library/Books/My books/Martin, George R R.md",codex/environment/inventory/library/Books/My books,codex,done,
"codex/environment/inventory/library/Books/My books/Maslow, Abraham H.md",codex/environment/inventory/library/Books/My books,codex,done,
"codex/environment/inventory/library/Books/My books/Matheson, Richard.md",codex/environment/inventory/library/Books/My books,codex,done,
"codex/environment/inventory/library/Books/My books/Matthes, Eric.md",codex/environment/inventory/library/Books/My books,codex,done,
"codex/environment/inventory/library/Books/My books/McDowell, Gayle Laakmann.md",codex/environment/inventory/library/Books/My books,codex,done,
"codex/environment/inventory/library/Books/My books/McKay, Brett.md",codex/environment/inventory/library/Books/My books,codex,done,
"codex/environment/inventory/library/Books/My books/Medina, John.md",codex/environment/inventory/library/Books/My books,codex,done,
"codex/environment/inventory/library/Books/My books/Mitani, Masaaki & Sato, Shinichi & Hinoki, Idero &.md",codex/environment/inventory/library/Books/My books,codex,done,
"codex/environment/inventory/library/Books/My books/Monk, Simon.md",codex/environment/inventory/library/Books/My books,codex,done,
"codex/environment/inventory/library/Books/My books/Moore, Alan.md",codex/environment/inventory/library/Books/My books,codex,done,
"codex/environment/inventory/library/Books/My books/Morgan, Forrest E.md",codex/environment/inventory/library/Books/My books,codex,done,
"codex/environment/inventory/library/Books/My books/Muller, Wayne.md",codex/environment/inventory/library/Books/My books,codex,done,
"codex/environment/inventory/library/Books/My books/Munroe, Randall.md",codex/environment/inventory/library/Books/My books,codex,done,
"codex/environment/inventory/library/Books/My books/NEWPORT, CAL.md",codex/environment/inventory/library/Books/My books,codex,done,
"codex/environment/inventory/library/Books/My books/Nakamura, Hikaru.md",codex/environment/inventory/library/Books/My books,codex,done,
"codex/environment/inventory/library/Books/My books/Nitta, Hideo & Takatsu, Keita & Trend-Pro Co Ltd.md",codex/environment/inventory/library/Books/My books,codex,done,
"codex/environment/inventory/library/Books/My books/Nitta, Hideo & Yamamoto, Masafumi & Takatsu, Keita.md",codex/environment/inventory/library/Books/My books,codex,done,
codex/environment/inventory/library/Books/My books/Occupytheweb.md,codex/environment/inventory/library/Books/My books,codex,done,
"codex/environment/inventory/library/Books/My books/Orwell, George.md",codex/environment/inventory/library/Books/My books,codex,done,
"codex/environment/inventory/library/Books/My books/Paul, Richard.md",codex/environment/inventory/library/Books/My books,codex,done,
"codex/environment/inventory/library/Books/My books/Pease, Alan.md",codex/environment/inventory/library/Books/My books,codex,done,
"codex/environment/inventory/library/Books/My books/Pease, Barbara & Pease, Allan.md",codex/environment/inventory/library/Books/My books,codex,done,
"codex/environment/inventory/library/Books/My books/Petzold, Charles.md",codex/environment/inventory/library/Books/My books,codex,done,
"codex/environment/inventory/library/Books/My books/Pilkington, Karl & Gervais, Ricky & Merchant, Step.md",codex/environment/inventory/library/Books/My books,codex,done,
"codex/environment/inventory/library/Books/My books/Pinker, Steven.md",codex/environment/inventory/library/Books/My books,codex,done,
"codex/environment/inventory/library/Books/My books/Pirsig, Robert M.md",codex/environment/inventory/library/Books/My books,codex,done,
codex/environment/inventory/library/Books/My books/Plato.md,codex/environment/inventory/library/Books/My books,codex,done,
"codex/environment/inventory/library/Books/My books/Polly, Matthew.md",codex/environment/inventory/library/Books/My books,codex,done,
"codex/environment/inventory/library/Books/My books/Pomerenke, Josh.md",codex/environment/inventory/library/Books/My books,codex,done,
"codex/environment/inventory/library/Books/My books/Postlethwaite, Norman.md",codex/environment/inventory/library/Books/My books,codex,done,
"codex/environment/inventory/library/Books/My books/Powers, William.md",codex/environment/inventory/library/Books/My books,codex,done,
"codex/environment/inventory/library/Books/My books/Puddicombe, Andy.md",codex/environment/inventory/library/Books/My books,codex,done,
"codex/environment/inventory/library/Books/My books/Puzo, Mario.md",codex/environment/inventory/library/Books/My books,codex,done,
"codex/environment/inventory/library/Books/My books/Quinn, Daniel & Quinn, Mdaniel.md",codex/environment/inventory/library/Books/My books,codex,done,
"codex/environment/inventory/library/Books/My books/Quinn, Daniel.md",codex/environment/inventory/library/Books/My books,codex,done,
"codex/environment/inventory/library/Books/My books/Rabbane, Orthi.md",codex/environment/inventory/library/Books/My books,codex,done,
"codex/environment/inventory/library/Books/My books/Ramsey, Dave.md",codex/environment/inventory/library/Books/My books,codex,done,
"codex/environment/inventory/library/Books/My books/Rath, Tom.md",codex/environment/inventory/library/Books/My books,codex,done,
"codex/environment/inventory/library/Books/My books/Reagan, Gab.md",codex/environment/inventory/library/Books/My books,codex,done,
"codex/environment/inventory/library/Books/My books/Reinhart, Alex.md",codex/environment/inventory/library/Books/My books,codex,done,
"codex/environment/inventory/library/Books/My books/Richo, David.md",codex/environment/inventory/library/Books/My books,codex,done,
"codex/environment/inventory/library/Books/My books/Ries, Eric.md",codex/environment/inventory/library/Books/My books,codex,done,
"codex/environment/inventory/library/Books/My books/Rivero, Daniel.md",codex/environment/inventory/library/Books/My books,codex,done,
"codex/environment/inventory/library/Books/My books/Robertson, Donald J.md",codex/environment/inventory/library/Books/My books,codex,done,
"codex/environment/inventory/library/Books/My books/Robinson, Kim Stanley.md",codex/environment/inventory/library/Books/My books,codex,done,
"codex/environment/inventory/library/Books/My books/Ross, John.md",codex/environment/inventory/library/Books/My books,codex,done,
"codex/environment/inventory/library/Books/My books/Ruggiero, Vincent.md",codex/environment/inventory/library/Books/My books,codex,done,
"codex/environment/inventory/library/Books/My books/Ruiz, Don Miguel & Mills, Janet.md",codex/environment/inventory/library/Books/My books,codex,done,
"codex/environment/inventory/library/Books/My books/Russell, Bertrand.md",codex/environment/inventory/library/Books/My books,codex,done,
"codex/environment/inventory/library/Books/My books/Sagan, Carl.md",codex/environment/inventory/library/Books/My books,codex,done,
"codex/environment/inventory/library/Books/My books/Sanders, Bernie.md",codex/environment/inventory/library/Books/My books,codex,done,
"codex/environment/inventory/library/Books/My books/Saunders, Ben.md",codex/environment/inventory/library/Books/My books,codex,done,
"codex/environment/inventory/library/Books/My books/Savov, Ivan.md",codex/environment/inventory/library/Books/My books,codex,done,
"codex/environment/inventory/library/Books/My books/Scheckel, Paul.md",codex/environment/inventory/library/Books/My books,codex,done,
"codex/environment/inventory/library/Books/My books/Senzaki, Nyogen.md",codex/environment/inventory/library/Books/My books,codex,done,
"codex/environment/inventory/library/Books/My books/Sestero, Greg.md",codex/environment/inventory/library/Books/My books,codex,done,
"codex/environment/inventory/library/Books/My books/Sharp, Daryl.md",codex/environment/inventory/library/Books/My books,codex,done,
"codex/environment/inventory/library/Books/My books/Shelley, Mary Wollstonecraft.md",codex/environment/inventory/library/Books/My books,codex,done,
"codex/environment/inventory/library/Books/My books/Shibuya, Michio.md",codex/environment/inventory/library/Books/My books,codex,done,
"codex/environment/inventory/library/Books/My books/Shotts, William E Jr.md",codex/environment/inventory/library/Books/My books,codex,done,
"codex/environment/inventory/library/Books/My books/Solh, Aaran.md",codex/environment/inventory/library/Books/My books,codex,done,
"codex/environment/inventory/library/Books/My books/Soul, Jeremy.md",codex/environment/inventory/library/Books/My books,codex,done,
"codex/environment/inventory/library/Books/My books/Spraul, V Anton.md",codex/environment/inventory/library/Books/My books,codex,done,
"codex/environment/inventory/library/Books/My books/Standage, Tom.md",codex/environment/inventory/library/Books/My books,codex,done,
"codex/environment/inventory/library/Books/My books/Stanley, Kenneth O & Lehman, Joel.md",codex/environment/inventory/library/Books/My books,codex,done,
"codex/environment/inventory/library/Books/My books/Stanovich, Keith E.md",codex/environment/inventory/library/Books/My books,codex,done,
"codex/environment/inventory/library/Books/My books/Stefanov, Stoyan.md",codex/environment/inventory/library/Books/My books,codex,done,
"codex/environment/inventory/library/Books/My books/Steinhart, Jon.md",codex/environment/inventory/library/Books/My books,codex,done,
"codex/environment/inventory/library/Books/My books/Stephenson, Neal.md",codex/environment/inventory/library/Books/My books,codex,done,
"codex/environment/inventory/library/Books/My books/Sterling, Porscha.md",codex/environment/inventory/library/Books/My books,codex,done,
"codex/environment/inventory/library/Books/My books/Stokes, Jon.md",codex/environment/inventory/library/Books/My books,codex,done,
"codex/environment/inventory/library/Books/My books/Strunk, William Jr & White, E B.md",codex/environment/inventory/library/Books/My books,codex,done,
"codex/environment/inventory/library/Books/My books/Summaries, Speedreader.md",codex/environment/inventory/library/Books/My books,codex,done,
"codex/environment/inventory/library/Books/My books/Taft, Michael.md",codex/environment/inventory/library/Books/My books,codex,done,
"codex/environment/inventory/library/Books/My books/Takahashi, Mana & Azuma, Shoko & Trend-Pro Co Ltd.md",codex/environment/inventory/library/Books/My books,codex,done,
"codex/environment/inventory/library/Books/My books/Takahashi, Shin & Inoue, Iroha & Trend-Pro Co Ltd.md",codex/environment/inventory/library/Books/My books,codex,done,
"codex/environment/inventory/library/Books/My books/Takahashi, Shin & Trend-Pro Co Ltd.md",codex/environment/inventory/library/Books/My books,codex,done,
"codex/environment/inventory/library/Books/My books/Takemura, Masaharu & Kikuyaro & Sawa, Office.md",codex/environment/inventory/library/Books/My books,codex,done,
"codex/environment/inventory/library/Books/My books/Takemura, Masaharu & Ltd , Becom & Becom Co & Ltd.md",codex/environment/inventory/library/Books/My books,codex,done,
"codex/environment/inventory/library/Books/My books/Tan, Chade-Meng.md",codex/environment/inventory/library/Books/My books,codex,done,
"codex/environment/inventory/library/Books/My books/Tanaka, Etsuro & Koyama, Keiko & Co, Ltd Becom.md",codex/environment/inventory/library/Books/My books,codex,done,
"codex/environment/inventory/library/Books/My books/Tesla, Nikola.md",codex/environment/inventory/library/Books/My books,codex,done,
"codex/environment/inventory/library/Books/My books/Tezuka, Osamu.md",codex/environment/inventory/library/Books/My books,codex,done,
"codex/environment/inventory/library/Books/My books/Thomas, Angie.md",codex/environment/inventory/library/Books/My books,codex,done,
"codex/environment/inventory/library/Books/My books/Tolkien, J R R.md",codex/environment/inventory/library/Books/My books,codex,done,
"codex/environment/inventory/library/Books/My books/Tolle, Eckhart.md",codex/environment/inventory/library/Books/My books,codex,done,
"codex/environment/inventory/library/Books/My books/Tyson, Neil DeGrasse.md",codex/environment/inventory/library/Books/My books,codex,done,
"codex/environment/inventory/library/Books/My books/Tzu, Lao & Chen, Ellen M.md",codex/environment/inventory/library/Books/My books,codex,done,
codex/environment/inventory/library/Books/My books/Unknown.md,codex/environment/inventory/library/Books/My books,codex,done,
codex/environment/inventory/library/Books/My books/Untitled.md,codex/environment/inventory/library/Books/My books,codex,done,
"codex/environment/inventory/library/Books/My books/Vance, Ashlee.md",codex/environment/inventory/library/Books/My books,codex,done,
"codex/environment/inventory/library/Books/My books/Vonnegut, Kurt.md",codex/environment/inventory/library/Books/My books,codex,done,
"codex/environment/inventory/library/Books/My books/Wang, Wallace.md",codex/environment/inventory/library/Books/My books,codex,done,
"codex/environment/inventory/library/Books/My books/Weir, Andy.md",codex/environment/inventory/library/Books/My books,codex,done,
"codex/environment/inventory/library/Books/My books/Wells, H G.md",codex/environment/inventory/library/Books/My books,codex,done,
"codex/environment/inventory/library/Books/My books/Welwood, John.md",codex/environment/inventory/library/Books/My books,codex,done,
"codex/environment/inventory/library/Books/My books/Xiv, Dalai Lama.md",codex/environment/inventory/library/Books/My books,codex,done,
codex/environment/inventory/library/Books/My books/Yanrubin.md,codex/environment/inventory/library/Books/My books,codex,done,
"codex/environment/inventory/library/Books/My books/Yorifuji, Bunpei.md",codex/environment/inventory/library/Books/My books,codex,done,
"codex/environment/inventory/library/Books/My books/Yudkowsky, Eliezer.md",codex/environment/inventory/library/Books/My books,codex,done,
"codex/environment/inventory/library/Books/My books/Zakas, Nicholas C.md",codex/environment/inventory/library/Books/My books,codex,done,
"codex/environment/inventory/library/Books/My books/Ziglar, Zig.md",codex/environment/inventory/library/Books/My books,codex,done,
codex/environment/inventory/library/Books/My books/eurotrash.md,codex/environment/inventory/library/Books/My books,codex,done,
codex/environment/inventory/library/TV Shows/TV Shows 9e0d766f5564446faf1f6431730a4ff2.csv,codex/environment/inventory/library/TV Shows,codex,skipped,non-text file
codex/environment/inventory/library/TV Shows/TV Shows/An Idiot Abroad.md,codex/environment/inventory/library/TV Shows/TV Shows,codex,done,
codex/environment/inventory/library/TV Shows/TV Shows/Atlanta.md,codex/environment/inventory/library/TV Shows/TV Shows,codex,done,
codex/environment/inventory/library/TV Shows/TV Shows/Avatar The Last Airbendar.md,codex/environment/inventory/library/TV Shows/TV Shows,codex,done,
codex/environment/inventory/library/TV Shows/TV Shows/Billions.md,codex/environment/inventory/library/TV Shows/TV Shows,codex,done,
codex/environment/inventory/library/TV Shows/TV Shows/Community.md,codex/environment/inventory/library/TV Shows/TV Shows,codex,done,
codex/environment/inventory/library/TV Shows/TV Shows/Cosmos.md,codex/environment/inventory/library/TV Shows/TV Shows,codex,done,
codex/environment/inventory/library/TV Shows/TV Shows/Cowboy Bebop.md,codex/environment/inventory/library/TV Shows/TV Shows,codex,done,
codex/environment/inventory/library/TV Shows/TV Shows/Curb Your Enthusiasm.md,codex/environment/inventory/library/TV Shows/TV Shows,codex,done,
codex/environment/inventory/library/TV Shows/TV Shows/Da Vincis Demons.md,codex/environment/inventory/library/TV Shows/TV Shows,codex,done,
codex/environment/inventory/library/TV Shows/TV Shows/Electric Dreams.md,codex/environment/inventory/library/TV Shows/TV Shows,codex,done,
codex/environment/inventory/library/TV Shows/TV Shows/Futurama.md,codex/environment/inventory/library/TV Shows/TV Shows,codex,done,
codex/environment/inventory/library/TV Shows/TV Shows/Ghost Stories.md,codex/environment/inventory/library/TV Shows/TV Shows,codex,done,
codex/environment/inventory/library/TV Shows/TV Shows/Gravity Falls.md,codex/environment/inventory/library/TV Shows/TV Shows,codex,done,
codex/environment/inventory/library/TV Shows/TV Shows/Great Minds with Dan Harmon.md,codex/environment/inventory/library/TV Shows/TV Shows,codex,done,
codex/environment/inventory/library/TV Shows/TV Shows/HarmonQuest.md,codex/environment/inventory/library/TV Shows/TV Shows,codex,done,
codex/environment/inventory/library/TV Shows/TV Shows/High Maintenance.md,codex/environment/inventory/library/TV Shows/TV Shows,codex,done,
codex/environment/inventory/library/TV Shows/TV Shows/Its Always Sunny in Philidelphia.md,codex/environment/inventory/library/TV Shows/TV Shows,codex,done,
codex/environment/inventory/library/TV Shows/TV Shows/Last Week Tonight With John Oliver.md,codex/environment/inventory/library/TV Shows/TV Shows,codex,done,
codex/environment/inventory/library/TV Shows/TV Shows/Lifes Too Short.md,codex/environment/inventory/library/TV Shows/TV Shows,codex,done,
codex/environment/inventory/library/TV Shows/TV Shows/Miracle Workers.md,codex/environment/inventory/library/TV Shows/TV Shows,codex,done,
codex/environment/inventory/library/TV Shows/TV Shows/Mr Robot.md,codex/environment/inventory/library/TV Shows/TV Shows,codex,done,
codex/environment/inventory/library/TV Shows/TV Shows/My Hero Academia.md,codex/environment/inventory/library/TV Shows/TV Shows,codex,done,
codex/environment/inventory/library/TV Shows/TV Shows/Nathan for You.md,codex/environment/inventory/library/TV Shows/TV Shows,codex,done,
codex/environment/inventory/library/TV Shows/TV Shows/One Punch Man.md,codex/environment/inventory/library/TV Shows/TV Shows,codex,done,
codex/environment/inventory/library/TV Shows/TV Shows/Rick and Morty.md,codex/environment/inventory/library/TV Shows/TV Shows,codex,done,
codex/environment/inventory/library/TV Shows/TV Shows/Sherlock.md,codex/environment/inventory/library/TV Shows/TV Shows,codex,done,
codex/environment/inventory/library/TV Shows/TV Shows/Sick of It.md,codex/environment/inventory/library/TV Shows/TV Shows,codex,done,
codex/environment/inventory/library/TV Shows/TV Shows/South Park.md,codex/environment/inventory/library/TV Shows/TV Shows,codex,done,
codex/environment/inventory/library/TV Shows/TV Shows/The IT Crowd.md,codex/environment/inventory/library/TV Shows/TV Shows,codex,done,
codex/environment/inventory/library/TV Shows/TV Shows/The Moaning Of Life.md,codex/environment/inventory/library/TV Shows/TV Shows,codex,done,
codex/environment/technology/Desktop specs.md,codex/environment/technology,codex,done,
codex/environment/technology/New Computer Specs.md,codex/environment/technology,codex,skipped,empty file
codex/environment/technology/server_ips.md,codex/environment/technology,codex,done,
codex/environment/bookmarks/bookmarks 1.md,codex/environment/bookmarks,codex,done,
codex/environment/bookmarks/bookmarks.md,codex/environment/bookmarks,codex,done,
codex/environment/bookmarks/Bookmark Notes/Bettering myself Bookmark Notes.md,codex/environment/bookmarks/Bookmark Notes,codex,done,
codex/environment/bookmarks/Bookmark Notes/Martial Arts Bookmark Notes.md,codex/environment/bookmarks/Bookmark Notes,codex,done,
codex/environment/bookmarks/Bookmark Notes/Philosophy Bookmark Notes.md,codex/environment/bookmarks/Bookmark Notes,codex,done,
codex/environment/bookmarks/Bookmark Notes/Political Bookmark Notes.md,codex/environment/bookmarks/Bookmark Notes,codex,done,
codex/environment/bookmarks/Bookmark Notes/Science Bookmark Notes.md,codex/environment/bookmarks/Bookmark Notes,codex,done,
codex/environment/bookmarks/Bookmark Notes/Skoolie Bookmark Notes.md,codex/environment/bookmarks/Bookmark Notes,codex,done,
"codex/environment/bookmarks/Bookmark Notes/Spiritual, Mental, and Emotional Bookmark Notes.md",codex/environment/bookmarks/Bookmark Notes,codex,done,
codex/environment/bookmarks/Bookmark Notes/Tech Bookmark Notes.md,codex/environment/bookmarks/Bookmark Notes,codex,done,
codex/environment/bookmarks/Bookmark Notes/Web Dev Bookmark Notes.md,codex/environment/bookmarks/Bookmark Notes,codex,done,
codex/environment/bookmarks/Bookmark Notes/Writing Bookmark Notes.md,codex/environment/bookmarks/Bookmark Notes,codex,done,
codex/environment/bookmarks/Bookmark Notes/Web Dev Bookmark Notes/Tips on getting and keeping a web dev job.md,codex/environment/bookmarks/Bookmark Notes/Web Dev Bookmark Notes,codex,done,
codex/environment/bookmarks/Bookmark Notes/Web Dev Bookmark Notes/Untitled.png,codex/environment/bookmarks/Bookmark Notes/Web Dev Bookmark Notes,codex,skipped,non-text file
codex/environment/bookmarks/Bookmark Notes/Web Dev Bookmark Notes/Web Dev Inspiration.md,codex/environment/bookmarks/Bookmark Notes/Web Dev Bookmark Notes,codex,done,
codex/environment/bookmarks/Bookmark Notes/Web Dev Bookmark Notes/Web Dev Inspiration/02cljpd17u881.jpg,codex/environment/bookmarks/Bookmark Notes/Web Dev Bookmark Notes/Web Dev Inspiration,codex,skipped,non-text file
codex/environment/bookmarks/Bookmark Notes/Web Dev Bookmark Notes/Web Dev Inspiration/04d3372602015f1e41187751a3649e8d.gif,codex/environment/bookmarks/Bookmark Notes/Web Dev Bookmark Notes/Web Dev Inspiration,codex,skipped,non-text file
codex/environment/bookmarks/Bookmark Notes/Web Dev Bookmark Notes/Web Dev Inspiration/187444826_929303444548991_1565082041003477768_n.jpg,codex/environment/bookmarks/Bookmark Notes/Web Dev Bookmark Notes/Web Dev Inspiration,codex,skipped,non-text file
codex/environment/bookmarks/Bookmark Notes/Web Dev Bookmark Notes/Web Dev Inspiration/187444826_929303444548991_1565082041003477768_n_(1).jpg,codex/environment/bookmarks/Bookmark Notes/Web Dev Bookmark Notes/Web Dev Inspiration,codex,skipped,non-text file
codex/environment/bookmarks/Bookmark Notes/Web Dev Bookmark Notes/Web Dev Inspiration/187444826_929303444548991_1565082041003477768_n_(2).jpg,codex/environment/bookmarks/Bookmark Notes/Web Dev Bookmark Notes/Web Dev Inspiration,codex,skipped,non-text file
codex/environment/bookmarks/Bookmark Notes/Web Dev Bookmark Notes/Web Dev Inspiration/Untitled.png,codex/environment/bookmarks/Bookmark Notes/Web Dev Bookmark Notes/Web Dev Inspiration,codex,skipped,non-text file
codex/environment/bookmarks/Bookmark Notes/Web Dev Bookmark Notes/Web Dev Inspiration/em8l6xes4r371.webp,codex/environment/bookmarks/Bookmark Notes/Web Dev Bookmark Notes/Web Dev Inspiration,codex,skipped,non-text file
codex/environment/bookmarks/Bookmark Notes/Web Dev Bookmark Notes/Web Dev Inspiration/mountains-minimalism-forest-firewatch-wallpaper-preview.jpg,codex/environment/bookmarks/Bookmark Notes/Web Dev Bookmark Notes/Web Dev Inspiration,codex,skipped,non-text file
codex/environment/bookmarks/Bookmark Notes/Tech Bookmark Notes/58453640_453502831858035_4877888115738546230_n.jpg,codex/environment/bookmarks/Bookmark Notes/Tech Bookmark Notes,codex,skipped,non-text file
"codex/environment/bookmarks/Bookmark Notes/Spiritual, Mental, and Emotional Bookmark Notes/129 Morning Rituals.md","codex/environment/bookmarks/Bookmark Notes/Spiritual, Mental, and Emotional Bookmark Notes",codex,done,
"codex/environment/bookmarks/Bookmark Notes/Spiritual, Mental, and Emotional Bookmark Notes/16 signs you are an anxious depressive.md","codex/environment/bookmarks/Bookmark Notes/Spiritual, Mental, and Emotional Bookmark Notes",codex,done,
"codex/environment/bookmarks/Bookmark Notes/Spiritual, Mental, and Emotional Bookmark Notes/20 Principles for gaining discipline.md","codex/environment/bookmarks/Bookmark Notes/Spiritual, Mental, and Emotional Bookmark Notes",codex,done,
"codex/environment/bookmarks/Bookmark Notes/Spiritual, Mental, and Emotional Bookmark Notes/253773241_428721128661836_527376655186248521_n.jpg","codex/environment/bookmarks/Bookmark Notes/Spiritual, Mental, and Emotional Bookmark Notes",codex,skipped,non-text file
"codex/environment/bookmarks/Bookmark Notes/Spiritual, Mental, and Emotional Bookmark Notes/30 day reboot.md","codex/environment/bookmarks/Bookmark Notes/Spiritual, Mental, and Emotional Bookmark Notes",codex,done,
"codex/environment/bookmarks/Bookmark Notes/Spiritual, Mental, and Emotional Bookmark Notes/Anxiety - an Overview and ways to treat it.md","codex/environment/bookmarks/Bookmark Notes/Spiritual, Mental, and Emotional Bookmark Notes",codex,done,
"codex/environment/bookmarks/Bookmark Notes/Spiritual, Mental, and Emotional Bookmark Notes/Capitalism.md","codex/environment/bookmarks/Bookmark Notes/Spiritual, Mental, and Emotional Bookmark Notes",codex,done,
"codex/environment/bookmarks/Bookmark Notes/Spiritual, Mental, and Emotional Bookmark Notes/Carl Sagan.md","codex/environment/bookmarks/Bookmark Notes/Spiritual, Mental, and Emotional Bookmark Notes",codex,done,
"codex/environment/bookmarks/Bookmark Notes/Spiritual, Mental, and Emotional Bookmark Notes/Christianity and My father.md","codex/environment/bookmarks/Bookmark Notes/Spiritual, Mental, and Emotional Bookmark Notes",codex,done,
"codex/environment/bookmarks/Bookmark Notes/Spiritual, Mental, and Emotional Bookmark Notes/Discipline Podcasts.md","codex/environment/bookmarks/Bookmark Notes/Spiritual, Mental, and Emotional Bookmark Notes",codex,done,
"codex/environment/bookmarks/Bookmark Notes/Spiritual, Mental, and Emotional Bookmark Notes/Dr Peebles.md","codex/environment/bookmarks/Bookmark Notes/Spiritual, Mental, and Emotional Bookmark Notes",codex,done,
"codex/environment/bookmarks/Bookmark Notes/Spiritual, Mental, and Emotional Bookmark Notes/Economic Inequality Argument.md","codex/environment/bookmarks/Bookmark Notes/Spiritual, Mental, and Emotional Bookmark Notes",codex,done,
"codex/environment/bookmarks/Bookmark Notes/Spiritual, Mental, and Emotional Bookmark Notes/Fascism.md","codex/environment/bookmarks/Bookmark Notes/Spiritual, Mental, and Emotional Bookmark Notes",codex,done,
"codex/environment/bookmarks/Bookmark Notes/Spiritual, Mental, and Emotional Bookmark Notes/John Brown Brown.md","codex/environment/bookmarks/Bookmark Notes/Spiritual, Mental, and Emotional Bookmark Notes",codex,done,
"codex/environment/bookmarks/Bookmark Notes/Spiritual, Mental, and Emotional Bookmark Notes/Life changing books according to a stanford happin.md","codex/environment/bookmarks/Bookmark Notes/Spiritual, Mental, and Emotional Bookmark Notes",codex,done,
"codex/environment/bookmarks/Bookmark Notes/Spiritual, Mental, and Emotional Bookmark Notes/MLK.md","codex/environment/bookmarks/Bookmark Notes/Spiritual, Mental, and Emotional Bookmark Notes",codex,done,
"codex/environment/bookmarks/Bookmark Notes/Spiritual, Mental, and Emotional Bookmark Notes/Minimum Rules of discipline.md","codex/environment/bookmarks/Bookmark Notes/Spiritual, Mental, and Emotional Bookmark Notes",codex,done,
"codex/environment/bookmarks/Bookmark Notes/Spiritual, Mental, and Emotional Bookmark Notes/Podcasts that produce growth.md","codex/environment/bookmarks/Bookmark Notes/Spiritual, Mental, and Emotional Bookmark Notes",codex,done,
"codex/environment/bookmarks/Bookmark Notes/Spiritual, Mental, and Emotional Bookmark Notes/Productivity Sheet.md","codex/environment/bookmarks/Bookmark Notes/Spiritual, Mental, and Emotional Bookmark Notes",codex,done,
"codex/environment/bookmarks/Bookmark Notes/Spiritual, Mental, and Emotional Bookmark Notes/Setting one goal (1).md","codex/environment/bookmarks/Bookmark Notes/Spiritual, Mental, and Emotional Bookmark Notes",codex,done,
"codex/environment/bookmarks/Bookmark Notes/Spiritual, Mental, and Emotional Bookmark Notes/Sleep.md","codex/environment/bookmarks/Bookmark Notes/Spiritual, Mental, and Emotional Bookmark Notes",codex,done,
"codex/environment/bookmarks/Bookmark Notes/Spiritual, Mental, and Emotional Bookmark Notes/Summary of Atomic Habits.md","codex/environment/bookmarks/Bookmark Notes/Spiritual, Mental, and Emotional Bookmark Notes",codex,done,
"codex/environment/bookmarks/Bookmark Notes/Spiritual, Mental, and Emotional Bookmark Notes/Ted talks that changed your life.md","codex/environment/bookmarks/Bookmark Notes/Spiritual, Mental, and Emotional Bookmark Notes",codex,done,
"codex/environment/bookmarks/Bookmark Notes/Spiritual, Mental, and Emotional Bookmark Notes/The Shopping Car Theory.md","codex/environment/bookmarks/Bookmark Notes/Spiritual, Mental, and Emotional Bookmark Notes",codex,done,
"codex/environment/bookmarks/Bookmark Notes/Spiritual, Mental, and Emotional Bookmark Notes/To Be Poem.md","codex/environment/bookmarks/Bookmark Notes/Spiritual, Mental, and Emotional Bookmark Notes",codex,done,
"codex/environment/bookmarks/Bookmark Notes/Spiritual, Mental, and Emotional Bookmark Notes/Treating depression with Psychodelics.md","codex/environment/bookmarks/Bookmark Notes/Spiritual, Mental, and Emotional Bookmark Notes",codex,done,
"codex/environment/bookmarks/Bookmark Notes/Spiritual, Mental, and Emotional Bookmark Notes/What is spirituality.md","codex/environment/bookmarks/Bookmark Notes/Spiritual, Mental, and Emotional Bookmark Notes",codex,done,
"codex/environment/bookmarks/Bookmark Notes/Spiritual, Mental, and Emotional Bookmark Notes/MLK 4544188c821d49f997effa529d0544e2/Untitled.png","codex/environment/bookmarks/Bookmark Notes/Spiritual, Mental, and Emotional Bookmark Notes/MLK 4544188c821d49f997effa529d0544e2",codex,skipped,non-text file
"codex/environment/bookmarks/Bookmark Notes/Spiritual, Mental, and Emotional Bookmark Notes/Productivity Sheet/Untitled.png","codex/environment/bookmarks/Bookmark Notes/Spiritual, Mental, and Emotional Bookmark Notes/Productivity Sheet",codex,skipped,non-text file
"codex/environment/bookmarks/Bookmark Notes/Spiritual, Mental, and Emotional Bookmark Notes/John Brown Brown/Untitled.png","codex/environment/bookmarks/Bookmark Notes/Spiritual, Mental, and Emotional Bookmark Notes/John Brown Brown",codex,skipped,non-text file
"codex/environment/bookmarks/Bookmark Notes/Spiritual, Mental, and Emotional Bookmark Notes/Sleep/Untitled.png","codex/environment/bookmarks/Bookmark Notes/Spiritual, Mental, and Emotional Bookmark Notes/Sleep",codex,skipped,non-text file
"codex/environment/bookmarks/Bookmark Notes/Spiritual, Mental, and Emotional Bookmark Notes/Fascism/14 Fascism common features.md","codex/environment/bookmarks/Bookmark Notes/Spiritual, Mental, and Emotional Bookmark Notes/Fascism",codex,done,
"codex/environment/bookmarks/Bookmark Notes/Spiritual, Mental, and Emotional Bookmark Notes/Fascism/dxxcrw8k3yx61.jpg","codex/environment/bookmarks/Bookmark Notes/Spiritual, Mental, and Emotional Bookmark Notes/Fascism",codex,skipped,non-text file
"codex/environment/bookmarks/Bookmark Notes/Spiritual, Mental, and Emotional Bookmark Notes/Fascism/14 Fascism common features/Untitled.png","codex/environment/bookmarks/Bookmark Notes/Spiritual, Mental, and Emotional Bookmark Notes/Fascism/14 Fascism common features",codex,skipped,non-text file
"codex/environment/bookmarks/Bookmark Notes/Spiritual, Mental, and Emotional Bookmark Notes/Ted talks that changed your life/Power of vulnerability notes.md","codex/environment/bookmarks/Bookmark Notes/Spiritual, Mental, and Emotional Bookmark Notes/Ted talks that changed your life",codex,done,
"codex/environment/bookmarks/Bookmark Notes/Spiritual, Mental, and Emotional Bookmark Notes/Capitalism/Untitled.png","codex/environment/bookmarks/Bookmark Notes/Spiritual, Mental, and Emotional Bookmark Notes/Capitalism",codex,skipped,non-text file
"codex/environment/bookmarks/Bookmark Notes/Spiritual, Mental, and Emotional Bookmark Notes/The Shopping Car Theory/Untitled 1.png","codex/environment/bookmarks/Bookmark Notes/Spiritual, Mental, and Emotional Bookmark Notes/The Shopping Car Theory",codex,skipped,non-text file
"codex/environment/bookmarks/Bookmark Notes/Spiritual, Mental, and Emotional Bookmark Notes/The Shopping Car Theory/Untitled.png","codex/environment/bookmarks/Bookmark Notes/Spiritual, Mental, and Emotional Bookmark Notes/The Shopping Car Theory",codex,skipped,non-text file
"codex/environment/bookmarks/Bookmark Notes/Spiritual, Mental, and Emotional Bookmark Notes/Christianity and My father/Untitled.png","codex/environment/bookmarks/Bookmark Notes/Spiritual, Mental, and Emotional Bookmark Notes/Christianity and My father",codex,skipped,non-text file
codex/environment/bookmarks/Bookmark Notes/Writing Bookmark Notes/6k7xgsvcvy561.webp,codex/environment/bookmarks/Bookmark Notes/Writing Bookmark Notes,codex,skipped,non-text file
codex/environment/bookmarks/Bookmark Notes/Writing Bookmark Notes/Am I right for Story Writing classes.md,codex/environment/bookmarks/Bookmark Notes/Writing Bookmark Notes,codex,done,
codex/environment/bookmarks/Bookmark Notes/Writing Bookmark Notes/Breaking Bad’s Dan Harmon story circle.md,codex/environment/bookmarks/Bookmark Notes/Writing Bookmark Notes,codex,done,
codex/environment/bookmarks/Bookmark Notes/Writing Bookmark Notes/Heroes Journey.md,codex/environment/bookmarks/Bookmark Notes/Writing Bookmark Notes,codex,done,
codex/environment/bookmarks/Bookmark Notes/Writing Bookmark Notes/Why am I terrible at explaining things clearly.md,codex/environment/bookmarks/Bookmark Notes/Writing Bookmark Notes,codex,done,
codex/environment/bookmarks/Bookmark Notes/Writing Bookmark Notes/Heroes Journey/s6kt7dyn3dt41.png,codex/environment/bookmarks/Bookmark Notes/Writing Bookmark Notes/Heroes Journey,codex,skipped,non-text file
codex/environment/bookmarks/Bookmark Notes/Writing Bookmark Notes/Breaking Bad’s Dan Harmon story circle/6OOIvlt_d.webp,codex/environment/bookmarks/Bookmark Notes/Writing Bookmark Notes/Breaking Bad’s Dan Harmon story circle,codex,skipped,non-text file
codex/environment/bookmarks/Bookmark Notes/Writing Bookmark Notes/Breaking Bad’s Dan Harmon story circle/Jyf15ro_d.webp,codex/environment/bookmarks/Bookmark Notes/Writing Bookmark Notes/Breaking Bad’s Dan Harmon story circle,codex,skipped,non-text file
codex/environment/bookmarks/Bookmark Notes/Writing Bookmark Notes/Breaking Bad’s Dan Harmon story circle/MIpQHqi_d.webp,codex/environment/bookmarks/Bookmark Notes/Writing Bookmark Notes/Breaking Bad’s Dan Harmon story circle,codex,skipped,non-text file
codex/environment/bookmarks/Bookmark Notes/Writing Bookmark Notes/Breaking Bad’s Dan Harmon story circle/SlHktXi_d.webp,codex/environment/bookmarks/Bookmark Notes/Writing Bookmark Notes/Breaking Bad’s Dan Harmon story circle,codex,skipped,non-text file
codex/environment/bookmarks/Bookmark Notes/Writing Bookmark Notes/Breaking Bad’s Dan Harmon story circle/cTsMr41_d.webp,codex/environment/bookmarks/Bookmark Notes/Writing Bookmark Notes/Breaking Bad’s Dan Harmon story circle,codex,skipped,non-text file
codex/environment/bookmarks/Bookmark Notes/Writing Bookmark Notes/Breaking Bad’s Dan Harmon story circle/dYa5iQX_d.webp,codex/environment/bookmarks/Bookmark Notes/Writing Bookmark Notes/Breaking Bad’s Dan Harmon story circle,codex,skipped,non-text file
codex/environment/bookmarks/Bookmark Notes/Writing Bookmark Notes/Breaking Bad’s Dan Harmon story circle/pC7uqzL_d.webp,codex/environment/bookmarks/Bookmark Notes/Writing Bookmark Notes/Breaking Bad’s Dan Harmon story circle,codex,skipped,non-text file
codex/environment/bookmarks/Bookmark Notes/Writing Bookmark Notes/Breaking Bad’s Dan Harmon story circle/vhPzEoS_d.webp,codex/environment/bookmarks/Bookmark Notes/Writing Bookmark Notes/Breaking Bad’s Dan Harmon story circle,codex,skipped,non-text file
codex/environment/bookmarks/Bookmark Notes/Writing Bookmark Notes/Breaking Bad’s Dan Harmon story circle/w1Q3CRg_d.webp,codex/environment/bookmarks/Bookmark Notes/Writing Bookmark Notes/Breaking Bad’s Dan Harmon story circle,codex,skipped,non-text file
codex/environment/bookmarks/Bookmark Notes/Martial Arts Bookmark Notes/Daoist Breathing Techniques.md,codex/environment/bookmarks/Bookmark Notes/Martial Arts Bookmark Notes,codex,done,
codex/environment/bookmarks/Bookmark Notes/Martial Arts Bookmark Notes/Gu Ru Zhang.md,codex/environment/bookmarks/Bookmark Notes/Martial Arts Bookmark Notes,codex,done,
codex/environment/bookmarks/Bookmark Notes/Martial Arts Bookmark Notes/Laoshu.md,codex/environment/bookmarks/Bookmark Notes/Martial Arts Bookmark Notes,codex,done,
codex/environment/bookmarks/Bookmark Notes/Skoolie Bookmark Notes/vhmjuzvy2ti41.webp,codex/environment/bookmarks/Bookmark Notes/Skoolie Bookmark Notes,codex,skipped,non-text file
codex/environment/bookmarks/Bookmark Notes/Bettering myself Bookmark Notes/Books to help with problem solving.md,codex/environment/bookmarks/Bookmark Notes/Bettering myself Bookmark Notes,codex,done,
codex/environment/bookmarks/Bookmark Notes/Bettering myself Bookmark Notes/Clan of the Cave Bear by Jean M Auel.md,codex/environment/bookmarks/Bookmark Notes/Bettering myself Bookmark Notes,codex,done,
"codex/environment/bookmarks/Bookmark Notes/Bettering myself Bookmark Notes/Fear Is Holding You Back, This Is How To Disciplin.md",codex/environment/bookmarks/Bookmark Notes/Bettering myself Bookmark Notes,codex,done,
codex/environment/bookmarks/Bookmark Notes/Bettering myself Bookmark Notes/How to find your life’s purpose.md,codex/environment/bookmarks/Bookmark Notes/Bettering myself Bookmark Notes,codex,done,
codex/environment/bookmarks/Bookmark Notes/Bettering myself Bookmark Notes/Learning resources.md,codex/environment/bookmarks/Bookmark Notes/Bettering myself Bookmark Notes,codex,done,
codex/environment/bookmarks/Bookmark Notes/Bettering myself Bookmark Notes/Personal Finance flowchart.md,codex/environment/bookmarks/Bookmark Notes/Bettering myself Bookmark Notes,codex,done,
codex/environment/bookmarks/Bookmark Notes/Bettering myself Bookmark Notes/Signs of a smart person.md,codex/environment/bookmarks/Bookmark Notes/Bettering myself Bookmark Notes,codex,done,
codex/environment/bookmarks/Bookmark Notes/Bettering myself Bookmark Notes/The Life Building Method.md,codex/environment/bookmarks/Bookmark Notes/Bettering myself Bookmark Notes,codex,done,
codex/environment/bookmarks/Bookmark Notes/Bettering myself Bookmark Notes/The Manifesto Method aka how I stopped thinking an.md,codex/environment/bookmarks/Bookmark Notes/Bettering myself Bookmark Notes,codex,done,
codex/environment/bookmarks/Bookmark Notes/Bettering myself Bookmark Notes/The Socratic Method.md,codex/environment/bookmarks/Bookmark Notes/Bettering myself Bookmark Notes,codex,done,
codex/environment/bookmarks/Bookmark Notes/Bettering myself Bookmark Notes/Untitled.png,codex/environment/bookmarks/Bookmark Notes/Bettering myself Bookmark Notes,codex,skipped,non-text file
codex/environment/bookmarks/Bookmark Notes/Bettering myself Bookmark Notes/Personal Finance flowchart/Untitled.png,codex/environment/bookmarks/Bookmark Notes/Bettering myself Bookmark Notes/Personal Finance flowchart,codex,skipped,non-text file
codex/environment/bookmarks/Bookmark Notes/Science Bookmark Notes/6puq3770cmp41.webp,codex/environment/bookmarks/Bookmark Notes/Science Bookmark Notes,codex,skipped,non-text file
codex/environment/bookmarks/Bookmark Notes/Science Bookmark Notes/AR VR.md,codex/environment/bookmarks/Bookmark Notes/Science Bookmark Notes,codex,done,
codex/environment/bookmarks/Bookmark Notes/Science Bookmark Notes/Climate Change.md,codex/environment/bookmarks/Bookmark Notes/Science Bookmark Notes,codex,done,
codex/environment/bookmarks/Bookmark Notes/Science Bookmark Notes/Cool Gadgets.md,codex/environment/bookmarks/Bookmark Notes/Science Bookmark Notes,codex,done,
codex/environment/bookmarks/Bookmark Notes/Science Bookmark Notes/Lookup.md,codex/environment/bookmarks/Bookmark Notes/Science Bookmark Notes,codex,done,
codex/environment/bookmarks/Bookmark Notes/Science Bookmark Notes/Mind Maps.md,codex/environment/bookmarks/Bookmark Notes/Science Bookmark Notes,codex,done,
codex/environment/bookmarks/Bookmark Notes/Science Bookmark Notes/NASA.md,codex/environment/bookmarks/Bookmark Notes/Science Bookmark Notes,codex,done,
codex/environment/bookmarks/Bookmark Notes/Science Bookmark Notes/Orgs.md,codex/environment/bookmarks/Bookmark Notes/Science Bookmark Notes,codex,done,
codex/environment/bookmarks/Bookmark Notes/Science Bookmark Notes/Space.md,codex/environment/bookmarks/Bookmark Notes/Science Bookmark Notes,codex,done,
codex/environment/bookmarks/Bookmark Notes/Science Bookmark Notes/Tools.md,codex/environment/bookmarks/Bookmark Notes/Science Bookmark Notes,codex,done,
codex/environment/bookmarks/Bookmark Notes/Science Bookmark Notes/Untitled.png,codex/environment/bookmarks/Bookmark Notes/Science Bookmark Notes,codex,skipped,non-text file
codex/environment/bookmarks/Bookmark Notes/Science Bookmark Notes/Warp Drive.md,codex/environment/bookmarks/Bookmark Notes/Science Bookmark Notes,codex,done,
codex/environment/bookmarks/Bookmark Notes/Science Bookmark Notes/What is the smallest matter.md,codex/environment/bookmarks/Bookmark Notes/Science Bookmark Notes,codex,done,
codex/environment/bookmarks/Bookmark Notes/Science Bookmark Notes/ylui3thsq0b81.jpg,codex/environment/bookmarks/Bookmark Notes/Science Bookmark Notes,codex,skipped,non-text file
codex/environment/bookmarks/Bookmark Notes/Philosophy Bookmark Notes/100 rules for a better life.md,codex/environment/bookmarks/Bookmark Notes/Philosophy Bookmark Notes,codex,done,
codex/environment/bookmarks/Bookmark Notes/Philosophy Bookmark Notes/12 questions that can change your life.md,codex/environment/bookmarks/Bookmark Notes/Philosophy Bookmark Notes,codex,done,
codex/environment/bookmarks/Bookmark Notes/Philosophy Bookmark Notes/25j3q7klnli71.webp,codex/environment/bookmarks/Bookmark Notes/Philosophy Bookmark Notes,codex,skipped,non-text file
codex/environment/bookmarks/Bookmark Notes/Philosophy Bookmark Notes/50 Rules for life from Stoics.md,codex/environment/bookmarks/Bookmark Notes/Philosophy Bookmark Notes,codex,done,
codex/environment/bookmarks/Bookmark Notes/Philosophy Bookmark Notes/Alan Watts Series.md,codex/environment/bookmarks/Bookmark Notes/Philosophy Bookmark Notes,codex,done,
codex/environment/bookmarks/Bookmark Notes/Philosophy Bookmark Notes/Atticus Finch was a Stoic.md,codex/environment/bookmarks/Bookmark Notes/Philosophy Bookmark Notes,codex,done,
codex/environment/bookmarks/Bookmark Notes/Philosophy Bookmark Notes/Bernando LaPallos diet - a recipe for a long life.md,codex/environment/bookmarks/Bookmark Notes/Philosophy Bookmark Notes,codex,done,
codex/environment/bookmarks/Bookmark Notes/Philosophy Bookmark Notes/Buddhist monk Thich Nhat Manh.md,codex/environment/bookmarks/Bookmark Notes/Philosophy Bookmark Notes,codex,done,
codex/environment/bookmarks/Bookmark Notes/Philosophy Bookmark Notes/Characteristics of a Stoic sage.md,codex/environment/bookmarks/Bookmark Notes/Philosophy Bookmark Notes,codex,done,
codex/environment/bookmarks/Bookmark Notes/Philosophy Bookmark Notes/Christianity.md,codex/environment/bookmarks/Bookmark Notes/Philosophy Bookmark Notes,codex,done,
codex/environment/bookmarks/Bookmark Notes/Philosophy Bookmark Notes/David Chalmers.md,codex/environment/bookmarks/Bookmark Notes/Philosophy Bookmark Notes,codex,done,
codex/environment/bookmarks/Bookmark Notes/Philosophy Bookmark Notes/Developing an inner locus of control.md,codex/environment/bookmarks/Bookmark Notes/Philosophy Bookmark Notes,codex,done,
codex/environment/bookmarks/Bookmark Notes/Philosophy Bookmark Notes/Einstein’s notes on happiness.md,codex/environment/bookmarks/Bookmark Notes/Philosophy Bookmark Notes,codex,done,
codex/environment/bookmarks/Bookmark Notes/Philosophy Bookmark Notes/Episcopalian.md,codex/environment/bookmarks/Bookmark Notes/Philosophy Bookmark Notes,codex,done,
codex/environment/bookmarks/Bookmark Notes/Philosophy Bookmark Notes/How to keep a stoic journal.md,codex/environment/bookmarks/Bookmark Notes/Philosophy Bookmark Notes,codex,done,
codex/environment/bookmarks/Bookmark Notes/Philosophy Bookmark Notes/Intro resources for philosophy.md,codex/environment/bookmarks/Bookmark Notes/Philosophy Bookmark Notes,codex,done,
codex/environment/bookmarks/Bookmark Notes/Philosophy Bookmark Notes/Noam Chomsky.md,codex/environment/bookmarks/Bookmark Notes/Philosophy Bookmark Notes,codex,done,
codex/environment/bookmarks/Bookmark Notes/Philosophy Bookmark Notes/Simple Tips for Better Brain Health.md,codex/environment/bookmarks/Bookmark Notes/Philosophy Bookmark Notes,codex,done,
codex/environment/bookmarks/Bookmark Notes/Philosophy Bookmark Notes/Stoic Books.md,codex/environment/bookmarks/Bookmark Notes/Philosophy Bookmark Notes,codex,done,
codex/environment/bookmarks/Bookmark Notes/Philosophy Bookmark Notes/Stoic Glossary.md,codex/environment/bookmarks/Bookmark Notes/Philosophy Bookmark Notes,codex,done,
codex/environment/bookmarks/Bookmark Notes/Philosophy Bookmark Notes/Stoic cheat sheet.md,codex/environment/bookmarks/Bookmark Notes/Philosophy Bookmark Notes,codex,done,
codex/environment/bookmarks/Bookmark Notes/Philosophy Bookmark Notes/Stoicism on Anger.md,codex/environment/bookmarks/Bookmark Notes/Philosophy Bookmark Notes,codex,done,
codex/environment/bookmarks/Bookmark Notes/Philosophy Bookmark Notes/Taoism.md,codex/environment/bookmarks/Bookmark Notes/Philosophy Bookmark Notes,codex,done,
codex/environment/bookmarks/Bookmark Notes/Philosophy Bookmark Notes/The 3 Skills That Completely Change Your Social Li.md,codex/environment/bookmarks/Bookmark Notes/Philosophy Bookmark Notes,codex,done,
codex/environment/bookmarks/Bookmark Notes/Philosophy Bookmark Notes/Thomas Jefferson and his Bible.md,codex/environment/bookmarks/Bookmark Notes/Philosophy Bookmark Notes,codex,done,
codex/environment/bookmarks/Bookmark Notes/Philosophy Bookmark Notes/What Stoics can teach us about mental health.md,codex/environment/bookmarks/Bookmark Notes/Philosophy Bookmark Notes,codex,done,
codex/environment/bookmarks/Bookmark Notes/Philosophy Bookmark Notes/What are my philosophies.md,codex/environment/bookmarks/Bookmark Notes/Philosophy Bookmark Notes,codex,done,
codex/environment/bookmarks/Bookmark Notes/Philosophy Bookmark Notes/What is stoicism and how to apply it.md,codex/environment/bookmarks/Bookmark Notes/Philosophy Bookmark Notes,codex,done,
codex/environment/bookmarks/Bookmark Notes/Philosophy Bookmark Notes/What is the internal locus of control.md,codex/environment/bookmarks/Bookmark Notes/Philosophy Bookmark Notes,codex,done,
codex/environment/bookmarks/Bookmark Notes/Philosophy Bookmark Notes/How to keep a stoic journal/Untitled Database ece77fccb34c408587665cf8a1fca4cc.csv,codex/environment/bookmarks/Bookmark Notes/Philosophy Bookmark Notes/How to keep a stoic journal,codex,skipped,non-text file
codex/environment/bookmarks/Bookmark Notes/Philosophy Bookmark Notes/How to keep a stoic journal/Untitled Database/Epictetus.md,codex/environment/bookmarks/Bookmark Notes/Philosophy Bookmark Notes/How to keep a stoic journal/Untitled Database,codex,done,
codex/environment/bookmarks/Bookmark Notes/Philosophy Bookmark Notes/How to keep a stoic journal/Untitled Database/Marcus Aurelius.md,codex/environment/bookmarks/Bookmark Notes/Philosophy Bookmark Notes/How to keep a stoic journal/Untitled Database,codex,done,
codex/environment/bookmarks/Bookmark Notes/Philosophy Bookmark Notes/How to keep a stoic journal/Untitled Database/Seneca The Younger.md,codex/environment/bookmarks/Bookmark Notes/Philosophy Bookmark Notes/How to keep a stoic journal/Untitled Database,codex,done,
codex/environment/bookmarks/Bookmark Notes/Philosophy Bookmark Notes/Buddhist monk Thich Nhat Manh/Untitled.png,codex/environment/bookmarks/Bookmark Notes/Philosophy Bookmark Notes/Buddhist monk Thich Nhat Manh,codex,skipped,non-text file
codex/environment/bookmarks/Bookmark Notes/Philosophy Bookmark Notes/Characteristics of a Stoic sage/Untitled.png,codex/environment/bookmarks/Bookmark Notes/Philosophy Bookmark Notes/Characteristics of a Stoic sage,codex,skipped,non-text file
codex/environment/bookmarks/Bookmark Notes/Political Bookmark Notes/Boomers.md,codex/environment/bookmarks/Bookmark Notes/Political Bookmark Notes,codex,done,
codex/environment/bookmarks/Bookmark Notes/Political Bookmark Notes/Capitalism.md,codex/environment/bookmarks/Bookmark Notes/Political Bookmark Notes,codex,done,
codex/environment/bookmarks/Bookmark Notes/Political Bookmark Notes/Conservative world view.md,codex/environment/bookmarks/Bookmark Notes/Political Bookmark Notes,codex,done,
codex/environment/bookmarks/Bookmark Notes/Political Bookmark Notes/Conspiracy Defense.md,codex/environment/bookmarks/Bookmark Notes/Political Bookmark Notes,codex,done,
codex/environment/bookmarks/Bookmark Notes/Political Bookmark Notes/Covid.md,codex/environment/bookmarks/Bookmark Notes/Political Bookmark Notes,codex,done,
codex/environment/bookmarks/Bookmark Notes/Political Bookmark Notes/Evangelical.md,codex/environment/bookmarks/Bookmark Notes/Political Bookmark Notes,codex,done,
codex/environment/bookmarks/Bookmark Notes/Political Bookmark Notes/Fascism.md,codex/environment/bookmarks/Bookmark Notes/Political Bookmark Notes,codex,done,
codex/environment/bookmarks/Bookmark Notes/Political Bookmark Notes/Fighting back.md,codex/environment/bookmarks/Bookmark Notes/Political Bookmark Notes,codex,done,
codex/environment/bookmarks/Bookmark Notes/Political Bookmark Notes/Importance of Education from our founding fathers.md,codex/environment/bookmarks/Bookmark Notes/Political Bookmark Notes,codex,done,
codex/environment/bookmarks/Bookmark Notes/Political Bookmark Notes/Media.md,codex/environment/bookmarks/Bookmark Notes/Political Bookmark Notes,codex,done,
codex/environment/bookmarks/Bookmark Notes/Political Bookmark Notes/Misinformation.md,codex/environment/bookmarks/Bookmark Notes/Political Bookmark Notes,codex,done,
codex/environment/bookmarks/Bookmark Notes/Political Bookmark Notes/Money.md,codex/environment/bookmarks/Bookmark Notes/Political Bookmark Notes,codex,done,
codex/environment/bookmarks/Bookmark Notes/Political Bookmark Notes/Socialism.md,codex/environment/bookmarks/Bookmark Notes/Political Bookmark Notes,codex,done,
codex/environment/bookmarks/Bookmark Notes/Political Bookmark Notes/Student Loans.md,codex/environment/bookmarks/Bookmark Notes/Political Bookmark Notes,codex,done,
codex/environment/bookmarks/Bookmark Notes/Political Bookmark Notes/The Final Speech from The Great Dictator.md,codex/environment/bookmarks/Bookmark Notes/Political Bookmark Notes,codex,done,
codex/environment/bookmarks/Bookmark Notes/Political Bookmark Notes/The Police.md,codex/environment/bookmarks/Bookmark Notes/Political Bookmark Notes,codex,done,
codex/environment/bookmarks/Bookmark Notes/Political Bookmark Notes/The Theory of Justice.md,codex/environment/bookmarks/Bookmark Notes/Political Bookmark Notes,codex,done,
codex/environment/bookmarks/Bookmark Notes/Political Bookmark Notes/The middle ground falacy.md,codex/environment/bookmarks/Bookmark Notes/Political Bookmark Notes,codex,done,
codex/environment/bookmarks/Bookmark Notes/Political Bookmark Notes/Trump.md,codex/environment/bookmarks/Bookmark Notes/Political Bookmark Notes,codex,done,
codex/environment/bookmarks/Bookmark Notes/Political Bookmark Notes/Was politics always like this.md,codex/environment/bookmarks/Bookmark Notes/Political Bookmark Notes,codex,done,
codex/environment/bookmarks/Bookmark Notes/Political Bookmark Notes/Worker Reform.md,codex/environment/bookmarks/Bookmark Notes/Political Bookmark Notes,codex,done,
codex/environment/bookmarks/Bookmark Notes/Political Bookmark Notes/qarjcjj4odm61.jpg,codex/environment/bookmarks/Bookmark Notes/Political Bookmark Notes,codex,skipped,non-text file
codex/environment/bookmarks/Bookmark Notes/Political Bookmark Notes/The Police/Untitled.png,codex/environment/bookmarks/Bookmark Notes/Political Bookmark Notes/The Police,codex,skipped,non-text file
codex/environment/bookmarks/Bookmark Notes/Political Bookmark Notes/Covid/Untitled.png,codex/environment/bookmarks/Bookmark Notes/Political Bookmark Notes/Covid,codex,skipped,non-text file
codex/environment/bookmarks/Bookmark Notes/Political Bookmark Notes/Worker Reform/Examples of Bad Employers.md,codex/environment/bookmarks/Bookmark Notes/Political Bookmark Notes/Worker Reform,codex,done,
codex/environment/bookmarks/Bookmark Notes/Political Bookmark Notes/Worker Reform/FnFfTi0ZJ6-Bb-rktYyH0mMJD3qRh060ONkZEj1dvKM.webp,codex/environment/bookmarks/Bookmark Notes/Political Bookmark Notes/Worker Reform,codex,skipped,non-text file
codex/environment/bookmarks/Bookmark Notes/Political Bookmark Notes/Worker Reform/Laws to protect workers.md,codex/environment/bookmarks/Bookmark Notes/Political Bookmark Notes/Worker Reform,codex,done,
codex/environment/bookmarks/Bookmark Notes/Political Bookmark Notes/Worker Reform/Examples of Bad Employers/3zs23c7ef0g81.jpg,codex/environment/bookmarks/Bookmark Notes/Political Bookmark Notes/Worker Reform/Examples of Bad Employers,codex,skipped,non-text file
codex/environment/bookmarks/Bookmark Notes/Political Bookmark Notes/Conservative world view/EvhGJdb_d.webp,codex/environment/bookmarks/Bookmark Notes/Political Bookmark Notes/Conservative world view,codex,skipped,non-text file
codex/environment/bookmarks/Bookmark Notes/Political Bookmark Notes/Misinformation/nyvw6qh51lx61.webp,codex/environment/bookmarks/Bookmark Notes/Political Bookmark Notes/Misinformation,codex,skipped,non-text file
codex/environment/bookmarks/Bookmark Notes/Political Bookmark Notes/Socialism/Bernie Sanders.md,codex/environment/bookmarks/Bookmark Notes/Political Bookmark Notes/Socialism,codex,done,
codex/environment/bookmarks/Bookmark Notes/Political Bookmark Notes/Socialism/Untitled.png,codex/environment/bookmarks/Bookmark Notes/Political Bookmark Notes/Socialism,codex,skipped,non-text file
codex/environment/bookmarks/Bookmark Notes/Political Bookmark Notes/Socialism/Bernie Sanders/Untitled.png,codex/environment/bookmarks/Bookmark Notes/Political Bookmark Notes/Socialism/Bernie Sanders,codex,skipped,non-text file
codex/environment/bookmarks/Bookmark Notes/Political Bookmark Notes/Socialism/Bernie Sanders/y9ljm2deq3j41.webp,codex/environment/bookmarks/Bookmark Notes/Political Bookmark Notes/Socialism/Bernie Sanders,codex,skipped,non-text file
codex/environment/bookmarks/Bookmark Notes/Political Bookmark Notes/Capitalism/Untitled.png,codex/environment/bookmarks/Bookmark Notes/Political Bookmark Notes/Capitalism,codex,skipped,non-text file
codex/environment/bookmarks/Bookmark Notes/Political Bookmark Notes/Capitalism/Ursula Le Guin.md,codex/environment/bookmarks/Bookmark Notes/Political Bookmark Notes/Capitalism,codex,done,
codex/environment/bookmarks/Bookmark Notes/Political Bookmark Notes/Evangelical/Untitled 1.png,codex/environment/bookmarks/Bookmark Notes/Political Bookmark Notes/Evangelical,codex,skipped,non-text file
codex/environment/bookmarks/Bookmark Notes/Political Bookmark Notes/Evangelical/Untitled.png,codex/environment/bookmarks/Bookmark Notes/Political Bookmark Notes/Evangelical,codex,skipped,non-text file
codex/environment/bookmarks/Bookmark Notes/Political Bookmark Notes/Evangelical/njh4d6lokdv61.jpg,codex/environment/bookmarks/Bookmark Notes/Political Bookmark Notes/Evangelical,codex,skipped,non-text file
codex/environment/bookmarks/Bookmark Notes/Political Bookmark Notes/Conspiracy Defense/ma1m1mwdqib61.jpg,codex/environment/bookmarks/Bookmark Notes/Political Bookmark Notes/Conspiracy Defense,codex,skipped,non-text file
codex/environment/bookmarks/bookmarks/Rejection Sensitive Dysphoria (RSD)  Symptoms & Treatment.txt,codex/environment/bookmarks/bookmarks,codex,done,
codex/misc/idk 1.md,codex/misc,codex,done,
codex/misc/idk.md,codex/misc,codex,done,
codex/misc/random 1.md,codex/misc,codex,done,
codex/misc/random.md,codex/misc,codex,done,
